#pragma once

// Data courtesy of J. Seigle @ Allen Institute
// 1 second of data from a single electrode on neuropixels 2.0 probe.

#define SPIKES_LENGTH 30000
#define SPIKES_SAMP_PERIOD_USEC 33

static const uint16_t SPIKESLF[30000] = {
   0x810b, 0x80af, 0x8072, 0x8062, 0x8090, 0x8062, 0x8053, 0x8072, 0x8062,
   0x7ff7, 0x8034, 0x80fc, 0x80dd, 0x80fc, 0x8081, 0x8006, 0x7f9b, 0x7fc9,
   0x7fe8, 0x8053, 0x80af, 0x80af, 0x8062, 0x8006, 0x7fba, 0x7f11, 0x7f8c,
   0x7fe8, 0x7fc9, 0x7f8c, 0x7f8c, 0x7ee3, 0x7eb5, 0x7f30, 0x7f20, 0x7faa,
   0x7fd8, 0x7faa, 0x7fba, 0x7ff7, 0x8006, 0x8044, 0x8016, 0x8062, 0x8006,
   0x8044, 0x8034, 0x8006, 0x7fc9, 0x7ff7, 0x8006, 0x8025, 0x7faa, 0x7ff7,
   0x8062, 0x8053, 0x8006, 0x8006, 0x8006, 0x8034, 0x80ce, 0x812a, 0x80be,
   0x80af, 0x8053, 0x8053, 0x8016, 0x7f9b, 0x7faa, 0x7ff7, 0x7fba, 0x7f6d,
   0x7fba, 0x8025, 0x8044, 0x8062, 0x8006, 0x8044, 0x7fd8, 0x7f8c, 0x7fe8,
   0x7f9b, 0x7f5e, 0x7f8c, 0x7fe8, 0x8044, 0x8072, 0x8072, 0x8072, 0x80a0,
   0x8044, 0x7fe8, 0x7fba, 0x8006, 0x8072, 0x8053, 0x7fe8, 0x8006, 0x7ff7,
   0x7fba, 0x7faa, 0x7fc9, 0x8006, 0x7faa, 0x7ff7, 0x7f6d, 0x7fd8, 0x7fd8,
   0x7f8c, 0x7f4e, 0x7f5e, 0x7faa, 0x7f9b, 0x7fc9, 0x7fe8, 0x7ff7, 0x8034,
   0x8006, 0x7fba, 0x7fd8, 0x7fe8, 0x8044, 0x8034, 0x7fd8, 0x7fe8, 0x7ff7,
   0x8044, 0x80be, 0x8034, 0x8006, 0x7faa, 0x7f5e, 0x7ec4, 0x7f8c, 0x7fba,
   0x7fd8, 0x8053, 0x8072, 0x8044, 0x7fe8, 0x7fe8, 0x7ff7, 0x7fe8, 0x7f9b,
   0x8016, 0x8034, 0x7ff7, 0x8025, 0x8053, 0x7fe8, 0x7f7c, 0x7f30, 0x7f30,
   0x7f02, 0x7f11, 0x7fe8, 0x8034, 0x8025, 0x8044, 0x8006, 0x8034, 0x80af,
   0x80a0, 0x8053, 0x8025, 0x7fe8, 0x8016, 0x8062, 0x8081, 0x80af, 0x8053,
   0x8044, 0x7fd8, 0x7fba, 0x7ec4, 0x7ec4, 0x7eb5, 0x7f9b, 0x7faa, 0x7fc9,
   0x7fd8, 0x8062, 0x8053, 0x8034, 0x8006, 0x8006, 0x7fc9, 0x8006, 0x8034,
   0x8072, 0x8090, 0x7ff7, 0x7f3f, 0x7f5e, 0x7ef2, 0x7f8c, 0x7fba, 0x7fd8,
   0x7fba, 0x8016, 0x8016, 0x8006, 0x8081, 0x8044, 0x8016, 0x8062, 0x7fd8,
   0x7fd8, 0x7ff7, 0x7f9b, 0x7f8c, 0x7fc9, 0x7fc9, 0x7ff7, 0x7faa, 0x7f11,
   0x7fc9, 0x8025, 0x7ff7, 0x8016, 0x7f4e, 0x7f5e, 0x7f9b, 0x7f6d, 0x7ff7,
   0x8044, 0x7ff7, 0x7fe8, 0x7fc9, 0x7fe8, 0x7faa, 0x7f02, 0x7f8c, 0x8016,
   0x8006, 0x8016, 0x8006, 0x7ff7, 0x8072, 0x80be, 0x8090, 0x8006, 0x8081,
   0x80a0, 0x8044, 0x7fba, 0x7ff7, 0x8062, 0x80dd, 0x8072, 0x8053, 0x8006,
   0x7ff7, 0x7f9b, 0x7fba, 0x7fe8, 0x7fba, 0x8006, 0x8016, 0x8006, 0x8006,
   0x8053, 0x80a0, 0x812a, 0x8139, 0x80fc, 0x80ec, 0x8081, 0x8053, 0x8016,
   0x8025, 0x7fba, 0x8025, 0x8016, 0x7ff7, 0x7ff7, 0x8062, 0x8016, 0x7f6d,
   0x7fe8, 0x8006, 0x811a, 0x8139, 0x80af, 0x80dd, 0x80a0, 0x80fc, 0x80be,
   0x7fe8, 0x7ec4, 0x7ee3, 0x7f02, 0x7ed4, 0x7e96, 0x7e78, 0x7ea6, 0x7f11,
   0x7f11, 0x8006, 0x7fd8, 0x7fba, 0x7fd8, 0x7f7c, 0x7fe8, 0x8044, 0x8062,
   0x8006, 0x8053, 0x8090, 0x7f11, 0x7f8c, 0x8006, 0x8044, 0x8072, 0x8025,
   0x7f11, 0x7f7c, 0x7f8c, 0x7fba, 0x8034, 0x80be, 0x8062, 0x80a0, 0x7ff7,
   0x7f9b, 0x7f8c, 0x7ff7, 0x8016, 0x8053, 0x7fd8, 0x8025, 0x8006, 0x7ff7,
   0x8072, 0x80af, 0x8053, 0x8081, 0x80ce, 0x8016, 0x8006, 0x8062, 0x8034,
   0x8044, 0x8006, 0x7fc9, 0x7f5e, 0x7f02, 0x7f6d, 0x8034, 0x8016, 0x7ff7,
   0x8025, 0x8062, 0x8081, 0x8062, 0x8025, 0x7ff7, 0x7f3f, 0x7f7c, 0x7fd8,
   0x7fe8, 0x7faa, 0x7fd8, 0x7fc9, 0x7fd8, 0x7fba, 0x7ff7, 0x7fba, 0x7ec4,
   0x7f02, 0x7ea6, 0x7ec4, 0x7e96, 0x7ec4, 0x7f6d, 0x8006, 0x8034, 0x8081,
   0x8053, 0x8072, 0x8090, 0x80af, 0x8081, 0x8090, 0x80be, 0x80ce, 0x8090,
   0x8006, 0x8006, 0x7fba, 0x7f3f, 0x7f11, 0x7faa, 0x8006, 0x8053, 0x80af,
   0x80be, 0x8081, 0x810b, 0x8072, 0x7ff7, 0x7ff7, 0x8016, 0x8034, 0x8016,
   0x8090, 0x80af, 0x8081, 0x8081, 0x80ce, 0x8090, 0x8062, 0x8034, 0x8034,
   0x7fc9, 0x7ff7, 0x7ff7, 0x7fe8, 0x7ff7, 0x7fc9, 0x7faa, 0x8006, 0x7f9b,
   0x7f6d, 0x7f4e, 0x7fe8, 0x8006, 0x8062, 0x8025, 0x8025, 0x8053, 0x80dd,
   0x80fc, 0x80af, 0x810b, 0x80dd, 0x8025, 0x8006, 0x8081, 0x8053, 0x7ee3,
   0x7e68, 0x7eb5, 0x7ef2, 0x7fe8, 0x8034, 0x8090, 0x8044, 0x8081, 0x8081,
   0x8053, 0x7fd8, 0x7f8c, 0x7faa, 0x7fc9, 0x8025, 0x8025, 0x8006, 0x8044,
   0x7ff7, 0x8062, 0x8072, 0x8053, 0x8072, 0x8072, 0x8006, 0x8072, 0x8053,
   0x8081, 0x8081, 0x8053, 0x7ff7, 0x8062, 0x8053, 0x80af, 0x8081, 0x8062,
   0x8034, 0x8025, 0x8034, 0x8062, 0x8025, 0x7f9b, 0x7f8c, 0x7fd8, 0x7fe8,
   0x8006, 0x8053, 0x8062, 0x8053, 0x7ff7, 0x8062, 0x8034, 0x8053, 0x8034,
   0x8044, 0x8034, 0x8081, 0x8072, 0x8044, 0x7fe8, 0x8025, 0x8062, 0x7fd8,
   0x7f11, 0x7eb5, 0x7ee3, 0x7fc9, 0x8006, 0x8062, 0x8044, 0x8090, 0x8025,
   0x8034, 0x7f9b, 0x7f5e, 0x8006, 0x7ff7, 0x8034, 0x7ff7, 0x7fd8, 0x7fba,
   0x7fd8, 0x8006, 0x7fba, 0x7f6d, 0x7fd8, 0x8025, 0x8062, 0x8053, 0x8053,
   0x7ff7, 0x7f8c, 0x7f5e, 0x7fba, 0x7fe8, 0x8016, 0x80ce, 0x80a0, 0x8062,
   0x8025, 0x8016, 0x7fc9, 0x7ff7, 0x8053, 0x8062, 0x80be, 0x811a, 0x80dd,
   0x80ec, 0x8072, 0x80ec, 0x810b, 0x810b, 0x8053, 0x8016, 0x80a0, 0x80a0,
   0x8062, 0x8025, 0x7fc9, 0x7fe8, 0x8062, 0x8006, 0x8044, 0x80af, 0x811a,
   0x8176, 0x81d2, 0x8081, 0x7f11, 0x7dc0, 0x7e0c, 0x7ec4, 0x7f30, 0x7f3f,
   0x7ee3, 0x7e68, 0x7ed4, 0x7f6d, 0x7ee3, 0x7fc9, 0x7f6d, 0x7ff7, 0x8053,
   0x8016, 0x8044, 0x8016, 0x7f5e, 0x7ef2, 0x7f9b, 0x8034, 0x80a0, 0x8006,
   0x8034, 0x8016, 0x8044, 0x8062, 0x8006, 0x8081, 0x8062, 0x8044, 0x8053,
   0x8090, 0x7fba, 0x7ee3, 0x7f30, 0x7f3f, 0x7fc9, 0x7fba, 0x8006, 0x8062,
   0x8081, 0x80a0, 0x8044, 0x8034, 0x7fba, 0x7fba, 0x8034, 0x8072, 0x8006,
   0x7faa, 0x7fba, 0x7f6d, 0x7ef2, 0x8025, 0x80a0, 0x8081, 0x8034, 0x8016,
   0x80a0, 0x8081, 0x8072, 0x8025, 0x7fd8, 0x8090, 0x8044, 0x8062, 0x8072,
   0x8025, 0x7fc9, 0x7faa, 0x7fba, 0x7f02, 0x7f02, 0x7f6d, 0x7fc9, 0x7fd8,
   0x7fd8, 0x7fd8, 0x7fd8, 0x7ff7, 0x7fe8, 0x7f4e, 0x7faa, 0x8016, 0x8044,
   0x8025, 0x8016, 0x8006, 0x8006, 0x8034, 0x8006, 0x7fc9, 0x7fba, 0x8016,
   0x8016, 0x7ff7, 0x7fc9, 0x8016, 0x8025, 0x8006, 0x8025, 0x8006, 0x7ff7,
   0x7f6d, 0x7f9b, 0x8006, 0x80be, 0x80ce, 0x8090, 0x80a0, 0x80fc, 0x80af,
   0x810b, 0x8072, 0x8006, 0x8006, 0x7fd8, 0x8044, 0x8044, 0x8081, 0x8044,
   0x80fc, 0x8081, 0x8034, 0x8025, 0x8062, 0x7ff7, 0x8025, 0x8025, 0x8006,
   0x8006, 0x7fc9, 0x7f02, 0x7faa, 0x7fc9, 0x7ef2, 0x7f30, 0x7f20, 0x7f4e,
   0x7fba, 0x7fd8, 0x8006, 0x7fe8, 0x7f9b, 0x7fba, 0x7f9b, 0x7ff7, 0x8006,
   0x7fe8, 0x7f9b, 0x8006, 0x7ff7, 0x7faa, 0x7f20, 0x7ee3, 0x7ec4, 0x7f11,
   0x7ef2, 0x7f8c, 0x7f4e, 0x7f30, 0x7fc9, 0x7fc9, 0x7faa, 0x8016, 0x8006,
   0x7ef2, 0x7ec4, 0x7f3f, 0x7fba, 0x7fc9, 0x7fba, 0x7ef2, 0x7ec4, 0x7e78,
   0x7f9b, 0x8016, 0x7f8c, 0x7f5e, 0x8016, 0x8006, 0x8062, 0x8016, 0x7fc9,
   0x7faa, 0x7fc9, 0x7f9b, 0x8044, 0x812a, 0x810b, 0x8090, 0x8062, 0x8072,
   0x8062, 0x80be, 0x80be, 0x8072, 0x8053, 0x8006, 0x8034, 0x8072, 0x8044,
   0x8034, 0x8053, 0x80af, 0x8025, 0x7ff7, 0x8025, 0x8072, 0x8072, 0x8072,
   0x8072, 0x8053, 0x8062, 0x8062, 0x8044, 0x8034, 0x8006, 0x7fc9, 0x8034,
   0x8016, 0x8053, 0x7fe8, 0x7fc9, 0x7f4e, 0x7fc9, 0x8006, 0x80a0, 0x80a0,
   0x8072, 0x8025, 0x8044, 0x8062, 0x8034, 0x7fd8, 0x7faa, 0x7f9b, 0x7fba,
   0x7fe8, 0x8062, 0x8081, 0x8006, 0x7fc9, 0x7ff7, 0x8006, 0x8006, 0x8006,
   0x8006, 0x8090, 0x80af, 0x80a0, 0x8072, 0x7ff7, 0x7f9b, 0x7fe8, 0x7fd8,
   0x7ff7, 0x7f6d, 0x7f7c, 0x7f5e, 0x7f8c, 0x8006, 0x8053, 0x8034, 0x8044,
   0x7fc9, 0x7f9b, 0x7f8c, 0x8053, 0x8006, 0x7fba, 0x8034, 0x8006, 0x8006,
   0x7fe8, 0x8044, 0x8044, 0x8006, 0x7ff7, 0x7fd8, 0x7fc9, 0x7ff7, 0x8016,
   0x8006, 0x8025, 0x7ff7, 0x8034, 0x7ff7, 0x8016, 0x8044, 0x8062, 0x8053,
   0x8090, 0x8090, 0x8053, 0x8053, 0x8081, 0x8062, 0x8044, 0x8016, 0x7ff7,
   0x7f9b, 0x7f4e, 0x7f8c, 0x7f6d, 0x7ff7, 0x8025, 0x7fc9, 0x8006, 0x8025,
   0x8006, 0x8016, 0x8072, 0x8016, 0x8053, 0x7ff7, 0x7f9b, 0x7f7c, 0x7fd8,
   0x7ff7, 0x8016, 0x8053, 0x7fc9, 0x7f11, 0x7e78, 0x7f02, 0x7ff7, 0x8006,
   0x7faa, 0x7fc9, 0x7fc9, 0x8006, 0x8016, 0x7fd8, 0x7fe8, 0x8006, 0x8006,
   0x8006, 0x8034, 0x8053, 0x8044, 0x7fd8, 0x7f6d, 0x7f9b, 0x7faa, 0x8006,
   0x8016, 0x8006, 0x7faa, 0x7f11, 0x7e78, 0x7ef2, 0x7faa, 0x7faa, 0x7fc9,
   0x8044, 0x8044, 0x8016, 0x7f8c, 0x7f9b, 0x8062, 0x8053, 0x8034, 0x8025,
   0x8016, 0x8006, 0x8016, 0x7ff7, 0x7fd8, 0x7fd8, 0x8016, 0x7ff7, 0x8053,
   0x7fd8, 0x7f4e, 0x7f8c, 0x7f6d, 0x7fba, 0x7f7c, 0x7faa, 0x7fd8, 0x7fd8,
   0x7ff7, 0x8044, 0x8081, 0x7fe8, 0x7eb5, 0x7e78, 0x7f7c, 0x8025, 0x80a0,
   0x8158, 0x80be, 0x8053, 0x8072, 0x8044, 0x80af, 0x80af, 0x8016, 0x8006,
   0x8044, 0x8053, 0x8081, 0x80a0, 0x80be, 0x80dd, 0x8090, 0x80a0, 0x8034,
   0x8025, 0x8034, 0x7ff7, 0x8006, 0x8016, 0x8034, 0x8053, 0x7fd8, 0x7fe8,
   0x7fe8, 0x7fe8, 0x8090, 0x80af, 0x8025, 0x7f7c, 0x7f30, 0x7f7c, 0x7f6d,
   0x7f6d, 0x7fc9, 0x7f11, 0x7fd8, 0x8016, 0x8006, 0x8053, 0x8090, 0x8090,
   0x8090, 0x7f30, 0x7f8c, 0x7fc9, 0x7fc9, 0x7faa, 0x7f9b, 0x7f6d, 0x7ef2,
   0x7f11, 0x7f11, 0x7f20, 0x7f7c, 0x7f7c, 0x7fe8, 0x7f9b, 0x7f8c, 0x7f8c,
   0x7f9b, 0x7fd8, 0x8016, 0x8006, 0x8034, 0x8081, 0x812a, 0x80af, 0x8090,
   0x80af, 0x8053, 0x7f9b, 0x7f9b, 0x7f5e, 0x7f7c, 0x7f7c, 0x7fc9, 0x7fe8,
   0x8006, 0x8044, 0x8025, 0x7fc9, 0x8006, 0x7f8c, 0x7f9b, 0x7f7c, 0x7ff7,
   0x8034, 0x8016, 0x8062, 0x8025, 0x7fc9, 0x7f8c, 0x7f7c, 0x7f7c, 0x8034,
   0x80a0, 0x80af, 0x80be, 0x8062, 0x8053, 0x80fc, 0x8090, 0x7ff7, 0x7fe8,
   0x8006, 0x8006, 0x7fba, 0x7f30, 0x7f30, 0x7f8c, 0x7fc9, 0x7fba, 0x7f5e,
   0x7fd8, 0x7f9b, 0x7faa, 0x7f6d, 0x7fba, 0x7fd8, 0x7fba, 0x7fba, 0x8006,
   0x8025, 0x7faa, 0x7fc9, 0x7faa, 0x7ff7, 0x7f7c, 0x7f6d, 0x7fd8, 0x7fd8,
   0x8062, 0x7fba, 0x7f5e, 0x7f9b, 0x7fe8, 0x7f7c, 0x7f8c, 0x7fd8, 0x8006,
   0x8016, 0x8006, 0x8006, 0x8006, 0x7faa, 0x8016, 0x7faa, 0x7faa, 0x8006,
   0x7fe8, 0x7f9b, 0x7eb5, 0x7faa, 0x8016, 0x8025, 0x8062, 0x8053, 0x7fd8,
   0x7ff7, 0x8044, 0x8053, 0x8034, 0x8016, 0x8062, 0x8006, 0x8034, 0x8062,
   0x80af, 0x8053, 0x8044, 0x8034, 0x8044, 0x7fba, 0x7f7c, 0x7f8c, 0x7ff7,
   0x7ff7, 0x8016, 0x8016, 0x8062, 0x80ce, 0x80a0, 0x7ff7, 0x7fe8, 0x7f6d,
   0x7ff7, 0x8090, 0x80ce, 0x80dd, 0x80fc, 0x8081, 0x8044, 0x8006, 0x7ff7,
   0x8006, 0x7fc9, 0x8006, 0x7fe8, 0x8072, 0x8034, 0x7fc9, 0x8025, 0x8090,
   0x8053, 0x80dd, 0x80be, 0x8016, 0x8016, 0x7f8c, 0x7ed4, 0x7f6d, 0x7fe8,
   0x8053, 0x80ce, 0x8090, 0x8081, 0x8072, 0x8053, 0x8053, 0x8025, 0x7fd8,
   0x8025, 0x80ce, 0x8186, 0x8158, 0x8081, 0x8025, 0x7fe8, 0x8016, 0x80be,
   0x8158, 0x811a, 0x80af, 0x8053, 0x80be, 0x8081, 0x8072, 0x8016, 0x7fe8,
   0x8025, 0x8006, 0x7ff7, 0x7faa, 0x7f02, 0x7f3f, 0x7faa, 0x8016, 0x8044,
   0x8081, 0x80af, 0x8034, 0x8006, 0x8016, 0x7faa, 0x7f6d, 0x7ed4, 0x7f4e,
   0x7ec4, 0x7ea6, 0x7ed4, 0x8025, 0x8081, 0x8081, 0x8081, 0x8053, 0x8090,
   0x8006, 0x8025, 0x8072, 0x8006, 0x8006, 0x7fe8, 0x7fc9, 0x8016, 0x7ff7,
   0x8006, 0x8025, 0x8025, 0x8044, 0x8081, 0x8090, 0x7fe8, 0x7fc9, 0x7fd8,
   0x7fd8, 0x7fba, 0x7fc9, 0x8016, 0x7f4e, 0x7fba, 0x8006, 0x7ff7, 0x7ff7,
   0x7f7c, 0x7ff7, 0x7fba, 0x7f3f, 0x7fd8, 0x7fe8, 0x7fd8, 0x8006, 0x7fd8,
   0x8016, 0x7ff7, 0x7ff7, 0x7fe8, 0x7ff7, 0x7ff7, 0x8034, 0x8016, 0x8016,
   0x7fd8, 0x8016, 0x7ff7, 0x7fd8, 0x8034, 0x8034, 0x7faa, 0x7f11, 0x7ec4,
   0x7e96, 0x7ef2, 0x7e78, 0x7e68, 0x7f11, 0x8006, 0x8006, 0x7fe8, 0x7faa,
   0x7ff7, 0x7ff7, 0x8062, 0x8081, 0x80fc, 0x8072, 0x7f7c, 0x7fba, 0x7faa,
   0x7fd8, 0x7fd8, 0x7ff7, 0x8044, 0x8081, 0x811a, 0x8195, 0x8090, 0x7fc9,
   0x7e78, 0x7e68, 0x7ec4, 0x7fba, 0x8016, 0x7fba, 0x8053, 0x80af, 0x8053,
   0x8016, 0x8025, 0x7faa, 0x7fe8, 0x7ff7, 0x8016, 0x7f4e, 0x7f9b, 0x7f8c,
   0x7fba, 0x7fd8, 0x7f9b, 0x8006, 0x80a0, 0x80be, 0x8090, 0x8062, 0x8006,
   0x8081, 0x8081, 0x80dd, 0x8053, 0x8006, 0x7fe8, 0x7f9b, 0x7f11, 0x7ea6,
   0x7ec4, 0x7f8c, 0x80a0, 0x80be, 0x80a0, 0x80ce, 0x8072, 0x8053, 0x80ce,
   0x8072, 0x7ff7, 0x8044, 0x8034, 0x8025, 0x80dd, 0x80be, 0x80a0, 0x80be,
   0x8062, 0x7fba, 0x8016, 0x7fba, 0x7ef2, 0x7f11, 0x7f7c, 0x8006, 0x80a0,
   0x8062, 0x80be, 0x8053, 0x8034, 0x8053, 0x8025, 0x8053, 0x80be, 0x80af,
   0x80a0, 0x80fc, 0x80fc, 0x8072, 0x8090, 0x80ce, 0x80fc, 0x8167, 0x8167,
   0x811a, 0x80be, 0x80ec, 0x80a0, 0x8090, 0x80af, 0x8090, 0x80dd, 0x80fc,
   0x80fc, 0x812a, 0x80fc, 0x8016, 0x8006, 0x8006, 0x8090, 0x8044, 0x7fd8,
   0x7fd8, 0x8006, 0x8016, 0x7fd8, 0x7fba, 0x7fd8, 0x8034, 0x80be, 0x8053,
   0x7fba, 0x7fe8, 0x8025, 0x8025, 0x80ce, 0x8081, 0x8053, 0x8044, 0x7ff7,
   0x7fe8, 0x7f7c, 0x7f7c, 0x7f8c, 0x7faa, 0x7fba, 0x7fc9, 0x7fd8, 0x7ff7,
   0x7faa, 0x7ec4, 0x7f6d, 0x7faa, 0x7faa, 0x7ff7, 0x7fba, 0x7fc9, 0x8006,
   0x8034, 0x8053, 0x8072, 0x7f5e, 0x7e96, 0x7e96, 0x7ee3, 0x7fe8, 0x8062,
   0x80ce, 0x8081, 0x8044, 0x7ff7, 0x7fba, 0x7f9b, 0x7fba, 0x7f9b, 0x7faa,
   0x7f8c, 0x7fc9, 0x8006, 0x8025, 0x7fe8, 0x7f9b, 0x7fba, 0x8006, 0x8006,
   0x8044, 0x80ec, 0x80ce, 0x8072, 0x8072, 0x80af, 0x80af, 0x80dd, 0x8053,
   0x8044, 0x7f9b, 0x7fc9, 0x8034, 0x80a0, 0x80a0, 0x8016, 0x8034, 0x8016,
   0x8053, 0x80a0, 0x80af, 0x810b, 0x812a, 0x80fc, 0x8006, 0x7fd8, 0x7f8c,
   0x7faa, 0x8006, 0x8025, 0x8034, 0x8053, 0x8053, 0x8034, 0x8072, 0x8081,
   0x8006, 0x7f9b, 0x7f9b, 0x7f3f, 0x7fd8, 0x7ff7, 0x7fd8, 0x8034, 0x7fd8,
   0x8016, 0x8090, 0x80a0, 0x812a, 0x80ce, 0x80be, 0x8062, 0x8062, 0x8090,
   0x7ff7, 0x7f11, 0x7f11, 0x7fd8, 0x8062, 0x80af, 0x8081, 0x8053, 0x7fe8,
   0x8006, 0x80ce, 0x80ec, 0x8081, 0x7fe8, 0x7f7c, 0x7ee3, 0x7f4e, 0x7f8c,
   0x7ff7, 0x8016, 0x8053, 0x8062, 0x8062, 0x8072, 0x8006, 0x8034, 0x8006,
   0x7fc9, 0x7fe8, 0x8044, 0x8090, 0x8072, 0x8016, 0x7fc9, 0x7fd8, 0x7fba,
   0x7f9b, 0x8006, 0x7fe8, 0x7fc9, 0x7fd8, 0x8062, 0x8044, 0x7ff7, 0x7f7c,
   0x7ff7, 0x8006, 0x7ff7, 0x7fd8, 0x8034, 0x7fe8, 0x8062, 0x8025, 0x8025,
   0x8016, 0x7fd8, 0x7fc9, 0x7ff7, 0x7fd8, 0x7fba, 0x7f20, 0x7ec4, 0x7f6d,
   0x7fc9, 0x7f7c, 0x7eb5, 0x7f4e, 0x7fd8, 0x7ff7, 0x7faa, 0x7fe8, 0x7faa,
   0x7f5e, 0x7fc9, 0x8006, 0x7f5e, 0x7f7c, 0x7f9b, 0x8006, 0x8062, 0x7fe8,
   0x7f8c, 0x8006, 0x8062, 0x7ff7, 0x7fc9, 0x7fe8, 0x8006, 0x7f5e, 0x7e87,
   0x7e3a, 0x7ec4, 0x7fc9, 0x7fc9, 0x8006, 0x8006, 0x8006, 0x8006, 0x8016,
   0x7fe8, 0x7f6d, 0x7ef2, 0x7ee3, 0x7fba, 0x7f9b, 0x7f9b, 0x7ed4, 0x7f5e,
   0x8025, 0x8006, 0x8006, 0x7ff7, 0x8025, 0x8025, 0x8072, 0x80ce, 0x8072,
   0x8034, 0x8025, 0x8006, 0x8053, 0x8053, 0x8053, 0x7fe8, 0x8006, 0x8006,
   0x8062, 0x8090, 0x80af, 0x8167, 0x8072, 0x80af, 0x8090, 0x8072, 0x8062,
   0x7ff7, 0x7f5e, 0x7f7c, 0x7fe8, 0x8025, 0x7fd8, 0x8016, 0x8006, 0x8006,
   0x8006, 0x7ff7, 0x7ef2, 0x7f8c, 0x7fc9, 0x7ff7, 0x7f30, 0x7fba, 0x7fd8,
   0x7f9b, 0x7f8c, 0x7f6d, 0x7f6d, 0x7fba, 0x7fd8, 0x7fd8, 0x7f11, 0x7f7c,
   0x7f9b, 0x7fba, 0x7f02, 0x7fba, 0x7fd8, 0x7faa, 0x7f5e, 0x7fc9, 0x8053,
   0x8053, 0x8081, 0x8034, 0x8006, 0x8053, 0x8016, 0x8072, 0x80ec, 0x812a,
   0x80dd, 0x80af, 0x8072, 0x8016, 0x8006, 0x7fba, 0x7fe8, 0x7fd8, 0x7fba,
   0x7f9b, 0x7f7c, 0x8072, 0x8062, 0x8090, 0x8044, 0x7fe8, 0x7fe8, 0x8006,
   0x8025, 0x8016, 0x7fe8, 0x8016, 0x8044, 0x8072, 0x8062, 0x7fe8, 0x7fe8,
   0x7fba, 0x7f4e, 0x7fc9, 0x7fe8, 0x7fe8, 0x7fe8, 0x7fe8, 0x8006, 0x8025,
   0x8016, 0x7fe8, 0x7f7c, 0x7f5e, 0x7f7c, 0x7fe8, 0x7ff7, 0x8053, 0x8016,
   0x8053, 0x8072, 0x8006, 0x7eb5, 0x7db0, 0x7d08, 0x7c9c, 0x7d64, 0x7eb5,
   0x7f6d, 0x8044, 0x8053, 0x8044, 0x8044, 0x812a, 0x811a, 0x80ec, 0x80ce,
   0x80ec, 0x80fc, 0x811a, 0x80be, 0x8044, 0x7fd8, 0x7fba, 0x7fd8, 0x7ff7,
   0x8072, 0x8006, 0x7fe8, 0x8025, 0x7fd8, 0x8025, 0x8081, 0x8090, 0x8044,
   0x8016, 0x7f8c, 0x7f3f, 0x7f4e, 0x7faa, 0x7f9b, 0x7f30, 0x7f5f, 0x7f02,
   0x7f8c, 0x7fe8, 0x8006, 0x8016, 0x7f6d, 0x7f02, 0x7e96, 0x7ef2, 0x7f4e,
   0x8006, 0x8006, 0x8016, 0x7fd8, 0x7f20, 0x7f02, 0x7f6d, 0x7f7c, 0x8006,
   0x8081, 0x8090, 0x8072, 0x80a0, 0x80af, 0x8062, 0x7ff7, 0x7f9b, 0x7f9b,
   0x7fc9, 0x7f8c, 0x7fc9, 0x7f3f, 0x7fd8, 0x7fc9, 0x7fd8, 0x8006, 0x8006,
   0x8006, 0x8062, 0x8090, 0x8016, 0x7f7c, 0x7faa, 0x7fe8, 0x8006, 0x8025,
   0x7fba, 0x8006, 0x8016, 0x8081, 0x8072, 0x810b, 0x810b, 0x80a0, 0x80fc,
   0x8053, 0x7f7c, 0x7f9b, 0x7fd8, 0x7fba, 0x7f5e, 0x7f20, 0x7f5e, 0x7f8c,
   0x7fe8, 0x8025, 0x8044, 0x80a0, 0x8072, 0x8044, 0x8081, 0x80a0, 0x8034,
   0x8006, 0x7f9b, 0x8006, 0x7ff7, 0x8016, 0x8044, 0x8090, 0x7fe8, 0x7ed4,
   0x7ee3, 0x7f02, 0x7f6d, 0x7f8c, 0x7fd8, 0x8025, 0x8081, 0x8062, 0x8006,
   0x8006, 0x7ff7, 0x8016, 0x8081, 0x8044, 0x8016, 0x7faa, 0x7fba, 0x7faa,
   0x8016, 0x7ff7, 0x7fd8, 0x8006, 0x8044, 0x8053, 0x8090, 0x80ec, 0x80ec,
   0x8053, 0x8034, 0x7f5e, 0x7fd8, 0x8090, 0x8081, 0x8148, 0x81b4, 0x8195,
   0x8158, 0x80ec, 0x8044, 0x7fc9, 0x7fd8, 0x8025, 0x8025, 0x8044, 0x80be,
   0x80a0, 0x8034, 0x8062, 0x7fc9, 0x7fc9, 0x8006, 0x7fe8, 0x7fd8, 0x8081,
   0x8016, 0x8081, 0x8034, 0x8062, 0x8025, 0x7fc9, 0x7fe8, 0x8044, 0x80a0,
   0x8081, 0x8025, 0x80af, 0x8025, 0x8053, 0x80af, 0x7ff7, 0x7fc9, 0x8072,
   0x80be, 0x8148, 0x80ec, 0x8090, 0x80dd, 0x811a, 0x80be, 0x8072, 0x7fd8,
   0x7fba, 0x7f3f, 0x7f5e, 0x7fba, 0x8034, 0x7f9b, 0x8006, 0x8016, 0x8006,
   0x8072, 0x8016, 0x8006, 0x8034, 0x8062, 0x8081, 0x8044, 0x8006, 0x7fd8,
   0x7f9b, 0x7f5e, 0x7fba, 0x7fe8, 0x7fd8, 0x7f5e, 0x7e3a, 0x7d92, 0x7d17,
   0x7d64, 0x7e59, 0x7fe8, 0x80ce, 0x81a4, 0x81b4, 0x8167, 0x80af, 0x8072,
   0x80dd, 0x80be, 0x8090, 0x8034, 0x80ce, 0x8090, 0x80be, 0x80be, 0x8072,
   0x8062, 0x8044, 0x8025, 0x7fba, 0x7f9b, 0x8025, 0x80a0, 0x80ce, 0x8062,
   0x8025, 0x7fba, 0x7fe8, 0x7ff7, 0x7fc9, 0x7fd8, 0x7f8c, 0x7f5e, 0x7f8c,
   0x7ff7, 0x8006, 0x80af, 0x8072, 0x7fe8, 0x8006, 0x80ce, 0x8081, 0x7fc9,
   0x8006, 0x7fd8, 0x7fd8, 0x8044, 0x8006, 0x8090, 0x8072, 0x8081, 0x8034,
   0x7fba, 0x8006, 0x8025, 0x8016, 0x8044, 0x8034, 0x7fc9, 0x7ff7, 0x8006,
   0x7fe8, 0x8053, 0x7ff7, 0x7fba, 0x7fc9, 0x8072, 0x8053, 0x8072, 0x8090,
   0x8034, 0x7fd8, 0x7fd8, 0x8034, 0x8034, 0x7faa, 0x7fc9, 0x7f8c, 0x7ff7,
   0x8044, 0x8044, 0x8053, 0x80af, 0x8090, 0x8034, 0x8006, 0x8006, 0x7fba,
   0x7fd8, 0x7fd8, 0x7fd8, 0x7ff7, 0x7fd8, 0x7ff7, 0x8006, 0x8053, 0x8072,
   0x80a0, 0x8072, 0x80af, 0x80af, 0x8044, 0x7fd8, 0x8034, 0x8006, 0x7fd8,
   0x7f9b, 0x7f7c, 0x7f30, 0x7f02, 0x7f30, 0x7ef2, 0x7f20, 0x7f8c, 0x8025,
   0x8034, 0x8044, 0x8062, 0x80a0, 0x7fe8, 0x8006, 0x8072, 0x8016, 0x7fc9,
   0x8044, 0x8062, 0x8062, 0x8053, 0x8044, 0x8006, 0x7f6d, 0x8006, 0x7f4e,
   0x7f20, 0x7faa, 0x7fd8, 0x8072, 0x8062, 0x8006, 0x8034, 0x8090, 0x8081,
   0x7fc9, 0x7f9b, 0x7f9b, 0x7f4e, 0x7ec4, 0x7e68, 0x7f4e, 0x7ff7, 0x7ff7,
   0x8034, 0x8006, 0x7fd8, 0x80be, 0x8081, 0x8090, 0x8016, 0x8016, 0x8044,
   0x8053, 0x8062, 0x8053, 0x8025, 0x7fd8, 0x7f30, 0x7f20, 0x7fe8, 0x7fba,
   0x7f02, 0x7f11, 0x7fe8, 0x7f6d, 0x7f7c, 0x7fd8, 0x8006, 0x8016, 0x8034,
   0x8025, 0x8044, 0x8062, 0x80be, 0x80a0, 0x810b, 0x80ec, 0x8081, 0x8062,
   0x7f9b, 0x7f02, 0x7fc9, 0x8006, 0x7ff7, 0x8025, 0x8006, 0x8081, 0x8081,
   0x80a0, 0x8081, 0x8034, 0x8006, 0x8006, 0x8034, 0x7ff7, 0x8025, 0x8016,
   0x8006, 0x8006, 0x8006, 0x7faa, 0x8016, 0x8044, 0x8062, 0x8053, 0x8034,
   0x8072, 0x8053, 0x8034, 0x8044, 0x8053, 0x8006, 0x8006, 0x8006, 0x8062,
   0x8081, 0x8072, 0x8025, 0x7ff7, 0x8016, 0x7fd8, 0x7fba, 0x7ff7, 0x80fc,
   0x80ce, 0x80ec, 0x80a0, 0x8053, 0x8016, 0x7ff7, 0x7fe8, 0x7fe8, 0x8034,
   0x8072, 0x8016, 0x8044, 0x8025, 0x8006, 0x8034, 0x8062, 0x8053, 0x8006,
   0x7f8c, 0x7f8c, 0x7f3f, 0x7f5e, 0x7fd8, 0x8053, 0x80fc, 0x8072, 0x8044,
   0x8016, 0x8016, 0x7ff7, 0x7fd8, 0x7fe8, 0x7fe8, 0x7f9b, 0x7fd8, 0x8006,
   0x7ff7, 0x8006, 0x8006, 0x8044, 0x8025, 0x8044, 0x8006, 0x7f3f, 0x7f02,
   0x7ef2, 0x7f6d, 0x8053, 0x80be, 0x80a0, 0x8072, 0x8016, 0x7f4e, 0x7f11,
   0x7f11, 0x7f9b, 0x8090, 0x8090, 0x8081, 0x8081, 0x80a0, 0x8072, 0x8053,
   0x8072, 0x8006, 0x8025, 0x8053, 0x8016, 0x7ff7, 0x8016, 0x8016, 0x7fe8,
   0x8006, 0x8053, 0x8062, 0x8034, 0x8072, 0x8053, 0x8006, 0x7ff7, 0x80ce,
   0x80fc, 0x80af, 0x8090, 0x8053, 0x8034, 0x8053, 0x8044, 0x8072, 0x8044,
   0x7fd8, 0x7f9b, 0x7fe8, 0x8025, 0x80af, 0x8148, 0x810b, 0x80af, 0x80be,
   0x8081, 0x8062, 0x8072, 0x8006, 0x80af, 0x810b, 0x8034, 0x8053, 0x8034,
   0x8006, 0x8044, 0x80dd, 0x812a, 0x81d2, 0x80fc, 0x7f9b, 0x7ea6, 0x7e4a,
   0x7ec4, 0x7f6d, 0x7ff7, 0x8044, 0x8006, 0x7fba, 0x7faa, 0x7f11, 0x7f9b,
   0x7f5e, 0x7f11, 0x7f8c, 0x7f8c, 0x7fc9, 0x7ff7, 0x7fe8, 0x8006, 0x7f8c,
   0x7f8c, 0x7f7c, 0x7fba, 0x7f3f, 0x7f7c, 0x7fe8, 0x8006, 0x80ec, 0x8034,
   0x8034, 0x7faa, 0x8006, 0x8016, 0x7fe8, 0x7f9b, 0x7f9b, 0x7f8c, 0x7f7c,
   0x7f3f, 0x7fe8, 0x8006, 0x7fe8, 0x7ef2, 0x7ef2, 0x7f11, 0x7ea6, 0x7f02,
   0x7fd8, 0x7f3f, 0x7f4e, 0x7ed4, 0x7f7c, 0x8006, 0x8044, 0x8016, 0x8081,
   0x80ec, 0x80dd, 0x80fc, 0x80ec, 0x80af, 0x80fc, 0x810b, 0x8090, 0x8044,
   0x8044, 0x8016, 0x8072, 0x8025, 0x7ff7, 0x7ff7, 0x8006, 0x7fe8, 0x7fba,
   0x7fd8, 0x7faa, 0x7fd8, 0x7ff7, 0x7fc9, 0x7fe8, 0x7ff7, 0x8016, 0x7fba,
   0x7ff7, 0x8006, 0x7fc9, 0x7f9b, 0x7fd8, 0x8072, 0x80af, 0x80a0, 0x8072,
   0x8006, 0x7fd8, 0x7fba, 0x7f4e, 0x7f9b, 0x7fe8, 0x8006, 0x7faa, 0x7faa,
   0x8053, 0x80ce, 0x8072, 0x8044, 0x8090, 0x8072, 0x8062, 0x8034, 0x8025,
   0x8081, 0x8053, 0x8090, 0x8034, 0x8072, 0x80be, 0x8016, 0x7fc9, 0x7f6d,
   0x7ef2, 0x7fba, 0x8006, 0x8016, 0x7ff7, 0x7ff7, 0x7ff7, 0x8006, 0x7fd8,
   0x8034, 0x8053, 0x80af, 0x80ce, 0x8090, 0x8053, 0x7ff7, 0x7fba, 0x8034,
   0x8025, 0x7fd8, 0x7f30, 0x7f4e, 0x7f4e, 0x7faa, 0x7f8c, 0x7fc9, 0x7ff7,
   0x7faa, 0x7faa, 0x7fe8, 0x8025, 0x7fe8, 0x7fc9, 0x7f8c, 0x7fc9, 0x7fd8,
   0x7fc9, 0x7ff7, 0x7fd8, 0x7fe8, 0x8034, 0x8081, 0x80be, 0x8081, 0x8016,
   0x8006, 0x80be, 0x8148, 0x8090, 0x80a0, 0x80a0, 0x8090, 0x8072, 0x7fba,
   0x7fc9, 0x8053, 0x8090, 0x80a0, 0x8016, 0x7ff7, 0x7fc9, 0x7f4e, 0x7ed4,
   0x7f5e, 0x7f3f, 0x7fd8, 0x8006, 0x8062, 0x8072, 0x8025, 0x8072, 0x8016,
   0x8053, 0x8053, 0x8062, 0x80af, 0x80dd, 0x8081, 0x8090, 0x7ff7, 0x8044,
   0x8044, 0x8062, 0x8072, 0x8053, 0x80ce, 0x8072, 0x8090, 0x8081, 0x8044,
   0x8034, 0x8062, 0x8072, 0x8090, 0x80a0, 0x80af, 0x8053, 0x8072, 0x8044,
   0x8081, 0x80ce, 0x80a0, 0x8034, 0x7fd8, 0x7fe8, 0x7faa, 0x7fba, 0x7faa,
   0x7f7c, 0x7fba, 0x7fd8, 0x8072, 0x8053, 0x80be, 0x80a0, 0x8072, 0x7fd8,
   0x7fd8, 0x7f3f, 0x7fd8, 0x7fd8, 0x8025, 0x8016, 0x7f30, 0x7fc9, 0x7fc9,
   0x8053, 0x8044, 0x8016, 0x8072, 0x8044, 0x8034, 0x7fe8, 0x8025, 0x8053,
   0x8053, 0x80ec, 0x80be, 0x8090, 0x80af, 0x8062, 0x8006, 0x7fe8, 0x7faa,
   0x7faa, 0x7faa, 0x7ff7, 0x7fe8, 0x8006, 0x8006, 0x8016, 0x8081, 0x8081,
   0x8072, 0x8034, 0x7faa, 0x7ff7, 0x80af, 0x80ce, 0x8044, 0x7fe8, 0x7fd8,
   0x7f7c, 0x7ee3, 0x7f11, 0x7ff7, 0x8034, 0x8081, 0x8025, 0x8025, 0x7f7c,
   0x8044, 0x80fc, 0x80af, 0x8034, 0x7f9b, 0x7ff7, 0x8025, 0x8016, 0x8025,
   0x8025, 0x8025, 0x8072, 0x80fc, 0x81c3, 0x8200, 0x811a, 0x7ff7, 0x7f02,
   0x7e59, 0x7e68, 0x7ef2, 0x7f30, 0x7f9b, 0x8053, 0x8016, 0x8044, 0x7fc9,
   0x7f9b, 0x7f4e, 0x8016, 0x8044, 0x8044, 0x8016, 0x8072, 0x811a, 0x8148,
   0x80dd, 0x8016, 0x7f5e, 0x7fba, 0x8044, 0x7fd8, 0x8006, 0x8006, 0x7fe8,
   0x8034, 0x80ce, 0x8081, 0x7fd8, 0x7faa, 0x7cac, 0x77c0, 0x752b, 0x767d,
   0x7be3, 0x8034, 0x82aa, 0x8344, 0x841a, 0x8495, 0x841a, 0x8390, 0x8325,
   0x82c9, 0x82ba, 0x8200, 0x81e2, 0x81a4, 0x80ec, 0x80a0, 0x80be, 0x810b,
   0x810b, 0x80dd, 0x80be, 0x7f9b, 0x8053, 0x8025, 0x8006, 0x7f5e, 0x7fc9,
   0x8016, 0x8053, 0x8016, 0x8016, 0x8006, 0x7ff7, 0x7ff7, 0x7f3f, 0x7faa,
   0x8006, 0x8025, 0x7ff7, 0x8006, 0x8006, 0x8072, 0x8044, 0x8006, 0x7f6d,
   0x7f8c, 0x7f9b, 0x7fc9, 0x7fe8, 0x7f8c, 0x7f8c, 0x7f9b, 0x7f7c, 0x7fba,
   0x7fc9, 0x7fd8, 0x7faa, 0x7f7c, 0x7f8c, 0x7fe8, 0x8072, 0x8053, 0x8006,
   0x7faa, 0x7f9b, 0x7faa, 0x8006, 0x8034, 0x8016, 0x8034, 0x7faa, 0x7ff7,
   0x8034, 0x8081, 0x8072, 0x810b, 0x80fc, 0x80be, 0x80fc, 0x810b, 0x80fc,
   0x8072, 0x7fba, 0x7fd8, 0x7ef2, 0x7f30, 0x7faa, 0x8006, 0x7faa, 0x7fe8,
   0x7ff7, 0x8034, 0x8090, 0x8062, 0x8090, 0x8081, 0x8081, 0x8034, 0x8072,
   0x7fba, 0x7f02, 0x7ef2, 0x7f6d, 0x7fc9, 0x8025, 0x8025, 0x7ff7, 0x8062,
   0x80af, 0x80ce, 0x8034, 0x7fd8, 0x7f7c, 0x7f6d, 0x7fe8, 0x8006, 0x7faa,
   0x7fba, 0x8044, 0x8081, 0x8072, 0x8034, 0x7faa, 0x7fd8, 0x8025, 0x8006,
   0x7ff7, 0x7fc9, 0x7fba, 0x8006, 0x7fc9, 0x8062, 0x8081, 0x8072, 0x8006,
   0x7fe8, 0x8025, 0x7faa, 0x7fd8, 0x7f5e, 0x8006, 0x7f8c, 0x7f11, 0x7f02,
   0x8006, 0x8062, 0x8072, 0x80ce, 0x8090, 0x7f9b, 0x7fe8, 0x8072, 0x7f9b,
   0x7fc9, 0x7ee3, 0x7f30, 0x7f8c, 0x8044, 0x8062, 0x8062, 0x80be, 0x80ce,
   0x8072, 0x7ff7, 0x7fc9, 0x7fe8, 0x7fd8, 0x8006, 0x80af, 0x80a0, 0x8053,
   0x80af, 0x8016, 0x8006, 0x8006, 0x8062, 0x8081, 0x8025, 0x8016, 0x8016,
   0x7ff7, 0x7fba, 0x7ff7, 0x8016, 0x7ff7, 0x7ff7, 0x8025, 0x7fd8, 0x8072,
   0x80be, 0x80a0, 0x8090, 0x8016, 0x8016, 0x8062, 0x8081, 0x8090, 0x8006,
   0x7faa, 0x8006, 0x7fe8, 0x8006, 0x8025, 0x7ff7, 0x8025, 0x8053, 0x7fe8,
   0x8034, 0x7f9b, 0x7ec4, 0x7f4e, 0x7ed4, 0x7ea6, 0x7ed4, 0x7f9b, 0x7fd8,
   0x8006, 0x7fd8, 0x7faa, 0x7fd8, 0x8006, 0x8025, 0x7f9b, 0x7fd8, 0x8016,
   0x7fd8, 0x8034, 0x7fe8, 0x7fba, 0x8006, 0x8034, 0x8053, 0x8006, 0x8053,
   0x8016, 0x8044, 0x8053, 0x7ff7, 0x7fd8, 0x7fc9, 0x7fc9, 0x8090, 0x7fba,
   0x7fe8, 0x80be, 0x8053, 0x8053, 0x8072, 0x8016, 0x7fba, 0x7f30, 0x7ea6,
   0x7f8c, 0x7ff7, 0x8044, 0x7ff7, 0x7fe8, 0x8025, 0x8044, 0x8072, 0x8025,
   0x8006, 0x80a0, 0x8053, 0x80be, 0x8090, 0x8072, 0x80a0, 0x8016, 0x8034,
   0x7fd8, 0x8044, 0x8006, 0x8006, 0x8006, 0x8006, 0x7faa, 0x7ff7, 0x8006,
   0x7ff7, 0x7faa, 0x7fe8, 0x7fba, 0x8081, 0x80ec, 0x7fe8, 0x7fba, 0x7e87,
   0x7f11, 0x7fba, 0x8090, 0x810b, 0x80be, 0x8025, 0x8025, 0x8044, 0x7f6d,
   0x7f11, 0x7f7c, 0x7fd8, 0x7ed4, 0x7f5e, 0x7fba, 0x7fd8, 0x7f20, 0x7ed4,
   0x7eb5, 0x7f20, 0x7f9b, 0x8016, 0x8081, 0x80af, 0x80be, 0x80a0, 0x8053,
   0x7f9b, 0x8006, 0x8062, 0x8016, 0x7fe8, 0x8034, 0x8016, 0x7fba, 0x7ff7,
   0x8025, 0x7fd8, 0x8034, 0x8090, 0x8072, 0x8053, 0x8044, 0x8025, 0x8062,
   0x8053, 0x8062, 0x8025, 0x8034, 0x8090, 0x80a0, 0x8025, 0x8025, 0x7fd8,
   0x7fe8, 0x8072, 0x80af, 0x80a0, 0x80dd, 0x811a, 0x80ec, 0x80be, 0x80a0,
   0x8081, 0x8044, 0x8016, 0x8025, 0x7fd8, 0x7fc9, 0x8016, 0x7ff7, 0x7fc9,
   0x7ff7, 0x8044, 0x8053, 0x7fba, 0x7f9b, 0x7faa, 0x8016, 0x8062, 0x8053,
   0x8044, 0x8034, 0x8006, 0x7ff7, 0x8053, 0x8006, 0x7f5e, 0x7f30, 0x7f6d,
   0x7f4e, 0x7f8c, 0x7faa, 0x7fd8, 0x7f8c, 0x7f3f, 0x7ee3, 0x7e3a, 0x7e2b,
   0x7e59, 0x7ed4, 0x7fba, 0x7ff7, 0x8006, 0x8081, 0x8062, 0x80be, 0x80be,
   0x80a0, 0x8044, 0x8034, 0x8006, 0x7ff7, 0x7fe8, 0x8016, 0x8016, 0x8006,
   0x7f9b, 0x7f8c, 0x7faa, 0x7ff7, 0x7ff7, 0x7fba, 0x7fba, 0x7f3f, 0x7faa,
   0x7ff7, 0x8025, 0x8053, 0x7fc9, 0x8044, 0x8006, 0x8053, 0x8016, 0x7fd8,
   0x7f4e, 0x7fc9, 0x8034, 0x80dd, 0x80ec, 0x811a, 0x80a0, 0x7fc9, 0x7f6d,
   0x7f30, 0x7f6d, 0x7ff7, 0x7fc9, 0x8016, 0x7fd8, 0x7f6d, 0x7fe8, 0x7fd8,
   0x7f6d, 0x7f8c, 0x7f6d, 0x8062, 0x8072, 0x80af, 0x8006, 0x7ff7, 0x7fba,
   0x7f9b, 0x7faa, 0x7faa, 0x7fd8, 0x8034, 0x8053, 0x8081, 0x7f9b, 0x7f5e,
   0x7f30, 0x7f5e, 0x7fd8, 0x8006, 0x8006, 0x80a0, 0x8006, 0x7f7c, 0x7f9b,
   0x7f9b, 0x8025, 0x8090, 0x80dd, 0x80fc, 0x80dd, 0x80ce, 0x7f9b, 0x7fba,
   0x7f9b, 0x7f02, 0x7f4e, 0x7f4e, 0x7f20, 0x7f3f, 0x7fc9, 0x8025, 0x8034,
   0x7ff7, 0x7fd8, 0x7f9b, 0x8034, 0x8034, 0x7f7c, 0x7f6d, 0x7ef2, 0x7f20,
   0x7f7c, 0x7f7c, 0x7ed4, 0x7f4e, 0x7fe8, 0x8016, 0x8081, 0x8062, 0x80be,
   0x80dd, 0x80af, 0x8025, 0x8062, 0x8034, 0x8062, 0x7fd8, 0x7f8c, 0x7fe8,
   0x8025, 0x7fba, 0x8025, 0x8062, 0x8025, 0x8044, 0x8072, 0x8072, 0x8053,
   0x8081, 0x8053, 0x7fe8, 0x7faa, 0x8006, 0x8053, 0x8006, 0x7ff7, 0x7ef2,
   0x7ec4, 0x7f5e, 0x8062, 0x8053, 0x8062, 0x8090, 0x8034, 0x7f8c, 0x7f11,
   0x7f9b, 0x8044, 0x8034, 0x8053, 0x8186, 0x8186, 0x8044, 0x7f3f, 0x7ec4,
   0x7e87, 0x7ef2, 0x7f20, 0x8006, 0x8062, 0x8053, 0x8090, 0x7fba, 0x7ed4,
   0x7ec4, 0x7f3f, 0x7fe8, 0x8006, 0x8025, 0x8016, 0x8062, 0x7fe8, 0x7fc9,
   0x7f6d, 0x7f02, 0x7ea6, 0x7faa, 0x7f3f, 0x7f8c, 0x8062, 0x8016, 0x8006,
   0x7fe8, 0x7fe8, 0x8090, 0x8072, 0x8016, 0x8044, 0x8034, 0x8034, 0x8044,
   0x8034, 0x7fe8, 0x7f6d, 0x7fba, 0x7fd8, 0x7faa, 0x7faa, 0x7ff7, 0x8072,
   0x80af, 0x80a0, 0x8016, 0x8062, 0x7f5e, 0x7f9b, 0x8016, 0x8053, 0x8072,
   0x8090, 0x8081, 0x8090, 0x80ce, 0x80ce, 0x8158, 0x8072, 0x8016, 0x7ff7,
   0x7fe8, 0x8053, 0x8016, 0x8006, 0x8016, 0x8072, 0x8025, 0x7f6d, 0x7fc9,
   0x8044, 0x8006, 0x8006, 0x7fc9, 0x8006, 0x8062, 0x8025, 0x8090, 0x80fc,
   0x80be, 0x80af, 0x8072, 0x8034, 0x7fd8, 0x8034, 0x8025, 0x80af, 0x8053,
   0x8006, 0x7f8c, 0x7f7c, 0x7fe8, 0x7f9b, 0x8006, 0x8025, 0x8034, 0x8034,
   0x8034, 0x8034, 0x8053, 0x8090, 0x80dd, 0x80a0, 0x80ce, 0x80be, 0x8025,
   0x7f30, 0x7ef2, 0x7f9b, 0x7f8c, 0x7fba, 0x7fba, 0x8034, 0x7fe8, 0x7f7c,
   0x7f02, 0x7eb5, 0x7f3f, 0x7f5e, 0x7f9b, 0x7fd8, 0x7ff7, 0x8044, 0x810b,
   0x811a, 0x7f8c, 0x7f8c, 0x7f9b, 0x7f7c, 0x7fc9, 0x8006, 0x8025, 0x8016,
   0x7f7c, 0x7fc9, 0x8044, 0x8062, 0x8072, 0x8062, 0x8006, 0x8016, 0x8034,
   0x7fe8, 0x7ff7, 0x7f9b, 0x8006, 0x8044, 0x8081, 0x80af, 0x8062, 0x8034,
   0x7fd8, 0x8072, 0x80fc, 0x80be, 0x8044, 0x8053, 0x8053, 0x8053, 0x8034,
   0x7fe8, 0x8006, 0x7fd8, 0x8006, 0x8034, 0x7fe8, 0x8034, 0x8062, 0x8062,
   0x8044, 0x8072, 0x80be, 0x8081, 0x8072, 0x8072, 0x8062, 0x8016, 0x7fe8,
   0x8016, 0x7ff7, 0x8072, 0x8072, 0x8072, 0x7faa, 0x7fe8, 0x7f8c, 0x7f6d,
   0x7fba, 0x7f4e, 0x7f7c, 0x7fd8, 0x7faa, 0x7fd8, 0x8006, 0x7fc9, 0x7fba,
   0x7fd8, 0x8016, 0x8034, 0x8090, 0x8072, 0x80af, 0x8016, 0x8034, 0x8025,
   0x7f6d, 0x7f9b, 0x7f3f, 0x7faa, 0x8016, 0x8006, 0x7fba, 0x7f4e, 0x7f7c,
   0x7faa, 0x7faa, 0x7fba, 0x7fba, 0x7fc9, 0x7f5e, 0x7f30, 0x7faa, 0x7fd8,
   0x7fd8, 0x7fc9, 0x7fba, 0x8053, 0x8090, 0x8016, 0x8034, 0x8016, 0x8006,
   0x8006, 0x8006, 0x7fc9, 0x7fd8, 0x7fd8, 0x8072, 0x8072, 0x80a0, 0x8044,
   0x7fd8, 0x8016, 0x80af, 0x8090, 0x80be, 0x810b, 0x8139, 0x80ec, 0x8081,
   0x8006, 0x7faa, 0x8006, 0x8025, 0x8044, 0x8034, 0x7ff7, 0x7faa, 0x7ff7,
   0x7ff7, 0x7ff7, 0x8025, 0x8034, 0x7fe8, 0x7fe8, 0x7f7c, 0x8025, 0x80af,
   0x8044, 0x8090, 0x8090, 0x8090, 0x8062, 0x8044, 0x8044, 0x80af, 0x80ce,
   0x80dd, 0x80af, 0x80fc, 0x810b, 0x8090, 0x8081, 0x8044, 0x8072, 0x80af,
   0x8090, 0x80af, 0x8053, 0x8006, 0x8034, 0x8062, 0x8062, 0x8044, 0x8025,
   0x8006, 0x7fe8, 0x8072, 0x8062, 0x80be, 0x80af, 0x80be, 0x8034, 0x8062,
   0x8016, 0x7f9b, 0x8006, 0x8006, 0x7f30, 0x7f11, 0x7f30, 0x7fc9, 0x7fc9,
   0x7fba, 0x7fd8, 0x7fe8, 0x7fd8, 0x8053, 0x8006, 0x7ff7, 0x8053, 0x7ff7,
   0x8006, 0x8006, 0x8053, 0x7fe8, 0x7fba, 0x7fd8, 0x8062, 0x8025, 0x8034,
   0x8062, 0x8090, 0x8025, 0x8034, 0x8034, 0x8053, 0x7fe8, 0x7fe8, 0x7fe8,
   0x7fba, 0x8034, 0x8090, 0x80a0, 0x80be, 0x8167, 0x8139, 0x80ce, 0x8090,
   0x80ec, 0x8053, 0x7f02, 0x7f02, 0x7f5e, 0x7fba, 0x8006, 0x8006, 0x7ff7,
   0x8081, 0x8016, 0x7fba, 0x7f3f, 0x7f3f, 0x7f3f, 0x7ee3, 0x7ef2, 0x7f4e,
   0x7f6d, 0x7faa, 0x7fe8, 0x8006, 0x8034, 0x8006, 0x8034, 0x8053, 0x8053,
   0x7ff7, 0x8006, 0x8044, 0x7faa, 0x7fe8, 0x7f7c, 0x7fd8, 0x8034, 0x8062,
   0x8072, 0x8025, 0x8044, 0x8044, 0x8006, 0x7f7c, 0x8016, 0x8044, 0x8016,
   0x8025, 0x7ff7, 0x7ff7, 0x8006, 0x8025, 0x8072, 0x7fe8, 0x7faa, 0x7f8c,
   0x7f6d, 0x7f30, 0x7fc9, 0x7f8c, 0x7fc9, 0x8025, 0x8062, 0x80be, 0x8053,
   0x8016, 0x8016, 0x7ff7, 0x7ff7, 0x7fe8, 0x7f8c, 0x7fc9, 0x7f5e, 0x7f6d,
   0x7f5e, 0x7ed4, 0x7f7c, 0x7faa, 0x7f8c, 0x7f7c, 0x7fba, 0x8006, 0x8025,
   0x8072, 0x7fba, 0x7ef2, 0x7ec4, 0x7e96, 0x7ee3, 0x7f02, 0x7f8c, 0x8006,
   0x8016, 0x8025, 0x8034, 0x8006, 0x8025, 0x7fd8, 0x7f20, 0x7f4e, 0x8006,
   0x7f6d, 0x7f8c, 0x7ff7, 0x8025, 0x8025, 0x8034, 0x7f8c, 0x7f30, 0x7f6d,
   0x7f4e, 0x7fd8, 0x8016, 0x7fd8, 0x7fba, 0x7fc9, 0x7f4e, 0x7f9b, 0x8062,
   0x80dd, 0x80af, 0x80ce, 0x80fc, 0x7fba, 0x7f02, 0x7fe8, 0x8062, 0x8044,
   0x8062, 0x8025, 0x8072, 0x8044, 0x8006, 0x7fba, 0x7ff7, 0x7fe8, 0x7fba,
   0x8016, 0x8006, 0x7fe8, 0x7ff7, 0x7fe8, 0x8062, 0x8016, 0x7fba, 0x7fc9,
   0x7fc9, 0x7f02, 0x7f20, 0x8006, 0x8025, 0x80af, 0x8072, 0x8016, 0x7ff7,
   0x8053, 0x8072, 0x80be, 0x7fe8, 0x8016, 0x7fe8, 0x8006, 0x7fba, 0x7f11,
   0x7ea6, 0x7f11, 0x7f20, 0x7fd8, 0x8034, 0x8062, 0x80dd, 0x80af, 0x8025,
   0x8072, 0x8072, 0x8006, 0x7f9b, 0x7ee3, 0x7ec4, 0x7ec4, 0x7f11, 0x8006,
   0x8062, 0x8081, 0x8072, 0x7fd8, 0x7f6d, 0x7f11, 0x7f6d, 0x7faa, 0x8072,
   0x80a0, 0x80ec, 0x8072, 0x8044, 0x7fc9, 0x7ff7, 0x7f4e, 0x7f4e, 0x7f7c,
   0x8016, 0x8044, 0x8044, 0x8176, 0x81c3, 0x80ec, 0x7fd8, 0x7eb5, 0x7e87,
   0x7f6d, 0x7f7c, 0x7fe8, 0x7fc9, 0x7fc9, 0x7fc9, 0x7fd8, 0x8006, 0x80be,
   0x8044, 0x80ec, 0x8044, 0x8053, 0x8044, 0x80ec, 0x7fe8, 0x7e78, 0x7ef2,
   0x7f30, 0x7fba, 0x7fd8, 0x8006, 0x8090, 0x8081, 0x8090, 0x8006, 0x7f11,
   0x7f3f, 0x7ff7, 0x7ff7, 0x8053, 0x7ff7, 0x7f4e, 0x7ee3, 0x7ed4, 0x7f7c,
   0x7ff7, 0x7fc9, 0x7fd8, 0x7fd8, 0x7ff7, 0x7fe8, 0x7faa, 0x7f7c, 0x8006,
   0x8090, 0x8072, 0x8016, 0x7fe8, 0x8006, 0x8016, 0x8044, 0x8044, 0x8016,
   0x8072, 0x8034, 0x8044, 0x8053, 0x8016, 0x8053, 0x8034, 0x8016, 0x8016,
   0x8025, 0x8006, 0x8025, 0x8025, 0x8053, 0x80af, 0x8081, 0x7ff7, 0x8006,
   0x8081, 0x8062, 0x8034, 0x8072, 0x7f8c, 0x7f7c, 0x8044, 0x8072, 0x8072,
   0x8090, 0x8062, 0x7fd8, 0x7f6d, 0x7f8c, 0x7ff7, 0x7fba, 0x8025, 0x8034,
   0x8090, 0x80be, 0x80ec, 0x80af, 0x80af, 0x8044, 0x8006, 0x7ec4, 0x7e2b,
   0x7ea6, 0x7ef2, 0x8006, 0x7fba, 0x7ff7, 0x8006, 0x7faa, 0x7fc9, 0x7fd8,
   0x7ff7, 0x8034, 0x8081, 0x7fd8, 0x7f9b, 0x7f20, 0x7faa, 0x7fba, 0x8044,
   0x8053, 0x7fe8, 0x7fe8, 0x8006, 0x8006, 0x8090, 0x8025, 0x8006, 0x8006,
   0x8006, 0x8006, 0x7fe8, 0x7faa, 0x7fba, 0x7f9b, 0x7fba, 0x7ee3, 0x7f11,
   0x7f8c, 0x8053, 0x8062, 0x7fe8, 0x7f8c, 0x7f6d, 0x7faa, 0x7fc9, 0x7faa,
   0x8006, 0x80a0, 0x80a0, 0x8053, 0x8044, 0x7f6d, 0x7faa, 0x7f9b, 0x7faa,
   0x8006, 0x8006, 0x8006, 0x7faa, 0x7fba, 0x7f9b, 0x8006, 0x7fe8, 0x7fe8,
   0x7fe8, 0x8006, 0x7fc9, 0x8006, 0x8053, 0x8062, 0x80af, 0x80a0, 0x8025,
   0x7f9b, 0x7f02, 0x7f5e, 0x7f7c, 0x7fe8, 0x8034, 0x80fc, 0x80be, 0x8025,
   0x8034, 0x7faa, 0x7fd8, 0x8006, 0x8016, 0x8044, 0x8025, 0x7ff7, 0x8062,
   0x80ec, 0x8072, 0x8044, 0x7fd8, 0x7ff7, 0x7f7c, 0x7fd8, 0x8044, 0x80a0,
   0x8072, 0x8081, 0x80fc, 0x812a, 0x811a, 0x80a0, 0x8062, 0x8006, 0x7f5e,
   0x7ef2, 0x7f9b, 0x7fe8, 0x7fba, 0x7fd8, 0x7f20, 0x7ee3, 0x7f8c, 0x7ff7,
   0x8062, 0x8072, 0x8072, 0x8090, 0x8034, 0x7fd8, 0x8016, 0x8044, 0x7ff7,
   0x7fe8, 0x7ff7, 0x8006, 0x8062, 0x8006, 0x8006, 0x8016, 0x8025, 0x8006,
   0x8006, 0x8053, 0x8044, 0x7fe8, 0x7fba, 0x7f8c, 0x7f5e, 0x8006, 0x80ec,
   0x810b, 0x8090, 0x8053, 0x8006, 0x8062, 0x8044, 0x8034, 0x7f8c, 0x7f5e,
   0x7f11, 0x7f3f, 0x8016, 0x8016, 0x8072, 0x7ff7, 0x7f11, 0x7da1, 0x7c6d,
   0x7d64, 0x7f11, 0x7ff7, 0x80a0, 0x80fc, 0x80be, 0x8034, 0x8072, 0x8025,
   0x8006, 0x8006, 0x7fd8, 0x8016, 0x8006, 0x8016, 0x8034, 0x8062, 0x8044,
   0x8053, 0x8053, 0x7f9b, 0x7f7c, 0x7f11, 0x7f20, 0x7f6d, 0x7f3f, 0x7f6d,
   0x8006, 0x8034, 0x8062, 0x7f8c, 0x7f3f, 0x7f3f, 0x7f8c, 0x7f7c, 0x8016,
   0x8034, 0x8016, 0x8062, 0x7f9b, 0x7dcf, 0x7d17, 0x7c5e, 0x7c8d, 0x7dcf,
   0x7f11, 0x7f9b, 0x7faa, 0x8062, 0x8090, 0x8072, 0x8090, 0x811a, 0x8081,
   0x812a, 0x81e2, 0x81a4, 0x8167, 0x80a0, 0x80ce, 0x80ec, 0x80dd, 0x8053,
   0x7fd8, 0x7fe8, 0x7faa, 0x7f9b, 0x8006, 0x8053, 0x7fd8, 0x7fd8, 0x7fc9,
   0x8006, 0x7ff7, 0x8016, 0x8025, 0x8053, 0x8025, 0x80be, 0x80ce, 0x80ec,
   0x8090, 0x8090, 0x8062, 0x80a0, 0x80ec, 0x80a0, 0x8062, 0x8006, 0x8016,
   0x8034, 0x8062, 0x7fe8, 0x8006, 0x7f3f, 0x7f5e, 0x8006, 0x7fba, 0x7fba,
   0x7faa, 0x8006, 0x8006, 0x7ee3, 0x7f11, 0x7f20, 0x7ff7, 0x8062, 0x8016,
   0x80a0, 0x80ce, 0x80af, 0x8053, 0x8072, 0x8044, 0x8072, 0x80be, 0x8034,
   0x7fba, 0x7f5e, 0x7f6d, 0x7fc9, 0x7fe8, 0x7f8c, 0x7fc9, 0x8034, 0x8006,
   0x8025, 0x7fc9, 0x8006, 0x8053, 0x80dd, 0x812a, 0x8072, 0x8062, 0x8072,
   0x80af, 0x80fc, 0x80af, 0x80ec, 0x810b, 0x80a0, 0x8053, 0x7fd8, 0x7f9b,
   0x7faa, 0x8006, 0x8072, 0x8062, 0x7fe8, 0x7fba, 0x7fc9, 0x8025, 0x80ce,
   0x8044, 0x7fe8, 0x8025, 0x8016, 0x8034, 0x8072, 0x8006, 0x8062, 0x8062,
   0x80a0, 0x80af, 0x8062, 0x80be, 0x80af, 0x8090, 0x8006, 0x8034, 0x8090,
   0x80be, 0x80a0, 0x8044, 0x7fba, 0x7ff7, 0x8016, 0x8016, 0x7faa, 0x8006,
   0x8062, 0x8090, 0x8053, 0x8006, 0x7fe8, 0x8006, 0x8006, 0x7ff7, 0x8053,
   0x8072, 0x8072, 0x80dd, 0x8090, 0x7fe8, 0x7fba, 0x8062, 0x8081, 0x8053,
   0x7fd8, 0x8062, 0x80a0, 0x8148, 0x8062, 0x7fe8, 0x8016, 0x8053, 0x8062,
   0x8053, 0x8081, 0x8025, 0x7ff7, 0x8090, 0x8025, 0x7fba, 0x7fba, 0x8006,
   0x8006, 0x7ff7, 0x7ff7, 0x8025, 0x8053, 0x80ce, 0x8044, 0x8025, 0x7fd8,
   0x7f3f, 0x7ee3, 0x7e87, 0x7f6d, 0x8016, 0x8025, 0x8034, 0x8016, 0x80a0,
   0x80be, 0x8044, 0x8034, 0x8006, 0x8016, 0x8034, 0x8072, 0x8016, 0x8072,
   0x80a0, 0x80a0, 0x8072, 0x8006, 0x7fc9, 0x7f5e, 0x7f6d, 0x7faa, 0x7fba,
   0x7fc9, 0x8034, 0x8016, 0x8090, 0x8044, 0x8062, 0x80be, 0x8072, 0x80be,
   0x80a0, 0x8044, 0x8034, 0x7fba, 0x8025, 0x7f4e, 0x7f3f, 0x7f11, 0x7ee3,
   0x7f8c, 0x8006, 0x8062, 0x8016, 0x8062, 0x8062, 0x8090, 0x8081, 0x8053,
   0x8062, 0x8053, 0x8034, 0x7ff7, 0x8016, 0x7e96, 0x7f3f, 0x7faa, 0x7ff7,
   0x8044, 0x7fba, 0x7f9b, 0x7f8c, 0x7f4e, 0x7fd8, 0x8044, 0x8025, 0x8053,
   0x7fd8, 0x8006, 0x7fba, 0x7f11, 0x7fba, 0x7fc9, 0x7fd8, 0x7fd8, 0x8053,
   0x8090, 0x8044, 0x8025, 0x7fc9, 0x7f02, 0x8016, 0x8081, 0x8016, 0x7ff7,
   0x7ff7, 0x7fe8, 0x7fe8, 0x8025, 0x7fe8, 0x8006, 0x8034, 0x8006, 0x8016,
   0x7fd8, 0x8062, 0x80dd, 0x80be, 0x8081, 0x8090, 0x8072, 0x7fba, 0x7ed4,
   0x7f6d, 0x7f9b, 0x7fc9, 0x7ff7, 0x8016, 0x7ff7, 0x7f5e, 0x7f20, 0x7f3f,
   0x7f4e, 0x7f8c, 0x8016, 0x8016, 0x7fba, 0x7f6d, 0x7ef2, 0x7fc9, 0x8025,
   0x8006, 0x7f9b, 0x7fc9, 0x8034, 0x8053, 0x8081, 0x8062, 0x8025, 0x8016,
   0x7ff7, 0x8016, 0x80af, 0x80fc, 0x811a, 0x8053, 0x8044, 0x7f9b, 0x7fba,
   0x7faa, 0x7fe8, 0x7ff7, 0x8016, 0x7f7c, 0x7f6d, 0x7ff7, 0x7fe8, 0x8006,
   0x8025, 0x80ec, 0x80fc, 0x810b, 0x80af, 0x80a0, 0x80be, 0x8016, 0x7ed4,
   0x7f11, 0x7fd8, 0x7fc9, 0x7faa, 0x7fe8, 0x8062, 0x7ff7, 0x7fba, 0x7f6d,
   0x7f02, 0x7fc9, 0x8025, 0x7ff7, 0x8034, 0x8053, 0x8062, 0x80dd, 0x8044,
   0x8006, 0x7f8c, 0x7f9b, 0x8034, 0x8044, 0x8072, 0x8034, 0x8090, 0x8016,
   0x8006, 0x8090, 0x8072, 0x8053, 0x80be, 0x8025, 0x7f5e, 0x7f4e, 0x8016,
   0x8090, 0x8006, 0x7e96, 0x7e1c, 0x7dde, 0x7dfd, 0x7ef2, 0x7f20, 0x7f7c,
   0x8034, 0x8044, 0x8053, 0x8044, 0x7f3f, 0x7ed4, 0x7e4a, 0x7f02, 0x7f8c,
   0x7eb5, 0x7eb5, 0x7ed4, 0x7fe8, 0x8072, 0x80af, 0x80be, 0x8006, 0x7ff7,
   0x7f5e, 0x7f7c, 0x7f6d, 0x7f7c, 0x7fe8, 0x7fe8, 0x7fd8, 0x8016, 0x8006,
   0x7faa, 0x7fe8, 0x7f7c, 0x7f4e, 0x7f5e, 0x7f5e, 0x7f4e, 0x7ff7, 0x8006,
   0x7ff7, 0x8006, 0x8062, 0x8081, 0x8053, 0x8016, 0x7f7c, 0x7ea6, 0x7ec4,
   0x7e68, 0x7f20, 0x8034, 0x8025, 0x8044, 0x8034, 0x7fc9, 0x8016, 0x8072,
   0x8081, 0x8044, 0x8034, 0x8053, 0x8062, 0x8006, 0x8006, 0x8044, 0x8034,
   0x8034, 0x7fc9, 0x7fd8, 0x7fd8, 0x7ff7, 0x7fe8, 0x7fc9, 0x7faa, 0x7f9b,
   0x7fc9, 0x7f7c, 0x7fc9, 0x7f7c, 0x7f6d, 0x7f9b, 0x7faa, 0x8006, 0x7ff7,
   0x7fe8, 0x8006, 0x7ff7, 0x7fba, 0x8006, 0x7fba, 0x7fc9, 0x7f8c, 0x7f5e,
   0x7f9b, 0x7f3f, 0x7f5e, 0x7faa, 0x7fd8, 0x7faa, 0x7fba, 0x7fd8, 0x7fba,
   0x7f9b, 0x7f7c, 0x7fe8, 0x8016, 0x7fd8, 0x7fc9, 0x80be, 0x8034, 0x7ff7,
   0x8034, 0x8006, 0x7f02, 0x7f8c, 0x7fc9, 0x8006, 0x7f9b, 0x7faa, 0x8034,
   0x8062, 0x8081, 0x8072, 0x8006, 0x7f9b, 0x7f9b, 0x8016, 0x80af, 0x80ec,
   0x8090, 0x7f7c, 0x7f11, 0x7f4e, 0x7f8c, 0x7ff7, 0x7fba, 0x7fd8, 0x7fe8,
   0x8006, 0x7fba, 0x7f6d, 0x7f8c, 0x7ff7, 0x7fd8, 0x7fe8, 0x8062, 0x80dd,
   0x811a, 0x80a0, 0x8081, 0x8025, 0x7f9b, 0x7faa, 0x7ef2, 0x7f8c, 0x7ff7,
   0x8053, 0x80ec, 0x80fc, 0x8081, 0x8072, 0x8025, 0x7fd8, 0x8006, 0x8025,
   0x8072, 0x80a0, 0x8006, 0x7fe8, 0x8006, 0x8034, 0x7f8c, 0x7f6d, 0x7ff7,
   0x7f6d, 0x7ff7, 0x8006, 0x8006, 0x8016, 0x8072, 0x8025, 0x8006, 0x8025,
   0x7ff7, 0x7faa, 0x8016, 0x8044, 0x80a0, 0x8072, 0x8062, 0x8081, 0x7faa,
   0x7f3f, 0x7f02, 0x7fe8, 0x7fe8, 0x7f4e, 0x7fc9, 0x8053, 0x8081, 0x8081,
   0x8072, 0x8072, 0x80a0, 0x8053, 0x8081, 0x8016, 0x8006, 0x7ff7, 0x8006,
   0x7ff7, 0x7fd8, 0x8006, 0x8016, 0x7fd8, 0x7faa, 0x7fd8, 0x7fd8, 0x7f8c,
   0x7fd8, 0x8016, 0x8006, 0x7ff7, 0x7fba, 0x8025, 0x8016, 0x8044, 0x7fba,
   0x7fba, 0x7f4e, 0x7f9b, 0x7ff7, 0x7f8c, 0x7f9b, 0x8016, 0x8006, 0x8025,
   0x8034, 0x8044, 0x8072, 0x8090, 0x8006, 0x7e96, 0x7f11, 0x7faa, 0x8016,
   0x8016, 0x810b, 0x80be, 0x80a0, 0x8016, 0x8016, 0x7fe8, 0x7faa, 0x7fc9,
   0x7fe8, 0x7fd8, 0x8034, 0x8025, 0x7fd8, 0x7ec4, 0x7f20, 0x7f9b, 0x8016,
   0x8006, 0x8081, 0x8044, 0x8006, 0x8025, 0x7ff7, 0x8016, 0x7fc9, 0x7f7c,
   0x7f9b, 0x7fc9, 0x7fd8, 0x8034, 0x7fe8, 0x8006, 0x8006, 0x7f9b, 0x7f9b,
   0x7faa, 0x7f7c, 0x7f5e, 0x7f4e, 0x7f7c, 0x7f8c, 0x7fba, 0x7f4e, 0x7f9b,
   0x7f9b, 0x7faa, 0x7fe8, 0x7fba, 0x7f11, 0x7fba, 0x7fc9, 0x7f6d, 0x7faa,
   0x7faa, 0x8016, 0x8016, 0x8016, 0x8016, 0x8044, 0x8034, 0x7f9b, 0x7f30,
   0x7ee3, 0x7ef2, 0x7f11, 0x7f9b, 0x8025, 0x80a0, 0x80fc, 0x8186, 0x823e,
   0x81f1, 0x8025, 0x7eb5, 0x7e59, 0x7f02, 0x7f02, 0x7fe8, 0x7faa, 0x7f02,
   0x7f11, 0x7f3f, 0x7f9b, 0x7faa, 0x8006, 0x8025, 0x8006, 0x8062, 0x8006,
   0x7fba, 0x7fc9, 0x8034, 0x8062, 0x7fe8, 0x8016, 0x80af, 0x80dd, 0x80ce,
   0x811a, 0x80af, 0x7fe8, 0x7f02, 0x7e87, 0x7f8c, 0x7f9b, 0x7f8c, 0x8016,
   0x8034, 0x8006, 0x8016, 0x7ff7, 0x7fc9, 0x8034, 0x8016, 0x8044, 0x8062,
   0x8053, 0x7fc9, 0x7f7c, 0x7f8c, 0x7f7c, 0x7f9b, 0x7fc9, 0x7f9b, 0x7f9b,
   0x7f7c, 0x8006, 0x8006, 0x8062, 0x8044, 0x7fba, 0x7fc9, 0x7fc9, 0x7fe8,
   0x7fc9, 0x8006, 0x8081, 0x8090, 0x8044, 0x7fe8, 0x7fd8, 0x8016, 0x7f9b,
   0x7fc9, 0x8016, 0x8006, 0x7fe8, 0x7fd8, 0x7fc9, 0x7f6d, 0x7f6d, 0x8006,
   0x8034, 0x8034, 0x8062, 0x8090, 0x7f8c, 0x7f5e, 0x7ee3, 0x7f3f, 0x7f5e,
   0x7f3f, 0x7f9b, 0x8025, 0x8090, 0x8044, 0x7fba, 0x7f8c, 0x7fd8, 0x7fc9,
   0x7ff7, 0x8062, 0x7fba, 0x8006, 0x7fba, 0x7f8c, 0x7fe8, 0x8006, 0x7fc9,
   0x7f8c, 0x8025, 0x8006, 0x8034, 0x7ff7, 0x7fc9, 0x7fc9, 0x7f5e, 0x7fc9,
   0x7f8c, 0x7f4e, 0x8006, 0x8006, 0x8006, 0x8025, 0x8034, 0x8006, 0x8044,
   0x8006, 0x7fe8, 0x7f11, 0x7fc9, 0x7ff7, 0x8006, 0x8025, 0x8072, 0x80a0,
   0x8072, 0x8034, 0x8044, 0x8053, 0x80be, 0x8062, 0x8072, 0x8006, 0x8025,
   0x8090, 0x7ff7, 0x8081, 0x8090, 0x80af, 0x8090, 0x8081, 0x80af, 0x8090,
   0x8062, 0x8025, 0x8016, 0x8025, 0x8053, 0x8072, 0x8072, 0x8016, 0x7fd8,
   0x7f6d, 0x7faa, 0x7fe8, 0x7faa, 0x8006, 0x8006, 0x8072, 0x8081, 0x8006,
   0x7faa, 0x7fba, 0x7ff7, 0x8006, 0x7ff7, 0x8006, 0x8045, 0x8073, 0x8148,
   0x80fc, 0x8072, 0x8062, 0x8025, 0x8025, 0x7ed4, 0x7e96, 0x7ea6, 0x7f02,
   0x7ee3, 0x7f8c, 0x7fba, 0x7faa, 0x7fe8, 0x7f6d, 0x7f7c, 0x7f7c, 0x7fba,
   0x7ff7, 0x7fba, 0x7f8c, 0x7fc9, 0x7f30, 0x7f4e, 0x7fe8, 0x8006, 0x7f7c,
   0x7f4e, 0x7f3f, 0x7ff7, 0x7fd8, 0x7f7c, 0x7fc9, 0x7fd8, 0x8006, 0x7f5e,
   0x7f7c, 0x7f20, 0x7f4e, 0x7f30, 0x7f3f, 0x7f3f, 0x7f5e, 0x7f7c, 0x7fe8,
   0x7fd8, 0x7f20, 0x7f9b, 0x7fba, 0x7f8c, 0x7f5e, 0x7fc9, 0x7fc9, 0x7fd8,
   0x7f8c, 0x8053, 0x8090, 0x8081, 0x7ff7, 0x7f4e, 0x7ed4, 0x7fc9, 0x8016,
   0x8016, 0x8062, 0x8044, 0x8034, 0x7ff7, 0x8006, 0x7fc9, 0x7fc9, 0x7f8c,
   0x7fd8, 0x8025, 0x8072, 0x8025, 0x8072, 0x7fe8, 0x8044, 0x8044, 0x8025,
   0x8090, 0x811a, 0x8072, 0x8025, 0x8081, 0x8025, 0x8034, 0x7fd8, 0x7ff7,
   0x8006, 0x8006, 0x7ff7, 0x8062, 0x8044, 0x8053, 0x8025, 0x8072, 0x8062,
   0x8034, 0x8025, 0x7f9b, 0x7faa, 0x7fd8, 0x7ff7, 0x7fe8, 0x8006, 0x8044,
   0x8025, 0x7f8c, 0x8044, 0x8034, 0x80a0, 0x80be, 0x80ec, 0x80be, 0x8062,
   0x8053, 0x7f9b, 0x8034, 0x8006, 0x8053, 0x8016, 0x80af, 0x8062, 0x8062,
   0x8016, 0x8034, 0x8090, 0x8006, 0x8016, 0x8025, 0x8016, 0x7fc9, 0x7fc9,
   0x8025, 0x7fd8, 0x7f30, 0x7f7c, 0x7fba, 0x7fd8, 0x8006, 0x7fd8, 0x7ff7,
   0x8034, 0x7fd8, 0x7fba, 0x7faa, 0x7fd8, 0x7ff7, 0x8090, 0x8062, 0x8016,
   0x7ff7, 0x7fd8, 0x7f9b, 0x7f8c, 0x8006, 0x7fd8, 0x7fba, 0x7ff7, 0x8053,
   0x8044, 0x7f6d, 0x7fe8, 0x7ff7, 0x8044, 0x8062, 0x8053, 0x8025, 0x8006,
   0x8025, 0x8072, 0x8090, 0x8062, 0x8006, 0x8016, 0x7fd8, 0x7f6d, 0x7f5e,
   0x7eb5, 0x7e87, 0x7f4e, 0x7fc9, 0x8044, 0x7fe8, 0x7fe8, 0x8034, 0x7fba,
   0x7f7c, 0x7f9b, 0x7f7c, 0x7faa, 0x7f4e, 0x7f4e, 0x7f6d, 0x7fe8, 0x7faa,
   0x8053, 0x8016, 0x7faa, 0x7ff7, 0x7fba, 0x7f3f, 0x7fe8, 0x7f20, 0x7f5e,
   0x7f9b, 0x7f9b, 0x7fe8, 0x8006, 0x8053, 0x7fd8, 0x7f4e, 0x7f4e, 0x7faa,
   0x7fc9, 0x8006, 0x7fe8, 0x7f5e, 0x7fc9, 0x7f6d, 0x7fe8, 0x7f8c, 0x7f6d,
   0x7fe8, 0x8006, 0x80a0, 0x8081, 0x8081, 0x80af, 0x8053, 0x8034, 0x7fc9,
   0x7f5e, 0x7f02, 0x7f5e, 0x7f9b, 0x7fc9, 0x8006, 0x7fc9, 0x7f9b, 0x7f3f,
   0x7f4e, 0x7fba, 0x8016, 0x80a0, 0x7ff7, 0x7faa, 0x7faa, 0x7fe8, 0x7ff7,
   0x8016, 0x8044, 0x8062, 0x8072, 0x8016, 0x8016, 0x7faa, 0x7f8c, 0x8044,
   0x8090, 0x8034, 0x8006, 0x8044, 0x8072, 0x8062, 0x80fc, 0x8006, 0x7fd8,
   0x7fd8, 0x7fd8, 0x7ff7, 0x7f6d, 0x8006, 0x8006, 0x7fe8, 0x7ff7, 0x7fba,
   0x7fd8, 0x7fe8, 0x7fd8, 0x7fd8, 0x7fd8, 0x8006, 0x7fba, 0x7fc9, 0x7f6d,
   0x7f9b, 0x7f7c, 0x8016, 0x80be, 0x80af, 0x7fe8, 0x8006, 0x8016, 0x8034,
   0x8090, 0x8016, 0x7ff7, 0x7fd8, 0x7fd8, 0x7f6d, 0x7f9b, 0x7f7c, 0x8006,
   0x8006, 0x7fba, 0x7faa, 0x7fd8, 0x7ff7, 0x8006, 0x8006, 0x7ff7, 0x7f7c,
   0x7ef2, 0x7ed4, 0x7eb5, 0x7f11, 0x8006, 0x8044, 0x80af, 0x8044, 0x7f9b,
   0x7f3f, 0x7f8c, 0x8006, 0x8072, 0x8139, 0x81a4, 0x80be, 0x8090, 0x8139,
   0x80ec, 0x8090, 0x8090, 0x8044, 0x7fc9, 0x7fd8, 0x7ff7, 0x8006, 0x8006,
   0x7f11, 0x7f02, 0x7f4e, 0x7ef2, 0x7f3f, 0x7f02, 0x7f5e, 0x7fba, 0x7fd8,
   0x8044, 0x7fc9, 0x7ee3, 0x7ed4, 0x7ee3, 0x7f5e, 0x7fe8, 0x80af, 0x8006,
   0x7fc9, 0x8016, 0x8053, 0x8053, 0x7ff7, 0x7fe8, 0x7f7c, 0x7f9b, 0x8016,
   0x8062, 0x8072, 0x8062, 0x8006, 0x7f8c, 0x7f5e, 0x7f8c, 0x8006, 0x80af,
   0x812a, 0x811a, 0x8006, 0x7f3f, 0x7f5e, 0x7faa, 0x8053, 0x80a0, 0x80ce,
   0x8072, 0x8044, 0x8006, 0x8006, 0x8016, 0x8034, 0x8016, 0x8006, 0x8044,
   0x8016, 0x7ff7, 0x8072, 0x7ff7, 0x7f9b, 0x7faa, 0x8006, 0x8025, 0x8034,
   0x80ce, 0x80a0, 0x8044, 0x8006, 0x8025, 0x8034, 0x8006, 0x7f9b, 0x8006,
   0x7fd8, 0x7fc9, 0x7f5e, 0x7ec4, 0x7f20, 0x7f9b, 0x7faa, 0x8006, 0x8006,
   0x8034, 0x7fd8, 0x7fc9, 0x7ff7, 0x8044, 0x8072, 0x7ff7, 0x8006, 0x7f20,
   0x7e87, 0x7ef2, 0x7f20, 0x7f20, 0x7f9b, 0x8062, 0x8034, 0x7ff7, 0x8054,
   0x8034, 0x8044, 0x8026, 0x8064, 0x8017, 0x7fd8, 0x8044, 0x80ec, 0x80a0,
   0x8072, 0x8044, 0x8053, 0x8006, 0x7ff7, 0x7ff7, 0x8025, 0x7ff7, 0x7fe8,
   0x8090, 0x8072, 0x7fe8, 0x7f8c, 0x7f6d, 0x7f7c, 0x8006, 0x8006, 0x7fba,
   0x7f8c, 0x7fc9, 0x8025, 0x8053, 0x7fba, 0x7fe8, 0x8053, 0x7ff7, 0x8034,
   0x80a0, 0x8090, 0x8081, 0x8062, 0x8006, 0x8006, 0x7fc9, 0x8006, 0x8016,
   0x7faa, 0x7f8c, 0x7faa, 0x8006, 0x8034, 0x80be, 0x8139, 0x80dd, 0x7fe8,
   0x7f5e, 0x7ea6, 0x7f4e, 0x7ef2, 0x7f3f, 0x7f4e, 0x7f8c, 0x8025, 0x8053,
   0x8025, 0x8006, 0x7f6d, 0x8006, 0x8025, 0x80be, 0x8158, 0x80ec, 0x8044,
   0x8072, 0x80a0, 0x8044, 0x8044, 0x8044, 0x8034, 0x7fd8, 0x7f8c, 0x7fd8,
   0x8034, 0x8034, 0x7ff7, 0x8006, 0x8006, 0x8034, 0x8025, 0x8016, 0x7fba,
   0x7f02, 0x7e59, 0x7e78, 0x7f02, 0x7f30, 0x7f5e, 0x7f9b, 0x8062, 0x8090,
   0x8025, 0x7fd8, 0x7f7c, 0x8016, 0x8006, 0x8006, 0x7f5e, 0x7f11, 0x7ec4,
   0x7f6d, 0x7fd8, 0x8044, 0x8072, 0x7ff7, 0x8081, 0x8062, 0x8034, 0x7fd8,
   0x7fba, 0x7faa, 0x7f4e, 0x7f3f, 0x7fba, 0x7fd8, 0x7f20, 0x7f30, 0x7f7c,
   0x7f8c, 0x7f5e, 0x7f8c, 0x8006, 0x8034, 0x8006, 0x7f8c, 0x7fe8, 0x7ff7,
   0x8016, 0x7ff7, 0x7fc9, 0x7f4e, 0x7f9b, 0x7fd8, 0x7fba, 0x7fd8, 0x7f8c,
   0x7f8c, 0x7fd8, 0x8053, 0x8006, 0x8062, 0x8053, 0x8006, 0x7fc9, 0x7f9b,
   0x7fba, 0x7f9b, 0x7faa, 0x8006, 0x8072, 0x8006, 0x7fe8, 0x8016, 0x8072,
   0x8053, 0x8072, 0x8053, 0x8034, 0x8044, 0x8053, 0x7fe8, 0x8006, 0x7ff7,
   0x7f4e, 0x7f4e, 0x8053, 0x7fba, 0x8006, 0x7f8c, 0x7faa, 0x8006, 0x7f7c,
   0x7f6d, 0x8016, 0x8044, 0x8062, 0x8081, 0x8034, 0x7faa, 0x7f7c, 0x7fd8,
   0x8034, 0x8072, 0x8090, 0x8081, 0x80ce, 0x80a0, 0x7f8c, 0x7e96, 0x7e96,
   0x7fc9, 0x8006, 0x8006, 0x8006, 0x7fe8, 0x8016, 0x8072, 0x8044, 0x8081,
   0x80be, 0x8025, 0x8044, 0x8053, 0x80af, 0x8062, 0x7f8c, 0x7f3f, 0x7f8c,
   0x7fba, 0x8034, 0x8044, 0x7ff7, 0x8006, 0x7faa, 0x7ed4, 0x7f4e, 0x7fba,
   0x8006, 0x8025, 0x8016, 0x8053, 0x8025, 0x7ee3, 0x7faa, 0x8053, 0x8062,
   0x8044, 0x8090, 0x8072, 0x8053, 0x8006, 0x8044, 0x8034, 0x7fd8, 0x7fd8,
   0x8044, 0x80ec, 0x8072, 0x8034, 0x80a0, 0x8044, 0x8006, 0x8090, 0x8034,
   0x7fd8, 0x7fe8, 0x8053, 0x8044, 0x80a0, 0x80a0, 0x80a0, 0x8072, 0x80be,
   0x8044, 0x8006, 0x8025, 0x7f6d, 0x7f7c, 0x7f3f, 0x7f5e, 0x7fba, 0x8016,
   0x7f4e, 0x7f20, 0x7f8c, 0x7f8c, 0x8034, 0x7fba, 0x7fba, 0x8006, 0x8025,
   0x8044, 0x8062, 0x8034, 0x8006, 0x8072, 0x8006, 0x8053, 0x8034, 0x8006,
   0x8016, 0x8006, 0x7fe8, 0x7fe8, 0x7f8c, 0x7fba, 0x7faa, 0x7fd8, 0x7f5e,
   0x7fba, 0x7fe8, 0x7f9b, 0x7f6d, 0x7f02, 0x7fc9, 0x7fc9, 0x7f9b, 0x7faa,
   0x8006, 0x8072, 0x8025, 0x8006, 0x7f7c, 0x7fba, 0x7f11, 0x7f11, 0x7f8c,
   0x7f7c, 0x7faa, 0x7f7c, 0x7fba, 0x8006, 0x8062, 0x80af, 0x8072, 0x8034,
   0x7ff7, 0x7ff7, 0x7f9b, 0x7fe8, 0x7f9b, 0x7f7c, 0x7f30, 0x7fd8, 0x7fd8,
   0x7fc9, 0x7fc9, 0x8016, 0x7f8c, 0x7f7c, 0x7fba, 0x7fc9, 0x7fba, 0x7f9b,
   0x7faa, 0x7ff7, 0x7f7c, 0x7e68, 0x7e1c, 0x7f02, 0x8006, 0x80af, 0x80ce,
   0x8139, 0x81c3, 0x81b4, 0x8210, 0x812a, 0x8072, 0x8062, 0x80be, 0x80fc,
   0x81d2, 0x8158, 0x80ec, 0x8081, 0x8044, 0x7ff7, 0x7faa, 0x7f7c, 0x8006,
   0x8090, 0x8072, 0x8053, 0x7fba, 0x7ee3, 0x7eb5, 0x7ec4, 0x7f7c, 0x7f7c,
   0x8006, 0x8062, 0x8044, 0x7fd8, 0x7f20, 0x7ef2, 0x7f11, 0x7f30, 0x7fd8,
   0x8025, 0x8053, 0x80be, 0x80a0, 0x8016, 0x7f30, 0x7e0c, 0x7e0c, 0x7ec4,
   0x7f5e, 0x7ff7, 0x80ce, 0x80ce, 0x80ce, 0x80af, 0x8090, 0x8016, 0x7f7c,
   0x7ee3, 0x7e87, 0x7f7c, 0x7fba, 0x8053, 0x80fc, 0x80fc, 0x812a, 0x81e2,
   0x8220, 0x8072, 0x7f8c, 0x7f3f, 0x7f7c, 0x7eb5, 0x7e2b, 0x7e59, 0x7e96,
   0x7e96, 0x7f4e, 0x7f5e, 0x7f6d, 0x7faa, 0x8044, 0x8072, 0x8006, 0x8062,
   0x8081, 0x8016, 0x7f9b, 0x8006, 0x7fd8, 0x7f9b, 0x7faa, 0x7fd8, 0x7ed4,
   0x7ec4, 0x7fba, 0x8062, 0x7ff7, 0x7fc9, 0x8016, 0x8072, 0x80a0, 0x80a0,
   0x8072, 0x7fe8, 0x7fd8, 0x7fc9, 0x7fba, 0x7faa, 0x7f9b, 0x8006, 0x8025,
   0x80be, 0x80ec, 0x8062, 0x8090, 0x7ff7, 0x7f4e, 0x7f11, 0x7e78, 0x7e0c,
   0x7eb5, 0x7f3f, 0x7fe8, 0x80be, 0x8081, 0x8006, 0x7fd8, 0x7fd8, 0x8072,
   0x80dd, 0x8090, 0x8081, 0x8034, 0x7fba, 0x7f7c, 0x7f3f, 0x7ee3, 0x7ed4,
   0x7ec4, 0x7faa, 0x7fc9, 0x7fe8, 0x8081, 0x8053, 0x8081, 0x8006, 0x7f20,
   0x7ee3, 0x7ee3, 0x7f9b, 0x8053, 0x80dd, 0x8016, 0x7ff7, 0x7fc9, 0x8016,
   0x7ff7, 0x8053, 0x8034, 0x7ff7, 0x7f4e, 0x7faa, 0x7fd8, 0x8006, 0x8034,
   0x8090, 0x8090, 0x8090, 0x8006, 0x8016, 0x8006, 0x8025, 0x8081, 0x8072,
   0x8062, 0x80be, 0x8072, 0x8090, 0x80ec, 0x8090, 0x80be, 0x8006, 0x8006,
   0x7fd8, 0x7fc9, 0x7fba, 0x7f5e, 0x7f5e, 0x7f20, 0x7f8c, 0x7f9b, 0x7fd8,
   0x7ff7, 0x8044, 0x8006, 0x8044, 0x8034, 0x8025, 0x8025, 0x7fba, 0x7fe8,
   0x8053, 0x80be, 0x810b, 0x8148, 0x8176, 0x811a, 0x80be, 0x7ff7, 0x7fd8,
   0x7ff7, 0x8053, 0x8081, 0x80ec, 0x8139, 0x80ce, 0x8053, 0x8034, 0x8034,
   0x80dd, 0x8072, 0x80ec, 0x8072, 0x8072, 0x8072, 0x8090, 0x8062, 0x7ff7,
   0x8006, 0x8025, 0x7ff7, 0x7fe8, 0x8006, 0x8044, 0x8072, 0x811a, 0x80be,
   0x8139, 0x80ce, 0x80af, 0x8090, 0x8062, 0x8006, 0x7fc9, 0x7fc9, 0x7fd8,
   0x8016, 0x8090, 0x80be, 0x80a0, 0x8062, 0x8006, 0x8006, 0x8062, 0x8062,
   0x7ff7, 0x7ff7, 0x8006, 0x7fc9, 0x7fba, 0x7f7c, 0x7f11, 0x7faa, 0x8034,
   0x8044, 0x8090, 0x8053, 0x8016, 0x8006, 0x8025, 0x7fe8, 0x7fe8, 0x8006,
   0x8053, 0x8025, 0x7faa, 0x7ef2, 0x7ef2, 0x7f11, 0x7f02, 0x7f20, 0x8062,
   0x8044, 0x8044, 0x8090, 0x80fc, 0x80a0, 0x8034, 0x8025, 0x7faa, 0x7f6d,
   0x7fc9, 0x8081, 0x8090, 0x80a0, 0x80ec, 0x80fc, 0x8053, 0x8072, 0x8044,
   0x8016, 0x7fc9, 0x7f7c, 0x7fc9, 0x7fba, 0x7faa, 0x7fba, 0x7ff7, 0x8006,
   0x8053, 0x8062, 0x7fc9, 0x7ef2, 0x7ec4, 0x7faa, 0x7fd8, 0x8006, 0x8006,
   0x8044, 0x7f8c, 0x7faa, 0x7f6d, 0x7f4e, 0x7ea6, 0x7ea6, 0x7e87, 0x7e96,
   0x7ee3, 0x7f30, 0x7ff7, 0x8062, 0x8044, 0x8016, 0x7fd8, 0x8016, 0x7fc9,
   0x7fe8, 0x8006, 0x8016, 0x7fe8, 0x7fba, 0x7fba, 0x8025, 0x8025, 0x8025,
   0x7fe8, 0x7fe8, 0x8006, 0x7f9b, 0x7f9b, 0x7f9b, 0x8025, 0x80be, 0x811a,
   0x80fc, 0x80ce, 0x812a, 0x810b, 0x80ec, 0x80fc, 0x80ce, 0x8044, 0x8006,
   0x8006, 0x7fd8, 0x7f6d, 0x7fe8, 0x7ff7, 0x7fe8, 0x7f7c, 0x7fe8, 0x7f8c,
   0x7ee3, 0x7f7c, 0x7fe8, 0x8044, 0x8081, 0x8053, 0x8081, 0x8025, 0x8025,
   0x7fc9, 0x7fc9, 0x7ff7, 0x7fe8, 0x8016, 0x8034, 0x8072, 0x8053, 0x8006,
   0x8006, 0x7ff7, 0x8006, 0x8025, 0x8081, 0x80a0, 0x8062, 0x8053, 0x80a0,
   0x80be, 0x8062, 0x8006, 0x7fba, 0x7f9b, 0x7fe8, 0x8025, 0x8006, 0x7ff7,
   0x7ff7, 0x7f6d, 0x8006, 0x8053, 0x8072, 0x8090, 0x8081, 0x8090, 0x8006,
   0x8025, 0x7fe8, 0x8034, 0x8034, 0x8072, 0x7fd8, 0x8034, 0x80a0, 0x8016,
   0x7f5e, 0x7faa, 0x7f6d, 0x7f4e, 0x7faa, 0x7f9b, 0x7f9b, 0x7fc9, 0x7fd8,
   0x7fc9, 0x7fd8, 0x7fe8, 0x8006, 0x8006, 0x7fd8, 0x7fd8, 0x7fd8, 0x8006,
   0x7f8c, 0x8044, 0x8006, 0x7ff7, 0x8006, 0x7fc9, 0x7f8c, 0x7fba, 0x7f5e,
   0x7fba, 0x7f9b, 0x7fe8, 0x7fba, 0x7f9b, 0x7f3f, 0x7e96, 0x7ea6, 0x7ef2,
   0x7f9b, 0x8006, 0x7f9b, 0x7f9b, 0x7faa, 0x7f8c, 0x7faa, 0x7f8c, 0x7f7c,
   0x7faa, 0x8025, 0x7fe8, 0x7faa, 0x7f7c, 0x7f9b, 0x7f8c, 0x8006, 0x7fd8,
   0x7fba, 0x8006, 0x8072, 0x8006, 0x8062, 0x8044, 0x80be, 0x80af, 0x8090,
   0x8053, 0x8006, 0x8062, 0x8072, 0x8025, 0x8025, 0x8006, 0x7ff7, 0x8044,
   0x8025, 0x8006, 0x8072, 0x8025, 0x8062, 0x8034, 0x8062, 0x8053, 0x8034,
   0x8025, 0x8053, 0x80be, 0x8044, 0x7f30, 0x7f7c, 0x7f6d, 0x7ff7, 0x8006,
   0x7fe8, 0x8006, 0x7fe8, 0x8006, 0x7fc9, 0x7f4e, 0x7ff7, 0x8034, 0x7faa,
   0x7fba, 0x7faa, 0x7fd8, 0x8006, 0x8006, 0x7fd8, 0x8006, 0x7fc9, 0x7fba,
   0x7faa, 0x8034, 0x8044, 0x8006, 0x8025, 0x8053, 0x7fc9, 0x7fd8, 0x7ff7,
   0x8006, 0x7f8c, 0x7ee3, 0x7ee3, 0x7fc9, 0x7fc9, 0x8006, 0x8062, 0x7fd8,
   0x8006, 0x80af, 0x8090, 0x8090, 0x8062, 0x8034, 0x80a0, 0x8090, 0x80dd,
   0x80ce, 0x8062, 0x8072, 0x80be, 0x8081, 0x8090, 0x8081, 0x8016, 0x7fc9,
   0x7f8c, 0x7f11, 0x7f11, 0x7f8c, 0x7f5e, 0x7f8c, 0x7ed4, 0x7f5e, 0x7f4e,
   0x7ee3, 0x7ea6, 0x7ea6, 0x7ee3, 0x7f9b, 0x8062, 0x8081, 0x8195, 0x824d,
   0x8195, 0x7fd8, 0x7e78, 0x7e59, 0x7e78, 0x7ed4, 0x7f3f, 0x7fba, 0x7fba,
   0x7fba, 0x7ff7, 0x7f8c, 0x7e2b, 0x7d08, 0x7c31, 0x7cda, 0x7e59, 0x7f8c,
   0x80a0, 0x8186, 0x81b4, 0x812a, 0x812a, 0x8167, 0x8176, 0x8148, 0x8167,
   0x80a0, 0x8081, 0x80a0, 0x80a0, 0x8025, 0x8053, 0x8053, 0x8016, 0x8025,
   0x8053, 0x8090, 0x8053, 0x8044, 0x8044, 0x80fc, 0x80a0, 0x8053, 0x8006,
   0x7f11, 0x7eb5, 0x7ec4, 0x7e59, 0x7e68, 0x7e78, 0x7f7c, 0x7f6d, 0x7fc9,
   0x8006, 0x8006, 0x8053, 0x8081, 0x8053, 0x8044, 0x8062, 0x8044, 0x8034,
   0x8044, 0x8034, 0x8053, 0x80a0, 0x80dd, 0x8072, 0x7fc9, 0x7fc9, 0x7f9b,
   0x7f9b, 0x7ed4, 0x7ed4, 0x7f30, 0x7f8c, 0x7fc9, 0x7fe8, 0x8044, 0x8025,
   0x8006, 0x7f6d, 0x7f7c, 0x7f6d, 0x7f5e, 0x8034, 0x8081, 0x8025, 0x8006,
   0x8062, 0x80a0, 0x8016, 0x8053, 0x8006, 0x8053, 0x7fd8, 0x7eb5, 0x7ea6,
   0x7ee3, 0x7f7c, 0x7f7c, 0x7fc9, 0x8016, 0x7fd8, 0x7f7c, 0x7fba, 0x7ff7,
   0x80a0, 0x80a0, 0x80af, 0x7fba, 0x7f5e, 0x7f7c, 0x7f9b, 0x7ee3, 0x7f4e,
   0x7f5e, 0x7f6d, 0x7f7c, 0x7fba, 0x8025, 0x8006, 0x7ef2, 0x7e59, 0x7e59,
   0x7e96, 0x7ee3, 0x7ef2, 0x7faa, 0x8006, 0x8016, 0x7fc9, 0x7e78, 0x7dc0,
   0x7e59, 0x7e3a, 0x7ee3, 0x7fba, 0x8072, 0x8139, 0x80dd, 0x812a, 0x8139,
   0x80dd, 0x80be, 0x8090, 0x80af, 0x80fc, 0x80fc, 0x8158, 0x80af, 0x8016,
   0x8006, 0x8006, 0x8072, 0x8081, 0x8006, 0x7fe8, 0x7ff7, 0x8016, 0x8053,
   0x8072, 0x8006, 0x8053, 0x8006, 0x8044, 0x80dd, 0x80af, 0x80af, 0x80ec,
   0x80dd, 0x8034, 0x8053, 0x80a0, 0x8053, 0x8044, 0x7fba, 0x8034, 0x80be,
   0x8139, 0x8139, 0x8158, 0x80dd, 0x8072, 0x8034, 0x8016, 0x7fe8, 0x7fc9,
   0x7fba, 0x7fc9, 0x7fc9, 0x7fd8, 0x8034, 0x7fe8, 0x7fc9, 0x7ff7, 0x7ff7,
   0x7f4e, 0x7f9b, 0x7ff7, 0x8025, 0x7fd8, 0x80a0, 0x8016, 0x8053, 0x8044,
   0x8025, 0x8044, 0x8072, 0x8081, 0x8034, 0x7fba, 0x7f7c, 0x7fe8, 0x7fd8,
   0x7ff7, 0x7fc9, 0x7faa, 0x8006, 0x8016, 0x8072, 0x8090, 0x7fc9, 0x7ed4,
   0x7fba, 0x8062, 0x8081, 0x8053, 0x7fba, 0x7ef2, 0x7ee3, 0x7ee3, 0x7eb5,
   0x7ee3, 0x7f11, 0x7ee3, 0x7ef2, 0x7f5e, 0x7fd8, 0x8016, 0x8016, 0x7fc9,
   0x7fba, 0x8006, 0x8072, 0x8016, 0x8016, 0x7fd8, 0x7fd8, 0x8034, 0x7ff7,
   0x8006, 0x8044, 0x8072, 0x8044, 0x7f9b, 0x7fc9, 0x8006, 0x7fe8, 0x8044,
   0x8090, 0x80dd, 0x8062, 0x8006, 0x7f9b, 0x7fba, 0x7f7c, 0x7fc9, 0x8006,
   0x8034, 0x8006, 0x7ff7, 0x80a0, 0x80fc, 0x8139, 0x80af, 0x80a0, 0x80af,
   0x8072, 0x8053, 0x8016, 0x7fe8, 0x7fd8, 0x8025, 0x7ff7, 0x7ff7, 0x8006,
   0x7fe8, 0x7fd8, 0x7fc9, 0x8006, 0x8025, 0x8072, 0x7fc9, 0x7faa, 0x7f4e,
   0x7fba, 0x7fd8, 0x8006, 0x7faa, 0x7f30, 0x7ef2, 0x7f8c, 0x7f20, 0x7fe8,
   0x7f5e, 0x7f7c, 0x7f9b, 0x7f31, 0x7ed4, 0x7ef2, 0x7f30, 0x7fd8, 0x7fc9,
   0x7f1f, 0x7ef2, 0x7f3e, 0x7fd8, 0x8006, 0x7f6d, 0x7fba, 0x8034, 0x8090,
   0x80af, 0x8053, 0x80dd, 0x80a0, 0x8025, 0x8006, 0x7f8c, 0x7f3f, 0x7ee3,
   0x7f6d, 0x7f7c, 0x7f6d, 0x7fd8, 0x8006, 0x7fba, 0x7fba, 0x8053, 0x8072,
   0x8062, 0x8034, 0x8053, 0x8044, 0x8044, 0x8016, 0x8006, 0x8016, 0x80a0,
   0x80dd, 0x811a, 0x80ec, 0x8072, 0x8062, 0x80a0, 0x8090, 0x80ce, 0x8081,
   0x80af, 0x8081, 0x8062, 0x8034, 0x8053, 0x8081, 0x8062, 0x80dd, 0x8044,
   0x8006, 0x7fc9, 0x7f9b, 0x7fc9, 0x7f9b, 0x7fe8, 0x8006, 0x8081, 0x80a0,
   0x8072, 0x7fc9, 0x7fd8, 0x7ff7, 0x7fe8, 0x7ff7, 0x7fe8, 0x7fe8, 0x7fd8,
   0x7fc9, 0x7f4e, 0x7f8c, 0x7faa, 0x8006, 0x8053, 0x80be, 0x8176, 0x81a4,
   0x811a, 0x80ce, 0x80fc, 0x80dd, 0x8072, 0x8034, 0x8016, 0x7fc9, 0x8062,
   0x8025, 0x8006, 0x8025, 0x7fc9, 0x7ff7, 0x8053, 0x8034, 0x8062, 0x7fd8,
   0x7fe8, 0x7fba, 0x8006, 0x7f6d, 0x7f6d, 0x7f7c, 0x7f20, 0x7fc9, 0x7fba,
   0x8053, 0x8053, 0x7f8c, 0x7f6d, 0x7f4e, 0x7f5e, 0x7ee3, 0x7ea6, 0x7f5e,
   0x7fe8, 0x8016, 0x8044, 0x8053, 0x8072, 0x7fd8, 0x7fc9, 0x7ff7, 0x7fba,
   0x7f6d, 0x7f7c, 0x8006, 0x8062, 0x8025, 0x8072, 0x7fc9, 0x7fba, 0x7faa,
   0x7faa, 0x7fd8, 0x8006, 0x7fe8, 0x8025, 0x8062, 0x8016, 0x7fc9, 0x7fba,
   0x7fba, 0x7faa, 0x7faa, 0x7f11, 0x7f20, 0x7f8c, 0x7fba, 0x8081, 0x8072,
   0x80fc, 0x80ec, 0x8044, 0x7f8c, 0x7f30, 0x7f6d, 0x7fe8, 0x7ff7, 0x8044,
   0x8025, 0x8016, 0x7fe8, 0x7faa, 0x7f8c, 0x7fc9, 0x7fd8, 0x7fd8, 0x7f4e,
   0x7ee3, 0x7f3f, 0x7f7c, 0x7f9b, 0x8006, 0x8025, 0x7fe8, 0x7f7c, 0x7faa,
   0x7fc9, 0x7fd8, 0x7fc9, 0x7fe8, 0x8006, 0x8016, 0x8025, 0x7fd8, 0x8025,
   0x8062, 0x80a0, 0x7fc9, 0x7fc9, 0x8016, 0x8044, 0x8081, 0x8025, 0x8034,
   0x7f4e, 0x7ef2, 0x7e96, 0x7f02, 0x7f4e, 0x7fc9, 0x7fba, 0x8072, 0x80a0,
   0x80be, 0x8090, 0x8006, 0x8053, 0x8044, 0x8006, 0x8006, 0x8081, 0x7faa,
   0x7f4e, 0x7f7c, 0x7f5e, 0x7ff7, 0x7fc9, 0x8006, 0x7fba, 0x7fd8, 0x8081,
   0x80af, 0x8034, 0x8044, 0x8006, 0x7fc9, 0x7ef2, 0x7ef2, 0x7f02, 0x7ee3,
   0x7ea6, 0x7f9b, 0x7fd8, 0x8034, 0x80be, 0x8072, 0x8034, 0x8025, 0x8016,
   0x7f9b, 0x7f6d, 0x8062, 0x80be, 0x8158, 0x81c3, 0x8148, 0x8062, 0x7ff7,
   0x7f3f, 0x7f30, 0x7faa, 0x8025, 0x8062, 0x8081, 0x8062, 0x80af, 0x8053,
   0x7fc9, 0x7f9b, 0x7fba, 0x8081, 0x80fc, 0x80ec, 0x8016, 0x8053, 0x8016,
   0x8034, 0x8081, 0x8053, 0x8072, 0x8034, 0x8044, 0x8025, 0x8016, 0x8006,
   0x8044, 0x8062, 0x8072, 0x8053, 0x8016, 0x8044, 0x8081, 0x8062, 0x8072,
   0x80af, 0x80af, 0x8044, 0x8062, 0x80a0, 0x7faa, 0x7fe8, 0x8016, 0x7fc9,
   0x7f3f, 0x7f30, 0x7fd8, 0x8034, 0x8025, 0x8025, 0x8053, 0x8081, 0x811a,
   0x80be, 0x8025, 0x8053, 0x8053, 0x8090, 0x8034, 0x8034, 0x8025, 0x7f7c,
   0x7f9b, 0x7fc9, 0x7f5e, 0x7ef2, 0x7f8c, 0x7fe8, 0x8006, 0x7ff7, 0x7ff7,
   0x7faa, 0x7faa, 0x7f5e, 0x7f6d, 0x7f8c, 0x7fba, 0x7fe8, 0x8044, 0x80a0,
   0x80dd, 0x8090, 0x810b, 0x80dd, 0x8044, 0x8025, 0x8025, 0x7fba, 0x7e68,
   0x7e2b, 0x7ee3, 0x8016, 0x80a0, 0x80af, 0x8072, 0x8016, 0x7ff7, 0x8006,
   0x8053, 0x8034, 0x8034, 0x7fe8, 0x8016, 0x8034, 0x8081, 0x8072, 0x7ff7,
   0x8053, 0x8090, 0x8081, 0x8025, 0x80ce, 0x80fc, 0x80be, 0x8072, 0x8016,
   0x8081, 0x8034, 0x8016, 0x8072, 0x8053, 0x8006, 0x7f02, 0x7e0c, 0x7d92,
   0x7e3a, 0x7f7c, 0x8006, 0x80a0, 0x80ce, 0x80be, 0x8044, 0x80a0, 0x80be,
   0x8025, 0x8006, 0x8044, 0x8006, 0x8006, 0x8025, 0x8081, 0x8053, 0x8025,
   0x7fc9, 0x8006, 0x8081, 0x8176, 0x8176, 0x7fba, 0x7ed4, 0x7e78, 0x7e96,
   0x7f4e, 0x7f9b, 0x7ff7, 0x8053, 0x80a0, 0x80a0, 0x8072, 0x8082, 0x7fe8,
   0x8008, 0x80af, 0x8054, 0x8044, 0x8044, 0x8081, 0x8053, 0x8090, 0x8062,
   0x8044, 0x8025, 0x8014, 0x80be, 0x80a0, 0x80ce, 0x8090, 0x8062, 0x8072,
   0x8081, 0x8062, 0x7ff7, 0x7ff7, 0x7ff7, 0x8044, 0x8062, 0x8081, 0x8072,
   0x80be, 0x80fc, 0x811a, 0x80dd, 0x80af, 0x8090, 0x8044, 0x80be, 0x8062,
   0x8090, 0x80a0, 0x8090, 0x8090, 0x8053, 0x8034, 0x8081, 0x8025, 0x7fd8,
   0x7fba, 0x7f3f, 0x7ec4, 0x7ef2, 0x7f4e, 0x7f5e, 0x7ff7, 0x8081, 0x80a0,
   0x8072, 0x8053, 0x8053, 0x8016, 0x8006, 0x7ff7, 0x8025, 0x80a0, 0x8062,
   0x7fba, 0x7f4e, 0x7ef2, 0x7f7c, 0x7faa, 0x8006, 0x8025, 0x8044, 0x8062,
   0x8034, 0x8044, 0x8034, 0x810b, 0x810b, 0x8139, 0x8090, 0x80ce, 0x8148,
   0x811a, 0x80dd, 0x7fc9, 0x7faa, 0x7f7c, 0x7faa, 0x7f9b, 0x7faa, 0x8062,
   0x7fe8, 0x7fc9, 0x8016, 0x8062, 0x8034, 0x7fd8, 0x7fe8, 0x8006, 0x8006,
   0x7fba, 0x7fe8, 0x8016, 0x8044, 0x8081, 0x80ce, 0x8072, 0x8006, 0x8034,
   0x8016, 0x8053, 0x7ff7, 0x7f9b, 0x7fe8, 0x8006, 0x8016, 0x8034, 0x7fc9,
   0x7faa, 0x7faa, 0x7fd8, 0x7f9b, 0x7faa, 0x7f9b, 0x7fc9, 0x8006, 0x7fd8,
   0x7f6d, 0x7ed4, 0x7ee3, 0x7f7c, 0x7f9b, 0x7f9b, 0x7f6d, 0x8016, 0x8072,
   0x8044, 0x8025, 0x8006, 0x8062, 0x80be, 0x8034, 0x7fd8, 0x7f6d, 0x7e87,
   0x7ec4, 0x7ed4, 0x7f9b, 0x8006, 0x7fd8, 0x7fe8, 0x8025, 0x8006, 0x8034,
   0x8062, 0x8081, 0x8044, 0x7f4e, 0x7f20, 0x7eb5, 0x7f30, 0x7ff7, 0x7fe8,
   0x8006, 0x8062, 0x8053, 0x7ff7, 0x7faa, 0x7f6d, 0x7fba, 0x7ff7, 0x7fe8,
   0x8006, 0x7ff7, 0x7fc9, 0x7faa, 0x7ee3, 0x7eb5, 0x7eb5, 0x7f11, 0x7ff7,
   0x8016, 0x8062, 0x8081, 0x8081, 0x8072, 0x8090, 0x811a, 0x80ec, 0x8016,
   0x7ff7, 0x7fe8, 0x8006, 0x7fd8, 0x8062, 0x8072, 0x80af, 0x8081, 0x8034,
   0x8006, 0x7fe8, 0x7fba, 0x7f20, 0x7f7c, 0x7f8c, 0x7fe8, 0x8072, 0x8081,
   0x8062, 0x80a0, 0x8072, 0x8044, 0x8006, 0x7fe8, 0x8006, 0x7fd8, 0x8034,
   0x8081, 0x8062, 0x8044, 0x7faa, 0x7fd8, 0x8025, 0x8025, 0x8062, 0x8062,
   0x8062, 0x8034, 0x8006, 0x8053, 0x80be, 0x812a, 0x80dd, 0x8062, 0x8081,
   0x80af, 0x80a0, 0x80ce, 0x8034, 0x7f8c, 0x8053, 0x80be, 0x80fc, 0x80be,
   0x8081, 0x8053, 0x8072, 0x8062, 0x8025, 0x7f9b, 0x8006, 0x8006, 0x8016,
   0x8006, 0x8034, 0x80a0, 0x8081, 0x8053, 0x8034, 0x8044, 0x8016, 0x8072,
   0x8062, 0x8053, 0x8081, 0x8053, 0x8062, 0x7ff7, 0x7ef2, 0x7ef2, 0x7f3f,
   0x7fc9, 0x8025, 0x8006, 0x8062, 0x8034, 0x8006, 0x7fc9, 0x7f3f, 0x7f3f,
   0x8016, 0x8006, 0x8006, 0x7f3f, 0x7f6d, 0x7f4e, 0x7ec4, 0x7ea6, 0x7ec4,
   0x7f7c, 0x7fd8, 0x7fc9, 0x7ff7, 0x8025, 0x8062, 0x8016, 0x8053, 0x80af,
   0x80a0, 0x8090, 0x8016, 0x8016, 0x8062, 0x80a0, 0x80ec, 0x8090, 0x812a,
   0x8090, 0x7fd8, 0x7fc9, 0x8006, 0x8016, 0x8090, 0x8016, 0x8006, 0x8053,
   0x8025, 0x7f9b, 0x7f3f, 0x7f3f, 0x7f8c, 0x8006, 0x8090, 0x8081, 0x8072,
   0x7f9b, 0x7ee3, 0x7f4e, 0x7ef2, 0x7f5e, 0x7faa, 0x8034, 0x8006, 0x7fd8,
   0x7f6d, 0x7f8c, 0x8006, 0x8016, 0x8062, 0x80af, 0x8053, 0x7f6d, 0x7fba,
   0x8044, 0x8090, 0x8072, 0x80ec, 0x8090, 0x8167, 0x8139, 0x812a, 0x8053,
   0x8006, 0x7fe8, 0x8062, 0x8053, 0x8006, 0x7fd8, 0x7fc9, 0x8006, 0x8006,
   0x8053, 0x8090, 0x80a0, 0x8081, 0x8006, 0x7f9b, 0x7f9b, 0x7f5e, 0x8006,
   0x8044, 0x8006, 0x7f5e, 0x7f3f, 0x7ed4, 0x7ed4, 0x7ee3, 0x7e87, 0x7ee3,
   0x7ff7, 0x7ff7, 0x7ff7, 0x7ff7, 0x7fe8, 0x7fd8, 0x7f9b, 0x7fc9, 0x7faa,
   0x7faa, 0x7ff7, 0x8044, 0x80a0, 0x8062, 0x8025, 0x7fba, 0x7f11, 0x7f11,
   0x7fba, 0x7fd8, 0x7ff7, 0x7f7c, 0x7faa, 0x8016, 0x7faa, 0x8062, 0x8034,
   0x8034, 0x8006, 0x7f9b, 0x7f9b, 0x7fe8, 0x8016, 0x7ff7, 0x8016, 0x8025,
   0x8062, 0x8072, 0x8053, 0x8053, 0x8090, 0x8072, 0x8062, 0x8034, 0x8025,
   0x7fe8, 0x7faa, 0x7fd8, 0x8053, 0x8006, 0x8034, 0x8090, 0x8072, 0x8053,
   0x8072, 0x8062, 0x8081, 0x8006, 0x7fd8, 0x7fba, 0x8006, 0x7fc9, 0x7faa,
   0x7fba, 0x7f3f, 0x7f4e, 0x7f9b, 0x7f6d, 0x7f6d, 0x7faa, 0x7fba, 0x7fe8,
   0x7fba, 0x8044, 0x8016, 0x7ff7, 0x7fe8, 0x7f9b, 0x7f9b, 0x7f9b, 0x7fba,
   0x7f11, 0x7f30, 0x7fba, 0x7ff7, 0x8016, 0x8006, 0x7ff7, 0x8006, 0x8053,
   0x8062, 0x8025, 0x8006, 0x8053, 0x8006, 0x7ff7, 0x8016, 0x8034, 0x8025,
   0x7ff7, 0x8044, 0x7fe8, 0x8025, 0x8044, 0x8044, 0x8090, 0x8025, 0x8006,
   0x8025, 0x8025, 0x8034, 0x8053, 0x80af, 0x80be, 0x80ec, 0x8158, 0x8148,
   0x80ec, 0x8081, 0x8016, 0x7f9b, 0x7fd8, 0x7ff7, 0x7faa, 0x7fc9, 0x8006,
   0x8006, 0x8034, 0x8006, 0x7fd8, 0x7fd8, 0x8006, 0x7fe8, 0x7ff7, 0x8006,
   0x8053, 0x8062, 0x8034, 0x7fba, 0x7f9b, 0x7fd8, 0x8025, 0x8006, 0x80ce,
   0x8072, 0x8025, 0x7fe8, 0x7ff7, 0x8006, 0x8006, 0x8016, 0x8016, 0x7fe8,
   0x7fd8, 0x8006, 0x7faa, 0x7f9b, 0x7fe8, 0x8016, 0x7fc9, 0x8053, 0x8072,
   0x7fe8, 0x8006, 0x8062, 0x8053, 0x8062, 0x8062, 0x8006, 0x7fd8, 0x7fc9,
   0x7fba, 0x7fc9, 0x7fd8, 0x8044, 0x8053, 0x8006, 0x8006, 0x7fe8, 0x7fe8,
   0x8006, 0x8025, 0x8053, 0x80af, 0x80ec, 0x8062, 0x8090, 0x8044, 0x8025,
   0x7f6d, 0x7e78, 0x7e96, 0x7f20, 0x8006, 0x7ff7, 0x7ff7, 0x8006, 0x8006,
   0x8034, 0x8016, 0x7fe8, 0x8006, 0x7f9b, 0x7f6d, 0x7f7c, 0x7f5e, 0x7f02,
   0x7f9b, 0x7f7c, 0x7f8c, 0x7f9b, 0x7faa, 0x7fe8, 0x8062, 0x7ff7, 0x8006,
   0x8025, 0x80a0, 0x8034, 0x8072, 0x8090, 0x80dd, 0x8072, 0x7fe8, 0x7fe8,
   0x7ff7, 0x7f8c, 0x7f4e, 0x7fba, 0x8006, 0x8072, 0x8053, 0x8044, 0x8025,
   0x8044, 0x8025, 0x8053, 0x8072, 0x8053, 0x7fc9, 0x7fc9, 0x7fba, 0x7fba,
   0x7f9b, 0x7fba, 0x7f9c, 0x7fe8, 0x7fc9, 0x7fd8, 0x7fd8, 0x8006, 0x8034,
   0x7fd8, 0x8044, 0x8090, 0x8072, 0x811a, 0x80af, 0x7fe8, 0x7fc9, 0x7faa,
   0x7f6d, 0x7f7c, 0x7faa, 0x7faa, 0x8034, 0x8006, 0x8006, 0x80af, 0x8044,
   0x7f9b, 0x7f4e, 0x7fba, 0x8016, 0x8016, 0x8016, 0x8034, 0x8006, 0x8025,
   0x8053, 0x8090, 0x80ce, 0x7fe8, 0x7ff7, 0x8062, 0x8062, 0x8090, 0x8072,
   0x7ff7, 0x8006, 0x7f8c, 0x7faa, 0x7faa, 0x8053, 0x8044, 0x8034, 0x8006,
   0x8025, 0x8044, 0x8072, 0x7ff7, 0x7fe8, 0x7fd8, 0x7faa, 0x7fe8, 0x7fd8,
   0x8006, 0x8006, 0x8053, 0x8053, 0x8034, 0x80a0, 0x8072, 0x8044, 0x8016,
   0x8016, 0x7fe8, 0x7fba, 0x7ff7, 0x7fe8, 0x7fd8, 0x8006, 0x7fc9, 0x7faa,
   0x7fe8, 0x7fd8, 0x8016, 0x7ff7, 0x8016, 0x7ff7, 0x8053, 0x8062, 0x8053,
   0x80a0, 0x8090, 0x8090, 0x80a0, 0x80dd, 0x8090, 0x8044, 0x8006, 0x7f8c,
   0x7f8c, 0x7fc9, 0x7fc9, 0x8044, 0x8016, 0x8053, 0x8081, 0x8090, 0x8025,
   0x8044, 0x8025, 0x8016, 0x7fe8, 0x8034, 0x8034, 0x7fe8, 0x7fd8, 0x7fe8,
   0x8006, 0x8006, 0x7fd8, 0x8006, 0x8062, 0x7ff7, 0x7fe8, 0x7f9b, 0x7f5e,
   0x7f20, 0x7f30, 0x7f3f, 0x7ff7, 0x8062, 0x8044, 0x8062, 0x8016, 0x7f8c,
   0x7f5e, 0x7f7c, 0x7fd8, 0x7fd8, 0x7f8c, 0x7f8c, 0x7fe8, 0x7fc9, 0x8016,
   0x80a0, 0x80ce, 0x8167, 0x810b, 0x80ce, 0x8006, 0x7eb5, 0x7e96, 0x7fba,
   0x8053, 0x8025, 0x8006, 0x8062, 0x8025, 0x8053, 0x7fd8, 0x7fba, 0x7faa,
   0x7f9b, 0x7faa, 0x7fba, 0x7f9b, 0x8081, 0x8081, 0x80a0, 0x80af, 0x80ec,
   0x812a, 0x811a, 0x811a, 0x810b, 0x80af, 0x8062, 0x8006, 0x8044, 0x8053,
   0x8062, 0x8053, 0x80be, 0x80a0, 0x8081, 0x8062, 0x7f3f, 0x7e96, 0x7f02,
   0x7f30, 0x7f8c, 0x7fd8, 0x7fba, 0x7fe8, 0x7f9b, 0x7f8c, 0x7ff7, 0x7fe8,
   0x7e59, 0x7ee3, 0x7ef2, 0x7ef2, 0x7faa, 0x7ff7, 0x8062, 0x80be, 0x8072,
   0x8072, 0x8025, 0x80af, 0x80ce, 0x80fc, 0x8025, 0x7ef2, 0x7f8c, 0x7ff7,
   0x8081, 0x8016, 0x7fba, 0x7fd8, 0x7eb5, 0x7f7c, 0x7fc9, 0x8016, 0x8062,
   0x8081, 0x7fe8, 0x7fba, 0x7f5e, 0x7f8c, 0x7ff7, 0x8025, 0x7fe8, 0x7fba,
   0x7fd8, 0x7f7c, 0x7f4e, 0x7f8c, 0x7f3f, 0x7f4e, 0x7f5e, 0x7fe8, 0x7fd8,
   0x7fe8, 0x8072, 0x80be, 0x8006, 0x8034, 0x8025, 0x8006, 0x7f8c, 0x7fba,
   0x7fe8, 0x8016, 0x7f7c, 0x7faa, 0x7faa, 0x8025, 0x8016, 0x8044, 0x7f6d,
   0x7ed4, 0x7ee3, 0x7f5e, 0x7fc9, 0x8006, 0x7ff7, 0x7ff7, 0x8006, 0x8034,
   0x80be, 0x80ec, 0x80a0, 0x8016, 0x8006, 0x8044, 0x8034, 0x8006, 0x7fe8,
   0x7f9b, 0x7ff7, 0x7ff7, 0x7f02, 0x7ee3, 0x7ed4, 0x7f02, 0x7f20, 0x7f11,
   0x7f3f, 0x8006, 0x7f7c, 0x8006, 0x8062, 0x8034, 0x8044, 0x810b, 0x80af,
   0x8053, 0x8044, 0x7f8c, 0x7faa, 0x8034, 0x8053, 0x8025, 0x8016, 0x8016,
   0x7faa, 0x8016, 0x7fd8, 0x8025, 0x7fe8, 0x7f11, 0x7f4e, 0x7f6d, 0x7f6d,
   0x8053, 0x8072, 0x8025, 0x7fe8, 0x8006, 0x8025, 0x7ff7, 0x8006, 0x8016,
   0x8006, 0x8034, 0x7fe8, 0x7fd8, 0x8006, 0x7f7c, 0x7fc9, 0x7fe8, 0x7fe8,
   0x7fc9, 0x8006, 0x8025, 0x8044, 0x8053, 0x8016, 0x8006, 0x7fba, 0x7f6d,
   0x7f6d, 0x7ef2, 0x7ef2, 0x7ed4, 0x7f11, 0x7f30, 0x7f6d, 0x7faa, 0x7fba,
   0x7f3f, 0x7fc9, 0x8025, 0x8090, 0x8034, 0x8006, 0x8006, 0x8016, 0x8072,
   0x8072, 0x7fc9, 0x7fd8, 0x8006, 0x7faa, 0x7fd8, 0x7fba, 0x8016, 0x8090,
   0x8016, 0x7faa, 0x7fc9, 0x7ff7, 0x7fba, 0x7f11, 0x7fd8, 0x8053, 0x8053,
   0x8062, 0x8034, 0x8072, 0x8062, 0x80ce, 0x7fc9, 0x7f7c, 0x7fc9, 0x7faa,
   0x7faa, 0x7f9b, 0x7f3f, 0x7f6d, 0x7f3f, 0x7fd8, 0x7fd8, 0x7fe8, 0x8034,
   0x8025, 0x8081, 0x8053, 0x8025, 0x7fc9, 0x7f30, 0x7faa, 0x7fc9, 0x7f7c,
   0x7fe8, 0x8016, 0x8006, 0x8006, 0x80af, 0x80be, 0x8062, 0x7fe8, 0x7f02,
   0x7ee3, 0x7f11, 0x7faa, 0x7f8c, 0x7f7c, 0x7f11, 0x7fc9, 0x8016, 0x7fe8,
   0x7ff7, 0x7fba, 0x7f6d, 0x7fd8, 0x7fc9, 0x8025, 0x8006, 0x7fc9, 0x7fc9,
   0x8044, 0x80af, 0x8062, 0x7ff7, 0x8062, 0x8034, 0x8053, 0x80ec, 0x8081,
   0x8025, 0x8044, 0x8062, 0x8006, 0x8016, 0x7fe8, 0x7ff7, 0x7fc9, 0x8025,
   0x8072, 0x80a0, 0x80af, 0x80ce, 0x80ce, 0x8053, 0x8006, 0x8006, 0x7f30,
   0x7ef2, 0x7fba, 0x8016, 0x8025, 0x8053, 0x8044, 0x8016, 0x8006, 0x7ff7,
   0x7fd8, 0x7fe8, 0x7fd8, 0x8016, 0x7faa, 0x7f3f, 0x7fd8, 0x7fba, 0x7f30,
   0x7ec4, 0x7e3a, 0x7eb5, 0x7f7c, 0x7fd8, 0x7f5e, 0x7ed4, 0x7ef2, 0x7ef2,
   0x7ec4, 0x7e78, 0x7ec4, 0x7f3f, 0x7ef2, 0x7fc9, 0x7fd8, 0x8016, 0x7ff7,
   0x8025, 0x8090, 0x8081, 0x8053, 0x8034, 0x8053, 0x8034, 0x7fc9, 0x8044,
   0x8025, 0x7fc9, 0x7f4e, 0x7f20, 0x7f11, 0x7f6d, 0x7faa, 0x8016, 0x7fe8,
   0x8062, 0x7f6d, 0x7f9b, 0x8016, 0x7fd8, 0x8006, 0x8034, 0x7f8c, 0x7f5e,
   0x7fba, 0x7fba, 0x7fac, 0x7f40, 0x7f11, 0x7fc9, 0x8034, 0x7ff7, 0x8062,
   0x8006, 0x8016, 0x8025, 0x8016, 0x7f8c, 0x7e3a, 0x7e4a, 0x7f02, 0x7f6d,
   0x7fe8, 0x8016, 0x7ff7, 0x8090, 0x80be, 0x8053, 0x8034, 0x8053, 0x8044,
   0x7faa, 0x7fc9, 0x8006, 0x8006, 0x7f3f, 0x7f5e, 0x8006, 0x7ff7, 0x7faa,
   0x7faa, 0x8006, 0x8044, 0x8053, 0x8006, 0x8025, 0x8016, 0x8034, 0x7fc9,
   0x7faa, 0x7fe8, 0x8016, 0x8044, 0x8081, 0x80ce, 0x80be, 0x8034, 0x7fba,
   0x7fe8, 0x8034, 0x80af, 0x80af, 0x8053, 0x8053, 0x7ff7, 0x7f9b, 0x7f8c,
   0x7f5e, 0x7f7c, 0x7f6d, 0x8006, 0x8025, 0x8025, 0x8053, 0x8006, 0x7ff7,
   0x7ff7, 0x8053, 0x8090, 0x8062, 0x8006, 0x8044, 0x8044, 0x8081, 0x8072,
   0x8053, 0x8006, 0x8006, 0x7fd8, 0x8006, 0x8006, 0x8072, 0x80ec, 0x8025,
   0x7fc9, 0x7f8c, 0x7f7c, 0x7ff7, 0x7fba, 0x7fc9, 0x7fe8, 0x7f5e, 0x7f7c,
   0x7f3f, 0x7f30, 0x7f02, 0x7ed4, 0x7f5e, 0x7f30, 0x7fba, 0x7f8c, 0x7f6d,
   0x7ef2, 0x7ec4, 0x7f11, 0x7f9b, 0x7f9b, 0x8006, 0x7fc9, 0x8053, 0x8025,
   0x8025, 0x8090, 0x8081, 0x80be, 0x8016, 0x7faa, 0x7f9b, 0x7f6d, 0x7f8c,
   0x8006, 0x8044, 0x8053, 0x8062, 0x80dd, 0x8195, 0x8062, 0x7f8c, 0x7f8c,
   0x8025, 0x80af, 0x80ce, 0x80ce, 0x8081, 0x8044, 0x7fe8, 0x7e87, 0x7e78,
   0x7e96, 0x7ee3, 0x7faa, 0x8016, 0x7fd8, 0x7fd8, 0x7fe8, 0x7fd8, 0x8006,
   0x7fe8, 0x7fd8, 0x8025, 0x7f8c, 0x7fe8, 0x7fe8, 0x8006, 0x8025, 0x8072,
   0x8053, 0x8090, 0x8072, 0x8025, 0x80be, 0x8081, 0x80a0, 0x8053, 0x7ff7,
   0x8016, 0x8006, 0x7faa, 0x7f8c, 0x7fc9, 0x7ff7, 0x7fd8, 0x8006, 0x80dd,
   0x80ec, 0x80ce, 0x8081, 0x8167, 0x81b4, 0x8158, 0x8090, 0x80af, 0x8025,
   0x8062, 0x8006, 0x7fc9, 0x8006, 0x7ff7, 0x8081, 0x80ec, 0x8072, 0x80fc,
   0x80be, 0x811a, 0x80ce, 0x80be, 0x8053, 0x7ff7, 0x7f11, 0x7f8c, 0x7fd8,
   0x8006, 0x8034, 0x8006, 0x8016, 0x7f9b, 0x7f4e, 0x7f9b, 0x7faa, 0x7f9b,
   0x8006, 0x8006, 0x7ff7, 0x8062, 0x8044, 0x8025, 0x7fba, 0x7f9b, 0x8016,
   0x7fe8, 0x8016, 0x80a0, 0x80fc, 0x8139, 0x7ff7, 0x7f6d, 0x7f7c, 0x7f5e,
   0x7f8c, 0x7f8c, 0x8006, 0x8016, 0x8016, 0x7f8c, 0x7f8c, 0x7f4e, 0x7f9b,
   0x7f30, 0x7f9b, 0x7ff7, 0x8016, 0x8006, 0x8034, 0x7ff7, 0x7f8c, 0x7fba,
   0x7faa, 0x7f7c, 0x7fe8, 0x7fe8, 0x7fe8, 0x7faa, 0x8062, 0x8044, 0x7fc9,
   0x7fc9, 0x7fc9, 0x7fe8, 0x7fba, 0x7ef2, 0x7ec4, 0x7ec4, 0x7f02, 0x7f20,
   0x8006, 0x8025, 0x8025, 0x8072, 0x80dd, 0x80be, 0x8081, 0x8044, 0x80dd,
   0x80a0, 0x8072, 0x8025, 0x7ff7, 0x7ff7, 0x7ff7, 0x8006, 0x8062, 0x8044,
   0x8053, 0x8062, 0x8006, 0x8044, 0x8025, 0x8006, 0x8090, 0x8044, 0x8090,
   0x8006, 0x7f7c, 0x7ed4, 0x7fd8, 0x8006, 0x8016, 0x8053, 0x8090, 0x810b,
   0x80fc, 0x8081, 0x80af, 0x8081, 0x8025, 0x7fe8, 0x8025, 0x80a0, 0x8016,
   0x8006, 0x8006, 0x8053, 0x8090, 0x8053, 0x80be, 0x80be, 0x8062, 0x8006,
   0x8053, 0x80dd, 0x8062, 0x8006, 0x8006, 0x7f6d, 0x7ec4, 0x7e96, 0x7ed4,
   0x7f7c, 0x7fd8, 0x8016, 0x7ff7, 0x8053, 0x811a, 0x811a, 0x80fc, 0x8053,
   0x8025, 0x8025, 0x8006, 0x8006, 0x7fe8, 0x7f9b, 0x7fc9, 0x7fd8, 0x7f9b,
   0x7f20, 0x7fd8, 0x7ff7, 0x8006, 0x8006, 0x8025, 0x8016, 0x8016, 0x7faa,
   0x7fc9, 0x8090, 0x8090, 0x8090, 0x8072, 0x8044, 0x7fd8, 0x7f9b, 0x7f4e,
   0x7f6d, 0x7f3f, 0x7f7c, 0x7fba, 0x7fba, 0x7f5e, 0x7ee3, 0x7f8c, 0x7fc9,
   0x7ef2, 0x7ef2, 0x7f7c, 0x7ff7, 0x8053, 0x8090, 0x8139, 0x80a0, 0x8006,
   0x7faa, 0x7f8c, 0x7eb5, 0x7e87, 0x7ee3, 0x7f4e, 0x7eb5, 0x7e96, 0x7f8c,
   0x7faa, 0x7f9b, 0x7fe8, 0x8034, 0x8016, 0x8044, 0x8025, 0x7fba, 0x7ff7,
   0x7ff7, 0x7fc9, 0x7f7c, 0x7fe8, 0x7ff7, 0x8006, 0x7fd8, 0x7fc9, 0x7ff7,
   0x8072, 0x8006, 0x7f6d, 0x8006, 0x80a0, 0x80ce, 0x80be, 0x810b, 0x80af,
   0x7fc9, 0x7f6d, 0x7f20, 0x7ea6, 0x7ec4, 0x7f7c, 0x8025, 0x8090, 0x8044,
   0x80be, 0x8034, 0x7faa, 0x7ed4, 0x7faa, 0x8072, 0x80fc, 0x8139, 0x810b,
   0x8006, 0x8006, 0x8072, 0x8025, 0x7f5e, 0x7f02, 0x7ed4, 0x7f30, 0x7faa,
   0x7ee3, 0x7f9b, 0x7fe8, 0x7f11, 0x7ea6, 0x7fd8, 0x7fba, 0x7fba, 0x8025,
   0x7ff7, 0x8025, 0x7fe8, 0x7fe8, 0x7fd8, 0x8006, 0x7fd8, 0x8016, 0x7fe8,
   0x7faa, 0x7f9b, 0x8025, 0x8016, 0x7fc9, 0x7f11, 0x7f7c, 0x80a0, 0x810b,
   0x80ec, 0x8081, 0x7ff7, 0x7faa, 0x7fe8, 0x8062, 0x8090, 0x8006, 0x7faa,
   0x7fd8, 0x7ff7, 0x7fc9, 0x7ff7, 0x8006, 0x7fe8, 0x7fe8, 0x7ff7, 0x8006,
   0x8053, 0x80a0, 0x80be, 0x8044, 0x7fd8, 0x7fe8, 0x7fd8, 0x8053, 0x8006,
   0x7fc9, 0x8044, 0x8006, 0x7fc9, 0x7faa, 0x7f9b, 0x8006, 0x7fe8, 0x7fd8,
   0x8062, 0x8006, 0x8081, 0x8072, 0x8025, 0x8016, 0x7f8c, 0x7f02, 0x7faa,
   0x7fe8, 0x7fd8, 0x8006, 0x7f5e, 0x7faa, 0x7faa, 0x7f8c, 0x8016, 0x7ff7,
   0x7fba, 0x7fc9, 0x7fc9, 0x8016, 0x7fc9, 0x7f30, 0x7ea6, 0x7f4e, 0x7f20,
   0x7ef2, 0x7f8c, 0x8053, 0x7fc9, 0x7f7c, 0x7f9b, 0x8006, 0x8034, 0x8053,
   0x8025, 0x7faa, 0x7f9b, 0x7f9b, 0x8006, 0x8081, 0x80be, 0x80ec, 0x8044,
   0x7ff7, 0x7f8c, 0x7fc9, 0x7fc9, 0x7fc9, 0x7f8c, 0x7f8c, 0x7fc9, 0x8025,
   0x8006, 0x8025, 0x7fe8, 0x8025, 0x8053, 0x8034, 0x8034, 0x8062, 0x8053,
   0x8053, 0x8016, 0x8025, 0x7f8c, 0x7fba, 0x7ff7, 0x8034, 0x8006, 0x7faa,
   0x7f9b, 0x7fc9, 0x7fc9, 0x7f8c, 0x8034, 0x8053, 0x8053, 0x7ff7, 0x7fe8,
   0x8016, 0x7fba, 0x7fc9, 0x7fc9, 0x8006, 0x8062, 0x80ce, 0x8072, 0x8006,
   0x8016, 0x8006, 0x7fd8, 0x8034, 0x8044, 0x8025, 0x8016, 0x7f5e, 0x7f4e,
   0x7fc9, 0x7fc9, 0x7f8c, 0x7faa, 0x7fe8, 0x8006, 0x7fd8, 0x7f9b, 0x7f5e,
   0x7ee3, 0x7f02, 0x7faa, 0x7fd8, 0x7fd8, 0x7f30, 0x7fba, 0x8016, 0x8044,
   0x80a0, 0x811a, 0x8081, 0x80a0, 0x8148, 0x812a, 0x80af, 0x8062, 0x8016,
   0x7ff7, 0x7ff7, 0x8006, 0x8016, 0x8044, 0x8044, 0x7fc9, 0x7fe8, 0x7ed4,
   0x7ef2, 0x7fba, 0x8025, 0x8034, 0x80a0, 0x8158, 0x8081, 0x7f5e, 0x7ee3,
   0x7e96, 0x7e78, 0x7ef2, 0x7ed4, 0x7f5e, 0x8025, 0x80af, 0x8072, 0x8062,
   0x8090, 0x7fd8, 0x7f9b, 0x7f9b, 0x7f11, 0x7f11, 0x7ef2, 0x7ef2, 0x7fba,
   0x8053, 0x8072, 0x7fe8, 0x8016, 0x8053, 0x8016, 0x8025, 0x7fe8, 0x7fe8,
   0x7faa, 0x7fd8, 0x8006, 0x7fe8, 0x8006, 0x80be, 0x8158, 0x80a0, 0x8090,
   0x8044, 0x7f6d, 0x7fd8, 0x8006, 0x7faa, 0x7fba, 0x7fc9, 0x7ff7, 0x8081,
   0x8062, 0x8025, 0x7f8c, 0x7fe8, 0x7ff7, 0x7ff7, 0x8034, 0x8006, 0x7faa,
   0x7fc9, 0x8006, 0x7fba, 0x7ff7, 0x8025, 0x8090, 0x8034, 0x7ff7, 0x7fe8,
   0x8006, 0x8072, 0x8090, 0x8062, 0x8053, 0x8025, 0x7faa, 0x7f9b, 0x7f30,
   0x7ef2, 0x7fc9, 0x7f02, 0x7e2b, 0x7e87, 0x7ec4, 0x7ee3, 0x7f4e, 0x7f9b,
   0x7fe8, 0x8062, 0x8044, 0x8081, 0x8081, 0x80ce, 0x8090, 0x8072, 0x8034,
   0x8016, 0x8034, 0x8025, 0x8044, 0x8006, 0x8006, 0x7fe8, 0x8053, 0x8053,
   0x7f9b, 0x7f5e, 0x7ec4, 0x7ec4, 0x7faa, 0x7ff7, 0x8016, 0x8025, 0x8006,
   0x7ff7, 0x8090, 0x80ce, 0x80be, 0x8090, 0x8034, 0x80fc, 0x8044, 0x8006,
   0x7fe8, 0x7fba, 0x7faa, 0x7ff7, 0x8006, 0x7fe8, 0x8006, 0x8044, 0x8006,
   0x8006, 0x7ff7, 0x7f9b, 0x7f7c, 0x7f9b, 0x7ff7, 0x8016, 0x8044, 0x7f8c,
   0x7f6d, 0x7f7c, 0x7fc9, 0x7ff7, 0x8053, 0x8053, 0x8044, 0x8025, 0x7ff7,
   0x7fc9, 0x7fd8, 0x7f7c, 0x7f30, 0x7f30, 0x7fd8, 0x7f9b, 0x7f9b, 0x7f9b,
   0x7fba, 0x7f9b, 0x7f8c, 0x7fe8, 0x7faa, 0x7faa, 0x7faa, 0x7f8c, 0x8016,
   0x8062, 0x8072, 0x8025, 0x8034, 0x8053, 0x8072, 0x8006, 0x8016, 0x7f6d,
   0x8006, 0x7fc9, 0x8034, 0x80af, 0x8034, 0x8025, 0x8034, 0x80af, 0x80ce,
   0x8053, 0x7fe8, 0x7fe8, 0x8006, 0x8006, 0x7fc9, 0x7f9b, 0x7fc9, 0x8072,
   0x80ce, 0x8053, 0x8016, 0x7fe8, 0x7f7c, 0x7f8c, 0x7f30, 0x7f8c, 0x7f30,
   0x7f7c, 0x8006, 0x8044, 0x8072, 0x8062, 0x8072, 0x8044, 0x8006, 0x8062,
   0x8016, 0x8006, 0x8006, 0x8034, 0x8006, 0x7fd8, 0x8025, 0x8072, 0x8025,
   0x80ec, 0x8090, 0x8016, 0x7faa, 0x7fe8, 0x7fe8, 0x8016, 0x8072, 0x8072,
   0x8044, 0x8053, 0x8006, 0x8006, 0x8016, 0x8053, 0x8016, 0x7ff7, 0x8025,
   0x8025, 0x7ff7, 0x8016, 0x7faa, 0x7f9b, 0x7fe8, 0x8006, 0x8053, 0x80af,
   0x80be, 0x8090, 0x80af, 0x811a, 0x80a0, 0x8062, 0x8081, 0x8090, 0x8090,
   0x8034, 0x8053, 0x8062, 0x8025, 0x8034, 0x80be, 0x7fba, 0x7f20, 0x7f8c,
   0x7f7c, 0x7fba, 0x7ff7, 0x7fba, 0x7fd8, 0x8044, 0x80a0, 0x80ce, 0x8044,
   0x80ce, 0x8053, 0x8072, 0x8006, 0x7fc9, 0x7f7c, 0x7ef2, 0x7f6d, 0x7f7c,
   0x8034, 0x80a0, 0x80ec, 0x80a0, 0x8006, 0x8016, 0x7fe8, 0x8006, 0x7f7c,
   0x7faa, 0x7f8c, 0x7fe8, 0x8006, 0x8034, 0x8006, 0x8016, 0x7f9b, 0x8006,
   0x8053, 0x8062, 0x8016, 0x80a0, 0x80dd, 0x811a, 0x80fc, 0x8006, 0x7f8c,
   0x7f11, 0x7ea6, 0x7f30, 0x7faa, 0x8053, 0x8053, 0x8044, 0x8072, 0x7ff7,
   0x8062, 0x8034, 0x8072, 0x8006, 0x8034, 0x8006, 0x8044, 0x8072, 0x80fc,
   0x812a, 0x811a, 0x8139, 0x8090, 0x80ce, 0x80a0, 0x8062, 0x8044, 0x8081,
   0x7ff7, 0x7ef2, 0x7e96, 0x7ef2, 0x7f6d, 0x7fba, 0x8081, 0x80dd, 0x8158,
   0x7f8c, 0x7f3f, 0x7faa, 0x7faa, 0x7fc9, 0x7fc9, 0x7fc9, 0x7fba, 0x7f8c,
   0x7f7c, 0x7ff7, 0x8053, 0x8072, 0x8090, 0x8025, 0x8006, 0x7fe8, 0x7fe8,
   0x7f4e, 0x7fba, 0x8044, 0x8034, 0x8053, 0x80fc, 0x80af, 0x8053, 0x8090,
   0x80be, 0x80af, 0x80a0, 0x8025, 0x8016, 0x8044, 0x8006, 0x8025, 0x8044,
   0x8044, 0x8053, 0x8016, 0x7ff7, 0x7f9b, 0x7ed4, 0x7ee3, 0x7f11, 0x7f30,
   0x7f11, 0x7f11, 0x7fc9, 0x8016, 0x8044, 0x8044, 0x8081, 0x8090, 0x80ec,
   0x811a, 0x80dd, 0x7fe8, 0x7fba, 0x7f9b, 0x7f02, 0x7f11, 0x7f5e, 0x7f5e,
   0x7fba, 0x8016, 0x8081, 0x8072, 0x8062, 0x8016, 0x7f02, 0x7f11, 0x7e3a,
   0x7e1c, 0x7dde, 0x7e4a, 0x7f20, 0x80af, 0x81e2, 0x81f1, 0x8186, 0x812a,
   0x80a0, 0x80be, 0x80be, 0x80ce, 0x8072, 0x8006, 0x7fe8, 0x8025, 0x8016,
   0x7fe8, 0x7fba, 0x8006, 0x7ff7, 0x7fe8, 0x7f3f, 0x7f8c, 0x8053, 0x8081,
   0x8090, 0x8034, 0x7fba, 0x7fc9, 0x7f9b, 0x7fd8, 0x7faa, 0x8006, 0x7ff7,
   0x8044, 0x8034, 0x8044, 0x8081, 0x8053, 0x7fe8, 0x8006, 0x7ff7, 0x8016,
   0x7faa, 0x7f8c, 0x7ff7, 0x8034, 0x8072, 0x8072, 0x8016, 0x7f9b, 0x8006,
   0x7f9b, 0x7ff7, 0x7f8c, 0x7fd8, 0x8006, 0x80be, 0x8044, 0x8053, 0x8081,
   0x8090, 0x8062, 0x8072, 0x7faa, 0x7f8c, 0x7f4e, 0x7faa, 0x7ff7, 0x8025,
   0x8034, 0x7fe8, 0x7fc9, 0x7ff7, 0x8034, 0x8006, 0x7f9b, 0x7fba, 0x7ff7,
   0x7ff7, 0x7fc9, 0x7f3f, 0x7ee3, 0x7fc9, 0x7faa, 0x7f7c, 0x7faa, 0x7ef2,
   0x7f9b, 0x7ff7, 0x7f7c, 0x7f4e, 0x7f4e, 0x7f9b, 0x7f7c, 0x7f7c, 0x7f7c,
   0x8016, 0x8072, 0x8072, 0x8062, 0x8090, 0x80fc, 0x810b, 0x8044, 0x8016,
   0x7fe8, 0x8025, 0x80a0, 0x8044, 0x8034, 0x8053, 0x8053, 0x80a0, 0x8062,
   0x8006, 0x8006, 0x7ff7, 0x7faa, 0x7fba, 0x7f9b, 0x7ee3, 0x8006, 0x7ff7,
   0x7fe8, 0x8016, 0x7fc9, 0x7fba, 0x8006, 0x8006, 0x8006, 0x7fe8, 0x8016,
   0x8016, 0x8025, 0x8072, 0x80ce, 0x80ec, 0x8072, 0x8072, 0x7f7c, 0x7ed4,
   0x7ec4, 0x7f7c, 0x7f02, 0x7f4e, 0x8006, 0x8016, 0x8053, 0x80be, 0x80be,
   0x8034, 0x8053, 0x8034, 0x7fba, 0x7ff7, 0x7f6d, 0x7faa, 0x7f11, 0x7f5e,
   0x7ef2, 0x7ee3, 0x7ea6, 0x7eb5, 0x7ed4, 0x7ec4, 0x7fe8, 0x7fd8, 0x8006,
   0x810b, 0x8139, 0x8167, 0x81b4, 0x8176, 0x80ec, 0x8062, 0x7fc9, 0x7fd8,
   0x7ef2, 0x8006, 0x8081, 0x8072, 0x8053, 0x8090, 0x8025, 0x7fd8, 0x7fd8,
   0x7fd8, 0x7fc9, 0x7f9b, 0x7fd8, 0x7f9b, 0x7fe8, 0x8044, 0x8062, 0x8034,
   0x8025, 0x8016, 0x7fe8, 0x8081, 0x8090, 0x8072, 0x8034, 0x8044, 0x8044,
   0x8081, 0x8006, 0x7fd8, 0x7ff7, 0x7fd8, 0x7f5e, 0x7ed4, 0x7f4e, 0x7f20,
   0x7f3f, 0x7ff7, 0x7fe8, 0x7f8c, 0x8006, 0x7ff7, 0x8062, 0x8072, 0x7ff7,
   0x7fba, 0x7f02, 0x7ff7, 0x8006, 0x8034, 0x8044, 0x80a0, 0x80be, 0x80fc,
   0x81d2, 0x8158, 0x7fba, 0x7e1c, 0x7d73, 0x7da1, 0x7dde, 0x7e78, 0x7eb5,
   0x7f4e, 0x7f5e, 0x7fba, 0x8006, 0x7f6d, 0x7fd8, 0x7faa, 0x8044, 0x8025,
   0x80a0, 0x80ce, 0x7fe8, 0x7f4e, 0x7f8c, 0x7f9b, 0x7f7c, 0x7fd8, 0x7ff7,
   0x8034, 0x7fe8, 0x7fba, 0x7fd8, 0x8034, 0x8081, 0x80fc, 0x80a0, 0x80af,
   0x8053, 0x7ff7, 0x7fd8, 0x7fd8, 0x8006, 0x8062, 0x8072, 0x80dd, 0x8016,
   0x7fd8, 0x7f9b, 0x7fba, 0x8006, 0x7fc9, 0x8006, 0x7fba, 0x8006, 0x7fd8,
   0x8006, 0x7f9b, 0x7fc9, 0x8025, 0x7ff7, 0x8016, 0x8006, 0x7fd8, 0x8090,
   0x8053, 0x7f7c, 0x8006, 0x7fe8, 0x8072, 0x80be, 0x8081, 0x8090, 0x8006,
   0x7ed4, 0x7eb5, 0x7f02, 0x7fba, 0x7faa, 0x7f9b, 0x7fba, 0x7f6d, 0x7f8c,
   0x8006, 0x8044, 0x8044, 0x7faa, 0x8044, 0x8025, 0x7ff7, 0x7f8c, 0x7fba,
   0x8006, 0x8044, 0x80ce, 0x8044, 0x8090, 0x8034, 0x8062, 0x80af, 0x80dd,
   0x8053, 0x7f6d, 0x7f8c, 0x7fe8, 0x8016, 0x8053, 0x8044, 0x8006, 0x7fba,
   0x7fba, 0x7f4e, 0x7f5e, 0x8025, 0x8090, 0x8081, 0x80dd, 0x8034, 0x7fba,
   0x7f3f, 0x7f11, 0x7f8c, 0x8006, 0x8006, 0x8072, 0x8062, 0x8006, 0x8006,
   0x8006, 0x8034, 0x8034, 0x8062, 0x8090, 0x7fc9, 0x7f7c, 0x7f8c, 0x7f6d,
   0x7e96, 0x7ea6, 0x7e68, 0x7f11, 0x7f7c, 0x7f5e, 0x8006, 0x8025, 0x8025,
   0x7fd8, 0x7f9b, 0x7f3f, 0x7fc9, 0x7fc9, 0x7fd8, 0x7f4e, 0x7f30, 0x7fd8,
   0x7f30, 0x7f11, 0x7f20, 0x7ec4, 0x7f02, 0x7e96, 0x7ec4, 0x7ef2, 0x7ee3,
   0x7f4e, 0x7ff7, 0x8006, 0x7f8c, 0x7fe8, 0x7ff7, 0x7fba, 0x7fd8, 0x8034,
   0x8016, 0x7fe8, 0x8062, 0x8016, 0x80a0, 0x810b, 0x8158, 0x80be, 0x8025,
   0x7f02, 0x7f20, 0x7f8c, 0x7f5e, 0x7fba, 0x7fe8, 0x8090, 0x80af, 0x80af,
   0x8025, 0x7fba, 0x7f6d, 0x7f9b, 0x7fd8, 0x7f9b, 0x7f9b, 0x7f9b, 0x8025,
   0x8081, 0x8044, 0x80fc, 0x8090, 0x8044, 0x8053, 0x8053, 0x7fba, 0x7fc9,
   0x7f9b, 0x7fba, 0x8025, 0x8025, 0x8006, 0x8025, 0x7f30, 0x7f9b, 0x7fba,
   0x8072, 0x80a0, 0x8072, 0x8006, 0x7fc9, 0x7faa, 0x7f8c, 0x7faa, 0x7fc9,
   0x8081, 0x80ec, 0x8090, 0x8081, 0x8053, 0x80ec, 0x80dd, 0x8072, 0x8081,
   0x8025, 0x8034, 0x8025, 0x7ff7, 0x7fe8, 0x8025, 0x8053, 0x8025, 0x8025,
   0x8006, 0x7f9b, 0x7fc9, 0x8006, 0x8044, 0x7fd8, 0x7f3f, 0x7e4a, 0x7e3a,
   0x7f11, 0x8006, 0x8025, 0x7ff7, 0x8062, 0x8016, 0x8034, 0x7ff7, 0x7ff7,
   0x8072, 0x8044, 0x80be, 0x8072, 0x8016, 0x7fe8, 0x8081, 0x8025, 0x7f5e,
   0x7f7c, 0x7f9b, 0x7fba, 0x7ff7, 0x7f4e, 0x7f7c, 0x7ff7, 0x8062, 0x7fe8,
   0x7f8c, 0x7f4e, 0x7f5e, 0x7f8c, 0x8006, 0x7f30, 0x7f5e, 0x7f7c, 0x7f7c,
   0x7f6d, 0x7f6d, 0x7fe8, 0x7fc9, 0x8006, 0x7fba, 0x8006, 0x8034, 0x8072,
   0x7ff7, 0x7ff7, 0x8016, 0x8025, 0x7fe8, 0x7f7c, 0x7fe8, 0x8006, 0x7fe8,
   0x7f5e, 0x7f3f, 0x7f6d, 0x7f8c, 0x8072, 0x8090, 0x8044, 0x8016, 0x8016,
   0x7fd8, 0x8025, 0x7fba, 0x7fba, 0x7f7c, 0x7fe8, 0x7faa, 0x8006, 0x7fd8,
   0x8006, 0x8016, 0x80af, 0x8090, 0x80a0, 0x7fba, 0x7f6d, 0x7f30, 0x7f7c,
   0x8025, 0x8044, 0x7ff7, 0x8025, 0x8053, 0x8006, 0x8006, 0x7fe8, 0x80a0,
   0x8072, 0x8006, 0x8025, 0x8016, 0x8081, 0x8006, 0x80a0, 0x80a0, 0x80be,
   0x80be, 0x810b, 0x80a0, 0x8034, 0x8025, 0x8006, 0x8006, 0x8072, 0x8072,
   0x8034, 0x8006, 0x7f9b, 0x7ff7, 0x8025, 0x7fe8, 0x8016, 0x8034, 0x7ff7,
   0x8016, 0x7faa, 0x7fe8, 0x8006, 0x8034, 0x8072, 0x8044, 0x8006, 0x7f8c,
   0x7fc9, 0x8006, 0x8025, 0x7fe8, 0x7ff7, 0x8044, 0x8025, 0x7fe8, 0x8072,
   0x8044, 0x8072, 0x8016, 0x7fc9, 0x7faa, 0x7fd8, 0x8044, 0x8062, 0x8081,
   0x8072, 0x8053, 0x80a0, 0x80af, 0x7fd8, 0x7f4e, 0x7faa, 0x8006, 0x8034,
   0x8044, 0x7faa, 0x7fe8, 0x7f8c, 0x7fba, 0x7fe8, 0x8025, 0x8006, 0x8016,
   0x80af, 0x8062, 0x8062, 0x8034, 0x8025, 0x8053, 0x8025, 0x7fd8, 0x8025,
   0x8006, 0x7fd8, 0x7f9b, 0x7f30, 0x7fd8, 0x7f9b, 0x7f8c, 0x7f7c, 0x7f9b,
   0x7fd8, 0x7f8c, 0x7faa, 0x8006, 0x8044, 0x80dd, 0x80ce, 0x80ec, 0x80be,
   0x80ce, 0x7fd8, 0x7fba, 0x7f3f, 0x7f20, 0x7f9b, 0x8034, 0x7fd8, 0x7f9b,
   0x7f8c, 0x7ec4, 0x7ee3, 0x7f3f, 0x7fd8, 0x8081, 0x80ce, 0x811a, 0x80ec,
   0x8148, 0x811a, 0x8195, 0x810b, 0x812a, 0x8072, 0x7faa, 0x7fc9, 0x8016,
   0x8062, 0x8016, 0x8044, 0x8062, 0x80a0, 0x8081, 0x80ce, 0x80ec, 0x8090,
   0x8053, 0x80ce, 0x8090, 0x8016, 0x8025, 0x8090, 0x8034, 0x7fe8, 0x8053,
   0x8090, 0x80af, 0x8062, 0x8090, 0x8072, 0x8090, 0x8053, 0x8053, 0x8053,
   0x80a0, 0x80af, 0x8053, 0x8062, 0x8006, 0x7fd8, 0x7fc9, 0x8062, 0x8006,
   0x7ef2, 0x7e96, 0x7ed4, 0x7fe8, 0x8016, 0x8006, 0x8016, 0x8016, 0x8034,
   0x8053, 0x80be, 0x80fc, 0x80fc, 0x8090, 0x8053, 0x7faa, 0x7f7c, 0x7f6d,
   0x7ec4, 0x7e87, 0x7ed4, 0x7f5e, 0x7fba, 0x7f5e, 0x7fc9, 0x7ff7, 0x7faa,
   0x8006, 0x8016, 0x8016, 0x8090, 0x8053, 0x8081, 0x8044, 0x8025, 0x8025,
   0x8034, 0x8062, 0x8062, 0x8006, 0x8034, 0x8016, 0x8006, 0x8062, 0x8044,
   0x7fc9, 0x8053, 0x8062, 0x8006, 0x7ec4, 0x7ee3, 0x7f6d, 0x7ff7, 0x8034,
   0x8044, 0x8090, 0x8053, 0x8044, 0x8062, 0x8006, 0x8025, 0x8034, 0x7ff7,
   0x7fe8, 0x8006, 0x8006, 0x7fd8, 0x7fe8, 0x7fe8, 0x8044, 0x7fc9, 0x7fe8,
   0x7fc9, 0x7faa, 0x7faa, 0x8034, 0x8053, 0x8044, 0x8016, 0x7fc9, 0x7fc9,
   0x7f9b, 0x7fc9, 0x7fe8, 0x8006, 0x7faa, 0x7faa, 0x7fba, 0x7ff7, 0x7fc9,
   0x7f3f, 0x7fc9, 0x7fc9, 0x7fd8, 0x8034, 0x8034, 0x7fd8, 0x7f5e, 0x7f5e,
   0x7f02, 0x7fba, 0x8016, 0x7fd8, 0x7fba, 0x7faa, 0x7f9b, 0x7f30, 0x7f11,
   0x7f02, 0x8006, 0x8044, 0x8072, 0x8034, 0x8044, 0x8006, 0x7ff7, 0x8006,
   0x7f8c, 0x7fba, 0x8072, 0x8072, 0x7fc9, 0x7fba, 0x7fe8, 0x8072, 0x8062,
   0x8016, 0x80a0, 0x8081, 0x8081, 0x810b, 0x80dd, 0x8081, 0x8044, 0x7fc9,
   0x8006, 0x8006, 0x7fe8, 0x8034, 0x8072, 0x8090, 0x8034, 0x8044, 0x8044,
   0x8025, 0x8062, 0x8034, 0x7f8c, 0x7fba, 0x8025, 0x8034, 0x8034, 0x8006,
   0x8053, 0x8081, 0x8025, 0x8025, 0x7fe8, 0x7ec4, 0x8006, 0x7fe8, 0x8006,
   0x8034, 0x8034, 0x8016, 0x7ff7, 0x7fe8, 0x8006, 0x8016, 0x8016, 0x7ff7,
   0x7f9b, 0x7f5e, 0x7ef2, 0x7fc9, 0x8044, 0x8044, 0x8034, 0x7ff7, 0x7fd8,
   0x8034, 0x8016, 0x7f8c, 0x8053, 0x80a0, 0x80ce, 0x8090, 0x7fe8, 0x8016,
   0x8006, 0x7fba, 0x7f8c, 0x7fe8, 0x8006, 0x8072, 0x8081, 0x80a0, 0x80ec,
   0x80ce, 0x80a0, 0x8090, 0x8062, 0x8034, 0x8034, 0x8006, 0x7f6d, 0x7f7c,
   0x7ff7, 0x8006, 0x8006, 0x8062, 0x80af, 0x8062, 0x80af, 0x8044, 0x8006,
   0x7ff7, 0x7f5e, 0x7ec4, 0x7f11, 0x7f7c, 0x7f02, 0x7f9b, 0x7fe8, 0x8034,
   0x8081, 0x8081, 0x8053, 0x8016, 0x8016, 0x8053, 0x811a, 0x8062, 0x8081,
   0x810b, 0x8081, 0x8016, 0x7fe8, 0x7f11, 0x7ff7, 0x7fc9, 0x7ec4, 0x7f20,
   0x7fc9, 0x8006, 0x8025, 0x7fba, 0x8025, 0x80a0, 0x8034, 0x8072, 0x8139,
   0x8139, 0x8148, 0x80ce, 0x8053, 0x7ff7, 0x8016, 0x7ff7, 0x7f30, 0x7ed4,
   0x7eb5, 0x7ea6, 0x7f02, 0x7f02, 0x7f4e, 0x7f5e, 0x7fba, 0x8006, 0x8072,
   0x80a0, 0x8081, 0x8072, 0x8062, 0x8006, 0x8062, 0x8062, 0x8006, 0x7f3f,
   0x7f20, 0x7f9b, 0x8034, 0x8044, 0x80ce, 0x811a, 0x80fc, 0x8148, 0x81d2,
   0x81c3, 0x80fc, 0x8062, 0x7fc9, 0x7f8c, 0x7f7c, 0x7f4e, 0x7ff7, 0x8025,
   0x80af, 0x80a0, 0x80af, 0x80ce, 0x8025, 0x8006, 0x7fc9, 0x7fc9, 0x7fe8,
   0x7fba, 0x7fba, 0x7faa, 0x8006, 0x8006, 0x8025, 0x7f8c, 0x7fba, 0x7ff7,
   0x8044, 0x8062, 0x8072, 0x8025, 0x7f30, 0x7f6d, 0x7fe8, 0x7faa, 0x7faa,
   0x7fba, 0x8006, 0x8016, 0x8062, 0x80fc, 0x8062, 0x8034, 0x8062, 0x8044,
   0x8034, 0x8016, 0x8044, 0x8016, 0x8025, 0x7ff7, 0x7fe8, 0x7f6d, 0x7f20,
   0x7fba, 0x7fd8, 0x7f8c, 0x8034, 0x7f6d, 0x7f9b, 0x7fba, 0x7f6d, 0x7ff7,
   0x7f20, 0x7f11, 0x7f11, 0x7f5e, 0x7f6d, 0x7f7c, 0x7faa, 0x7faa, 0x7fc9,
   0x7faa, 0x7f9b, 0x7faa, 0x7faa, 0x7fc9, 0x8034, 0x8081, 0x80af, 0x80be,
   0x810b, 0x8072, 0x8090, 0x8062, 0x8044, 0x8016, 0x7faa, 0x7fba, 0x7fba,
   0x7f4e, 0x7f4e, 0x7f02, 0x7faa, 0x8034, 0x7fba, 0x8025, 0x7faa, 0x7fe8,
   0x7ff7, 0x8034, 0x80af, 0x8090, 0x8053, 0x8062, 0x8044, 0x8006, 0x8016,
   0x8025, 0x8053, 0x8053, 0x80fc, 0x80be, 0x8062, 0x8044, 0x8072, 0x8081,
   0x7ff7, 0x8025, 0x7f9b, 0x7fba, 0x7fe8, 0x7fe8, 0x8025, 0x8006, 0x8062,
   0x8072, 0x8053, 0x8034, 0x8006, 0x8006, 0x8062, 0x8016, 0x8062, 0x8006,
   0x7fd8, 0x8006, 0x8034, 0x7ff7, 0x7fd8, 0x8034, 0x80fc, 0x80dd, 0x8072,
   0x7fe8, 0x7fd8, 0x8053, 0x80a0, 0x8090, 0x7fe8, 0x7fc9, 0x7ff7, 0x7ff7,
   0x7f30, 0x7f20, 0x7f02, 0x7ef2, 0x7faa, 0x7f9b, 0x7fe8, 0x8006, 0x7f9b,
   0x7f11, 0x7faa, 0x7fe8, 0x8016, 0x8081, 0x80a0, 0x80be, 0x80af, 0x80af,
   0x7ff7, 0x7f6d, 0x7fba, 0x7f02, 0x7f11, 0x7ed4, 0x7f30, 0x7f4e, 0x7faa,
   0x7ff7, 0x7fba, 0x7f9b, 0x8006, 0x7ff7, 0x8006, 0x8025, 0x7ff7, 0x8053,
   0x8072, 0x8053, 0x7ff7, 0x7f8c, 0x7ef2, 0x7f3f, 0x7f9b, 0x7f5e, 0x7f8c,
   0x7faa, 0x7fba, 0x7fba, 0x8044, 0x8006, 0x8044, 0x8090, 0x80ce, 0x80ec,
   0x8072, 0x7ff7, 0x7fe8, 0x7ff7, 0x8016, 0x7fc9, 0x7fba, 0x7f3f, 0x7fc9,
   0x8034, 0x7fc9, 0x8006, 0x8062, 0x8034, 0x8016, 0x7f3f, 0x7fd8, 0x8006,
   0x7fe8, 0x7f6d, 0x7f9b, 0x7fc9, 0x8090, 0x80a0, 0x8016, 0x8034, 0x7fe8,
   0x7ef2, 0x7f3f, 0x7f5e, 0x7fc9, 0x7fd8, 0x7fd8, 0x7fe8, 0x7fd8, 0x7fc9,
   0x7fc9, 0x8006, 0x8025, 0x8006, 0x7faa, 0x7faa, 0x7faa, 0x8006, 0x7f9b,
   0x7f6d, 0x7fe8, 0x7f8c, 0x7ec4, 0x7f4e, 0x7f8c, 0x7fd8, 0x7f9b, 0x8025,
   0x8016, 0x80a0, 0x8053, 0x7ff7, 0x8044, 0x8044, 0x7fe8, 0x7fc9, 0x7fe8,
   0x8034, 0x8034, 0x7f7c, 0x7f8c, 0x7faa, 0x7fd8, 0x8025, 0x8006, 0x7fd8,
   0x8053, 0x8072, 0x8053, 0x8006, 0x8016, 0x80be, 0x80fc, 0x812a, 0x80fc,
   0x8044, 0x7faa, 0x7f3f, 0x7f11, 0x7f9b, 0x8034, 0x80af, 0x80dd, 0x8081,
   0x8062, 0x8090, 0x8044, 0x8025, 0x7fba, 0x7ee3, 0x7f11, 0x7f4e, 0x7f9b,
   0x7f8c, 0x7f7c, 0x7fd8, 0x8034, 0x8090, 0x8025, 0x7fe8, 0x7fe8, 0x7ff7,
   0x8072, 0x8006, 0x8006, 0x7f7c, 0x7fc9, 0x7fe8, 0x8006, 0x7fe8, 0x7fba,
   0x7fba, 0x8044, 0x8072, 0x8044, 0x8044, 0x7ff7, 0x8034, 0x7ff7, 0x7fba,
   0x7f20, 0x7ee3, 0x7f9b, 0x7fd8, 0x7ff7, 0x80a0, 0x80af, 0x8072, 0x8016,
   0x7fd8, 0x8006, 0x8006, 0x7ff7, 0x8016, 0x8044, 0x8034, 0x8006, 0x7f11,
   0x7e96, 0x7f02, 0x7f9b, 0x7fd8, 0x7fe8, 0x7f9b, 0x7fba, 0x7f6d, 0x7f6d,
   0x7fe8, 0x8006, 0x8034, 0x8072, 0x8016, 0x8025, 0x7fc9, 0x8016, 0x8090,
   0x8044, 0x7ff7, 0x7fe8, 0x7ff7, 0x8062, 0x8044, 0x8072, 0x8034, 0x8006,
   0x8072, 0x8062, 0x8025, 0x8006, 0x80be, 0x80ce, 0x8072, 0x80dd, 0x80ec,
   0x80ce, 0x7fe8, 0x8053, 0x7fd8, 0x7f9b, 0x7f7c, 0x7fba, 0x7f9b, 0x7fba,
   0x7f6d, 0x7f30, 0x7f7c, 0x8006, 0x8044, 0x8016, 0x7fc9, 0x8006, 0x7f6d,
   0x8006, 0x7fd8, 0x7f11, 0x7f20, 0x7f20, 0x7fe8, 0x7fe8, 0x7fd8, 0x8034,
   0x8090, 0x80ce, 0x80be, 0x8053, 0x8090, 0x8006, 0x8006, 0x7fba, 0x7fc9,
   0x8016, 0x7fd8, 0x7faa, 0x7f9b, 0x7f20, 0x7fba, 0x7ff7, 0x7ff7, 0x8072,
   0x8090, 0x8072, 0x8044, 0x8016, 0x7fd8, 0x7ff7, 0x8006, 0x8053, 0x8025,
   0x8062, 0x8006, 0x7fe8, 0x7ff7, 0x7fe8, 0x8034, 0x8053, 0x8016, 0x8034,
   0x8006, 0x7fe8, 0x7f8c, 0x7faa, 0x7ff7, 0x8025, 0x8081, 0x8081, 0x8006,
   0x7fe8, 0x7fe8, 0x8016, 0x7fd8, 0x7faa, 0x7faa, 0x7f8c, 0x7f9b, 0x7fc9,
   0x8006, 0x7fc9, 0x7fba, 0x7ff7, 0x8072, 0x8081, 0x7fd8, 0x7f6d, 0x7f5e,
   0x7fe8, 0x7fc9, 0x8006, 0x8006, 0x7ff7, 0x8072, 0x8044, 0x8044, 0x7ff7,
   0x7fba, 0x7ff7, 0x8006, 0x7f7c, 0x7f6d, 0x7fe8, 0x7fba, 0x8016, 0x80be,
   0x8090, 0x8062, 0x8053, 0x8062, 0x8025, 0x8034, 0x80a0, 0x80be, 0x80ec,
   0x80a0, 0x8081, 0x8072, 0x7ff7, 0x7fe8, 0x7ff7, 0x7f8c, 0x7f6d, 0x7fba,
   0x7fba, 0x8044, 0x8025, 0x8034, 0x8034, 0x8053, 0x8044, 0x8006, 0x8006,
   0x8072, 0x8016, 0x8006, 0x8081, 0x80af, 0x80be, 0x810b, 0x8090, 0x8025,
   0x8081, 0x8016, 0x8016, 0x8006, 0x8034, 0x8006, 0x7fc9, 0x7fd8, 0x7faa,
   0x8006, 0x8025, 0x7fe8, 0x7ff7, 0x8016, 0x8006, 0x8034, 0x8025, 0x7ff7,
   0x7ff7, 0x8034, 0x7fe8, 0x7f7c, 0x7f8c, 0x7f8c, 0x7f8c, 0x7fd8, 0x8044,
   0x7fe8, 0x7ff7, 0x8034, 0x8006, 0x8006, 0x7ff7, 0x7f5e, 0x7f4e, 0x7fba,
   0x8034, 0x8006, 0x8025, 0x8025, 0x7fd8, 0x7fc9, 0x8006, 0x7ff7, 0x8034,
   0x8062, 0x7fc9, 0x7fba, 0x7fd8, 0x8006, 0x8044, 0x8044, 0x8072, 0x8025,
   0x7fe8, 0x8034, 0x8053, 0x8016, 0x7f8c, 0x7f5e, 0x7fd8, 0x8006, 0x8044,
   0x8081, 0x8062, 0x80af, 0x8081, 0x8072, 0x8016, 0x7fc9, 0x7f7c, 0x7fba,
   0x7f8c, 0x7f4e, 0x7f8c, 0x7fd8, 0x7faa, 0x8006, 0x8025, 0x8062, 0x8025,
   0x7fba, 0x7fe8, 0x7ff7, 0x8016, 0x8006, 0x7f8c, 0x7f11, 0x8006, 0x8016,
   0x8016, 0x8016, 0x7ff7, 0x8016, 0x8034, 0x8044, 0x8006, 0x8025, 0x7f02,
   0x7f30, 0x7f20, 0x7ef2, 0x7f9b, 0x7faa, 0x7fe8, 0x7f9b, 0x8016, 0x8006,
   0x8006, 0x8025, 0x8053, 0x8062, 0x8044, 0x8025, 0x8062, 0x8081, 0x80ce,
   0x810b, 0x80ec, 0x8090, 0x80ce, 0x80af, 0x80a0, 0x80a0, 0x80be, 0x810b,
   0x8053, 0x7ff7, 0x7fd8, 0x7ff7, 0x7fe8, 0x8016, 0x7ff7, 0x8053, 0x8006,
   0x8016, 0x8053, 0x8044, 0x8072, 0x8062, 0x8062, 0x7f8c, 0x7fc9, 0x8016,
   0x7faa, 0x7faa, 0x7ff7, 0x8053, 0x8053, 0x7fd8, 0x7ff7, 0x7faa, 0x8006,
   0x7ff7, 0x7ff7, 0x8025, 0x8034, 0x80be, 0x80dd, 0x8090, 0x8090, 0x8053,
   0x8090, 0x80af, 0x811a, 0x810b, 0x8158, 0x8081, 0x7fba, 0x7f7c, 0x7ec4,
   0x7f6d, 0x8062, 0x8006, 0x7fba, 0x7f11, 0x7ff7, 0x8053, 0x8025, 0x8090,
   0x812a, 0x80a0, 0x8062, 0x8062, 0x8034, 0x8053, 0x8062, 0x8034, 0x8090,
   0x80be, 0x8006, 0x8053, 0x8081, 0x8044, 0x8016, 0x7fc9, 0x8016, 0x8062,
   0x8072, 0x8053, 0x8034, 0x8016, 0x8025, 0x8006, 0x7fc9, 0x7faa, 0x7faa,
   0x7fc9, 0x7f4e, 0x8016, 0x8034, 0x7f5e, 0x7f9b, 0x7fc9, 0x8006, 0x8053,
   0x8053, 0x8025, 0x7fd8, 0x7f4e, 0x7faa, 0x8006, 0x8062, 0x8025, 0x8044,
   0x7fe8, 0x7ff7, 0x8034, 0x810b, 0x80af, 0x810b, 0x80af, 0x80fc, 0x80ce,
   0x8006, 0x7fd8, 0x7fba, 0x7fe8, 0x7fe8, 0x7f9b, 0x7f8c, 0x7fd8, 0x7fd8,
   0x8006, 0x8034, 0x8034, 0x8053, 0x8062, 0x80ce, 0x8081, 0x80a0, 0x8090,
   0x8090, 0x8062, 0x8062, 0x80be, 0x8062, 0x7fe8, 0x7faa, 0x7f9b, 0x7fd8,
   0x8025, 0x8072, 0x80ce, 0x8090, 0x80af, 0x80dd, 0x7ff7, 0x7f30, 0x7f8c,
   0x7ff7, 0x7ff7, 0x7faa, 0x8006, 0x8044, 0x8081, 0x8081, 0x80dd, 0x8072,
   0x7fd8, 0x8025, 0x8034, 0x8006, 0x7fc9, 0x7f7c, 0x7ee3, 0x7ea6, 0x7f4e,
   0x7faa, 0x8006, 0x8053, 0x8034, 0x7fe8, 0x7f4e, 0x7f8c, 0x8034, 0x80a0,
   0x8139, 0x811a, 0x812a, 0x80fc, 0x8062, 0x8006, 0x8016, 0x7fc9, 0x8006,
   0x7fba, 0x7fd8, 0x7fc9, 0x8044, 0x8081, 0x8090, 0x8016, 0x7f11, 0x7ed4,
   0x7e96, 0x7ed4, 0x7f6d, 0x7fc9, 0x8006, 0x8006, 0x8072, 0x8025, 0x8006,
   0x7fe8, 0x8016, 0x8016, 0x8072, 0x8072, 0x8044, 0x7fd8, 0x8006, 0x7fba,
   0x7fe8, 0x8006, 0x7fd8, 0x7fc9, 0x8025, 0x7faa, 0x7fd8, 0x8006, 0x8044,
   0x8072, 0x8025, 0x7fd8, 0x7f5e, 0x7faa, 0x8006, 0x7fc9, 0x7fc9, 0x7fc9,
   0x7faa, 0x7f9b, 0x7f8c, 0x8016, 0x8081, 0x8062, 0x80a0, 0x8006, 0x7fe8,
   0x8016, 0x8072, 0x8062, 0x7fe8, 0x8072, 0x8081, 0x8016, 0x7fc9, 0x8062,
   0x8006, 0x7f4e, 0x7fd8, 0x8006, 0x7fc9, 0x7fc9, 0x8016, 0x8034, 0x8006,
   0x7faa, 0x8006, 0x8062, 0x8081, 0x8062, 0x80a0, 0x80ce, 0x8062, 0x8072,
   0x80ec, 0x812a, 0x80a0, 0x8025, 0x80a0, 0x7ff7, 0x7f9b, 0x7ff7, 0x8016,
   0x7fe8, 0x8006, 0x7fe8, 0x7ff7, 0x7faa, 0x7f30, 0x7e59, 0x7ec4, 0x7f6d,
   0x7fc9, 0x8025, 0x8006, 0x8044, 0x8062, 0x8034, 0x8053, 0x7fe8, 0x7fe8,
   0x8053, 0x8006, 0x8044, 0x8006, 0x7f9b, 0x8034, 0x8044, 0x7faa, 0x7e96,
   0x7f8c, 0x7faa, 0x7fba, 0x8006, 0x8044, 0x80a0, 0x8044, 0x7f5e, 0x7f3f,
   0x7f3f, 0x7fc9, 0x8062, 0x80ce, 0x80af, 0x8044, 0x7ff7, 0x7fba, 0x8016,
   0x8044, 0x8062, 0x8090, 0x80af, 0x8044, 0x8053, 0x7fba, 0x7fd8, 0x8006,
   0x8006, 0x8016, 0x8044, 0x7fba, 0x7f5e, 0x7f30, 0x7f3f, 0x7eb5, 0x7ee3,
   0x7faa, 0x7fba, 0x7f9b, 0x7f9b, 0x7f4e, 0x7f11, 0x7f5e, 0x8016, 0x8006,
   0x7faa, 0x7ff7, 0x8006, 0x8053, 0x7f9b, 0x7f9b, 0x8006, 0x8006, 0x8006,
   0x7fc9, 0x7ff7, 0x8025, 0x7fe8, 0x8025, 0x8016, 0x7f9b, 0x7fc9, 0x7faa,
   0x7ef2, 0x7f11, 0x7faa, 0x7f8c, 0x8006, 0x7fe8, 0x8006, 0x8025, 0x8025,
   0x8034, 0x8025, 0x8006, 0x80a0, 0x8025, 0x8025, 0x8006, 0x8016, 0x7faa,
   0x7fd8, 0x7fba, 0x7fe8, 0x8006, 0x8006, 0x8016, 0x8081, 0x8053, 0x8006,
   0x8025, 0x7ff7, 0x7fe8, 0x8053, 0x7ff7, 0x8006, 0x7f9b, 0x7f11, 0x7f11,
   0x7f02, 0x7f5e, 0x7fba, 0x7fc9, 0x7fba, 0x7fba, 0x8006, 0x8025, 0x8025,
   0x80a0, 0x8072, 0x8062, 0x8044, 0x80af, 0x8062, 0x7f9b, 0x7f6d, 0x7f7c,
   0x8006, 0x8044, 0x8081, 0x8090, 0x80be, 0x8081, 0x8062, 0x8081, 0x8081,
   0x80af, 0x8081, 0x8016, 0x7fc9, 0x7f9b, 0x7fd8, 0x7fe8, 0x8044, 0x8062,
   0x8034, 0x7faa, 0x7fc9, 0x7faa, 0x7ef2, 0x7f9b, 0x7faa, 0x7f5e, 0x7ee3,
   0x7f8c, 0x7fd8, 0x8025, 0x8034, 0x8016, 0x7fe8, 0x7fd8, 0x7f7c, 0x7f8c,
   0x7faa, 0x8006, 0x8062, 0x8053, 0x8034, 0x8006, 0x8044, 0x8025, 0x80ec,
   0x80fc, 0x80fc, 0x8053, 0x8025, 0x7fba, 0x7ea6, 0x7e87, 0x7ec4, 0x7ee3,
   0x7ef2, 0x7fc9, 0x7fe8, 0x7f7c, 0x7fe8, 0x7fd8, 0x7f5e, 0x7f5e, 0x7fc9,
   0x7f9b, 0x8034, 0x8081, 0x8072, 0x8006, 0x8062, 0x7ff7, 0x7ff7, 0x7f9b,
   0x7f7c, 0x7faa, 0x7fe8, 0x8016, 0x8072, 0x8034, 0x8016, 0x7fc9, 0x7ff7,
   0x8034, 0x8072, 0x811a, 0x80af, 0x8053, 0x8090, 0x80ec, 0x80af, 0x80af,
   0x8025, 0x7ff7, 0x7f5e, 0x7fc9, 0x7f3f, 0x7f7c, 0x8044, 0x80be, 0x80a0,
   0x8081, 0x8044, 0x7ff7, 0x7fd8, 0x8016, 0x8025, 0x8016, 0x8062, 0x8034,
   0x8025, 0x8025, 0x8081, 0x8090, 0x7faa, 0x7fba, 0x7fba, 0x7fd8, 0x8006,
   0x8006, 0x7f4e, 0x7ef2, 0x7ef2, 0x7f02, 0x7fe8, 0x8006, 0x8034, 0x7f8c,
   0x8006, 0x8044, 0x80be, 0x80fc, 0x8081, 0x8072, 0x7fd8, 0x7fe8, 0x7f9b,
   0x7f6d, 0x7fba, 0x8025, 0x8025, 0x8034, 0x7fba, 0x7fc9, 0x7f9b, 0x7f5e,
   0x7f5e, 0x7faa, 0x8025, 0x8016, 0x8053, 0x8081, 0x8072, 0x7ff7, 0x7faa,
   0x8006, 0x7f5e, 0x7ec4, 0x7f02, 0x7fc9, 0x7fd8, 0x8016, 0x8034, 0x8044,
   0x8072, 0x8072, 0x8053, 0x8016, 0x8081, 0x80af, 0x80a0, 0x80ec, 0x80ce,
   0x8081, 0x80a0, 0x80a0, 0x8062, 0x8025, 0x8006, 0x8053, 0x8072, 0x8034,
   0x7fe8, 0x8034, 0x8053, 0x80be, 0x8025, 0x8006, 0x7faa, 0x7fba, 0x7fba,
   0x7f9b, 0x7f8c, 0x8006, 0x8006, 0x7fe8, 0x7ee3, 0x7e59, 0x7e4a, 0x7e87,
   0x7ef2, 0x7f20, 0x7ee3, 0x7ed4, 0x7f3f, 0x7f9b, 0x7fe8, 0x8053, 0x7fe8,
   0x7f6d, 0x7f5e, 0x7ff7, 0x8016, 0x8053, 0x8006, 0x7fba, 0x8006, 0x8006,
   0x8025, 0x7faa, 0x7f7c, 0x7ef2, 0x7f6d, 0x8006, 0x7fc9, 0x8053, 0x80af,
   0x8081, 0x8006, 0x7fe8, 0x7fba, 0x7f8c, 0x7ed4, 0x7fc9, 0x8006, 0x8034,
   0x8072, 0x80be, 0x8062, 0x8090, 0x8072, 0x8072, 0x7fba, 0x7f5e, 0x7ef2,
   0x7f4e, 0x7fd8, 0x7fba, 0x8034, 0x8072, 0x8081, 0x8053, 0x8016, 0x7ff7,
   0x8034, 0x8090, 0x8090, 0x8090, 0x8072, 0x80dd, 0x80be, 0x8176, 0x81a4,
   0x80dd, 0x8016, 0x8006, 0x8034, 0x8090, 0x8081, 0x8006, 0x8072, 0x8034,
   0x8006, 0x8016, 0x8053, 0x8072, 0x8081, 0x8034, 0x80ce, 0x8053, 0x8025,
   0x8090, 0x810b, 0x80be, 0x80dd, 0x812a, 0x812a, 0x80ce, 0x8016, 0x7ff7,
   0x8034, 0x8006, 0x8025, 0x8006, 0x8025, 0x8072, 0x8044, 0x8034, 0x7fd8,
   0x7faa, 0x7fd8, 0x7fe8, 0x7fd8, 0x7f7c, 0x7fe8, 0x8025, 0x8025, 0x7ff7,
   0x8006, 0x7f9b, 0x7faa, 0x8044, 0x8090, 0x8081, 0x8062, 0x8006, 0x7fc9,
   0x7fd8, 0x7ff7, 0x8006, 0x8025, 0x8034, 0x7faa, 0x7faa, 0x7faa, 0x7f3f,
   0x7f4e, 0x7fc9, 0x8016, 0x7fd8, 0x8016, 0x8072, 0x8044, 0x7fd8, 0x8006,
   0x8006, 0x7fc9, 0x8006, 0x7ff7, 0x7fd8, 0x7fba, 0x7ff7, 0x7fc9, 0x8081,
   0x80be, 0x8044, 0x8062, 0x8044, 0x8072, 0x8006, 0x8006, 0x8006, 0x8006,
   0x8006, 0x8016, 0x80af, 0x8081, 0x7fe8, 0x7fba, 0x7f5e, 0x7e96, 0x7e4a,
   0x7e3a, 0x7e68, 0x7e2b, 0x7e78, 0x7e68, 0x7e78, 0x7ed4, 0x7fba, 0x8006,
   0x7ff7, 0x8034, 0x7fd8, 0x7f11, 0x7faa, 0x8006, 0x7f9b, 0x7f30, 0x7fe8,
   0x8044, 0x80be, 0x80fc, 0x80be, 0x80af, 0x80a0, 0x8062, 0x8034, 0x7ff7,
   0x7fd8, 0x8006, 0x8044, 0x8053, 0x80be, 0x80a0, 0x8072, 0x7f7c, 0x7f5e,
   0x7f11, 0x7f7c, 0x7fc9, 0x8081, 0x8053, 0x7ff7, 0x8062, 0x80ce, 0x80a0,
   0x8072, 0x8062, 0x8062, 0x8016, 0x8072, 0x80ce, 0x80be, 0x80fc, 0x80dd,
   0x8081, 0x8016, 0x7ff7, 0x8016, 0x7fd8, 0x7fe8, 0x7ff7, 0x7fe8, 0x8053,
   0x8053, 0x8062, 0x8034, 0x7fe8, 0x7f6d, 0x7fe8, 0x8016, 0x8006, 0x7fc9,
   0x7f9b, 0x8006, 0x7fd8, 0x7fd8, 0x7f30, 0x7ee3, 0x7ef2, 0x7f30, 0x7faa,
   0x7fc9, 0x7fe8, 0x7faa, 0x8006, 0x8006, 0x8006, 0x8006, 0x8006, 0x8072,
   0x80fc, 0x80a0, 0x8062, 0x8034, 0x8016, 0x8034, 0x8025, 0x8034, 0x8025,
   0x8025, 0x7ff7, 0x7fc9, 0x7f6d, 0x7fc9, 0x7fe8, 0x8006, 0x8044, 0x8006,
   0x8006, 0x8006, 0x7fc9, 0x7f8c, 0x7f20, 0x7f30, 0x7f8c, 0x8006, 0x8072,
   0x8016, 0x8044, 0x8025, 0x7f8c, 0x7f7c, 0x7f8c, 0x8006, 0x7fba, 0x8090,
   0x80a0, 0x80a0, 0x8072, 0x8016, 0x7fd8, 0x7f8c, 0x7f11, 0x7eb5, 0x7f5e,
   0x8044, 0x80af, 0x80ce, 0x8090, 0x7fc9, 0x7fc9, 0x7faa, 0x7fc9, 0x8044,
   0x8016, 0x7f3f, 0x7f8c, 0x8006, 0x8072, 0x80ce, 0x8053, 0x80a0, 0x8072,
   0x8006, 0x7fe8, 0x8053, 0x8081, 0x8072, 0x8044, 0x8044, 0x7fba, 0x7fe8,
   0x7fd8, 0x7faa, 0x7f20, 0x7f30, 0x7fd8, 0x8016, 0x8053, 0x8025, 0x80af,
   0x8006, 0x7fd8, 0x8034, 0x8034, 0x8062, 0x80be, 0x80a0, 0x8044, 0x8044,
   0x8044, 0x8062, 0x7ff7, 0x8016, 0x7faa, 0x8025, 0x8044, 0x8006, 0x8016,
   0x8062, 0x8034, 0x8053, 0x8062, 0x8090, 0x80dd, 0x80dd, 0x7fe8, 0x7fba,
   0x7fd8, 0x8025, 0x80ce, 0x80be, 0x8090, 0x8025, 0x8081, 0x8025, 0x7ff7,
   0x7fc9, 0x7faa, 0x8006, 0x8025, 0x8016, 0x7fe8, 0x7fba, 0x7f9b, 0x80a0,
   0x80fc, 0x80be, 0x8072, 0x8053, 0x7fd8, 0x7f7c, 0x7f6d, 0x7fba, 0x8053,
   0x8053, 0x8034, 0x8016, 0x8034, 0x8062, 0x8006, 0x7f20, 0x7e87, 0x7ea6,
   0x7f6d, 0x8025, 0x8034, 0x8072, 0x8025, 0x8034, 0x8025, 0x8025, 0x8072,
   0x80fc, 0x8072, 0x8053, 0x7fc9, 0x7f6d, 0x7f30, 0x7f9b, 0x7fba, 0x7fba,
   0x8081, 0x8025, 0x7ff7, 0x7f9b, 0x7f6d, 0x7f5e, 0x7fe8, 0x8025, 0x7ff7,
   0x7fd8, 0x8016, 0x7f9b, 0x7f9b, 0x7fe8, 0x8025, 0x8062, 0x8025, 0x8006,
   0x7f9b, 0x7fba, 0x7fe8, 0x7ff7, 0x7fba, 0x7f7c, 0x7eb5, 0x7f5e, 0x7ef2,
   0x7fba, 0x7fc9, 0x7fba, 0x7f30, 0x7fd8, 0x7fc9, 0x7ff7, 0x8062, 0x80af,
   0x80a0, 0x80af, 0x80af, 0x8053, 0x8016, 0x8006, 0x8081, 0x8062, 0x8044,
   0x8025, 0x8053, 0x80be, 0x80af, 0x8081, 0x8006, 0x80a0, 0x8025, 0x8025,
   0x8006, 0x7f4e, 0x7fd8, 0x7fe8, 0x8025, 0x80af, 0x80a0, 0x8053, 0x8016,
   0x7ff7, 0x7fba, 0x7ec4, 0x7ed4, 0x7ef2, 0x7ef2, 0x7f11, 0x7f8c, 0x7f5e,
   0x7fba, 0x7faa, 0x7fe8, 0x7ef2, 0x7ed4, 0x7faa, 0x7f9b, 0x8044, 0x8090,
   0x80ce, 0x8053, 0x7fe8, 0x8006, 0x8044, 0x8025, 0x8062, 0x7fc9, 0x8025,
   0x8044, 0x7f8c, 0x7f02, 0x7e96, 0x7ee3, 0x7ed4, 0x7f5e, 0x7fba, 0x7f8c,
   0x7f8c, 0x7fd8, 0x8062, 0x8062, 0x8044, 0x8034, 0x8016, 0x7faa, 0x7fd8,
   0x8006, 0x7fe8, 0x7f4e, 0x7f11, 0x7ff7, 0x8053, 0x8090, 0x80fc, 0x80be,
   0x8062, 0x8044, 0x8016, 0x8081, 0x80ce, 0x80af, 0x80ec, 0x80a0, 0x7faa,
   0x7f5e, 0x7faa, 0x8025, 0x8062, 0x8062, 0x80a0, 0x8081, 0x80a0, 0x810b,
   0x8186, 0x80ec, 0x7eb5, 0x7e96, 0x7ed4, 0x7faa, 0x7fc9, 0x8072, 0x8006,
   0x8016, 0x7fe8, 0x8053, 0x8062, 0x8016, 0x8062, 0x8062, 0x7fd8, 0x7fe8,
   0x7faa, 0x7fd8, 0x7f8c, 0x7f9b, 0x7f11, 0x7e68, 0x7e96, 0x7f11, 0x8025,
   0x8034, 0x8016, 0x8006, 0x7f7c, 0x8025, 0x80ce, 0x8025, 0x80a0, 0x8062,
   0x8025, 0x8053, 0x80af, 0x80af, 0x80ec, 0x80be, 0x80ce, 0x8034, 0x8016,
   0x7fc9, 0x7f30, 0x7ef2, 0x7f3f, 0x7ff7, 0x7fba, 0x7f20, 0x7f3f, 0x7f20,
   0x7ea6, 0x7e78, 0x7f30, 0x7f9b, 0x7fc9, 0x7fd8, 0x7fc9, 0x8016, 0x8044,
   0x8072, 0x8025, 0x7f7c, 0x7eb5, 0x7f3f, 0x7f8c, 0x7f7c, 0x7fe8, 0x8053,
   0x8044, 0x80af, 0x80fc, 0x80ce, 0x8081, 0x8072, 0x8044, 0x8044, 0x7fc9,
   0x7f9b, 0x7f6d, 0x7f6d, 0x7ff7, 0x8034, 0x8034, 0x8072, 0x80ce, 0x8081,
   0x7ff7, 0x7ff7, 0x8081, 0x80af, 0x80be, 0x8062, 0x7fc9, 0x7fe8, 0x7fd8,
   0x7fd8, 0x7fd8, 0x8053, 0x8016, 0x7fc9, 0x8034, 0x7fd8, 0x7faa, 0x7f20,
   0x7f4e, 0x7f11, 0x7f30, 0x7f7c, 0x7fd8, 0x8006, 0x8025, 0x7fd8, 0x8006,
   0x8053, 0x8081, 0x8072, 0x8090, 0x80a0, 0x80be, 0x8081, 0x8044, 0x8006,
   0x8016, 0x7f8c, 0x7ee3, 0x7f20, 0x7f6d, 0x7f11, 0x7ea6, 0x7f4e, 0x7faa,
   0x7fba, 0x8006, 0x8034, 0x7faa, 0x8016, 0x8072, 0x8025, 0x8081, 0x8062,
   0x7fc9, 0x7f5e, 0x7ef2, 0x7f6d, 0x7f3f, 0x7fba, 0x7faa, 0x80a0, 0x80af,
   0x8016, 0x8006, 0x8053, 0x8053, 0x8006, 0x7fd8, 0x7fe8, 0x7f3f, 0x7f02,
   0x7f30, 0x7f3f, 0x7f4e, 0x8006, 0x8044, 0x8072, 0x8053, 0x7fba, 0x8006,
   0x7f30, 0x7f8c, 0x7f9b, 0x7fe8, 0x7f6d, 0x7ff7, 0x7ff7, 0x8034, 0x8006,
   0x7f8c, 0x7ef2, 0x7f30, 0x7f02, 0x7ed4, 0x7eb5, 0x7f8c, 0x7ef2, 0x7f6d,
   0x7fc9, 0x8025, 0x8006, 0x8025, 0x8025, 0x8016, 0x8062, 0x8016, 0x8025,
   0x810b, 0x8090, 0x8072, 0x8090, 0x8081, 0x7fe8, 0x7ed4, 0x7f20, 0x7f3f,
   0x7f4e, 0x7fba, 0x7f30, 0x7f3f, 0x7f7c, 0x7fd8, 0x8025, 0x8062, 0x8025,
   0x8081, 0x8072, 0x8053, 0x8034, 0x7fd8, 0x7ff7, 0x7fd8, 0x8072, 0x8016,
   0x8044, 0x8072, 0x8062, 0x7fd8, 0x7f11, 0x7f9b, 0x7fc9, 0x7faa, 0x8006,
   0x8006, 0x7f9b, 0x7e59, 0x7cf8, 0x7d73, 0x7d54, 0x7d54, 0x7e4a, 0x7ff7,
   0x80a0, 0x8167, 0x811a, 0x80fc, 0x80ec, 0x80ec, 0x811a, 0x80fc, 0x81b4,
   0x8210, 0x8186, 0x8148, 0x811a, 0x80fc, 0x80af, 0x8090, 0x80a0, 0x8006,
   0x7fc9, 0x7ec4, 0x7f02, 0x7f30, 0x7fc9, 0x7fba, 0x8034, 0x8016, 0x8016,
   0x8034, 0x8053, 0x8062, 0x8016, 0x7fe8, 0x7f20, 0x7f9b, 0x7ef2, 0x7fd8,
   0x8072, 0x8081, 0x8034, 0x7f7c, 0x7f6d, 0x7f7c, 0x7fd8, 0x8044, 0x80a0,
   0x8044, 0x8006, 0x7fd8, 0x7f6d, 0x8006, 0x8062, 0x80ce, 0x8053, 0x7fd8,
   0x7fd8, 0x8006, 0x8053, 0x8034, 0x8016, 0x8006, 0x7f4e, 0x7f6d, 0x7f3f,
   0x7ef2, 0x7ea6, 0x7ed4, 0x7faa, 0x7fd8, 0x8016, 0x7faa, 0x7f7c, 0x7fd8,
   0x8081, 0x812a, 0x80be, 0x8062, 0x80a0, 0x80a0, 0x7fe8, 0x7f4e, 0x7f6d,
   0x7fe8, 0x7ff7, 0x8006, 0x8016, 0x8034, 0x7ff7, 0x7f8c, 0x7fd8, 0x8016,
   0x8044, 0x7fc9, 0x7f5e, 0x7f3f, 0x7f4e, 0x7fd8, 0x8006, 0x8016, 0x8006,
   0x7ff7, 0x7fc9, 0x7f8c, 0x7ff7, 0x8006, 0x8081, 0x80dd, 0x7fe8, 0x7f9b,
   0x8016, 0x8072, 0x8062, 0x8044, 0x7f4e, 0x7f3f, 0x7f7c, 0x8006, 0x8044,
   0x8034, 0x8016, 0x8072, 0x80a0, 0x80af, 0x8044, 0x7fd8, 0x7faa, 0x7faa,
   0x8053, 0x8016, 0x8016, 0x8062, 0x8062, 0x8072, 0x8053, 0x8090, 0x8006,
   0x8016, 0x7fd8, 0x8016, 0x7fe8, 0x7fe8, 0x7fd8, 0x7faa, 0x7fe8, 0x8034,
   0x8025, 0x7ff7, 0x8006, 0x7f8c, 0x8006, 0x8016, 0x7ff7, 0x7faa, 0x7fba,
   0x7faa, 0x7ff7, 0x8034, 0x7faa, 0x7faa, 0x7f8c, 0x8034, 0x80a0, 0x80ec,
   0x80ce, 0x8016, 0x8062, 0x8034, 0x7fba, 0x7f7c, 0x7f5e, 0x7f4e, 0x7f6d,
   0x7f8c, 0x7f7c, 0x7fc9, 0x8006, 0x8034, 0x8053, 0x7faa, 0x7ff7, 0x7ff7,
   0x7fe8, 0x8016, 0x8025, 0x7ff7, 0x8006, 0x8025, 0x8025, 0x8025, 0x8062,
   0x8053, 0x8072, 0x7fe8, 0x7fd8, 0x7fd8, 0x7fe8, 0x7fd8, 0x8016, 0x7fe8,
   0x8044, 0x8062, 0x7fc9, 0x7f9b, 0x7faa, 0x7fba, 0x8006, 0x8006, 0x7fc9,
   0x7fba, 0x7ff7, 0x8081, 0x7ff7, 0x8025, 0x8006, 0x8034, 0x8081, 0x8016,
   0x8025, 0x8025, 0x8044, 0x8025, 0x8044, 0x80a0, 0x80ce, 0x8090, 0x8062,
   0x8044, 0x8016, 0x7fe8, 0x8016, 0x8006, 0x8034, 0x8034, 0x8025, 0x8006,
   0x7fc9, 0x8016, 0x7ff7, 0x7faa, 0x7fd8, 0x7f9b, 0x7f4e, 0x7f30, 0x7f02,
   0x7f5e, 0x8006, 0x8081, 0x8090, 0x8062, 0x8062, 0x7ff7, 0x7f30, 0x7ed4,
   0x7f02, 0x7f4e, 0x7eb5, 0x7f20, 0x7f8c, 0x7fba, 0x8006, 0x8053, 0x80af,
   0x80a0, 0x8062, 0x7f8c, 0x7ee3, 0x7eb5, 0x7eb5, 0x7e1c, 0x7e59, 0x7f7c,
   0x8016, 0x7f9b, 0x8006, 0x8062, 0x8053, 0x8081, 0x80be, 0x8034, 0x8044,
   0x8025, 0x7fe8, 0x7f11, 0x7ef2, 0x7ee3, 0x7f3f, 0x7f30, 0x8016, 0x8062,
   0x8006, 0x8062, 0x8006, 0x8016, 0x7fd8, 0x7f4e, 0x7ee3, 0x7f02, 0x7fe8,
   0x8016, 0x8139, 0x8167, 0x81a4, 0x8139, 0x7f9b, 0x7e78, 0x7ea6, 0x7f20,
   0x7f4e, 0x7ff7, 0x8072, 0x8090, 0x80a0, 0x8006, 0x8025, 0x8062, 0x8034,
   0x80be, 0x8081, 0x8006, 0x7fe8, 0x8016, 0x7fe8, 0x8006, 0x7f8c, 0x7f9b,
   0x7fe8, 0x8006, 0x7ff7, 0x8062, 0x8072, 0x8006, 0x8016, 0x7f9b, 0x7f8c,
   0x7f8c, 0x8006, 0x7faa, 0x7f8c, 0x7f4e, 0x7faa, 0x7ff7, 0x7fe8, 0x8006,
   0x7fe8, 0x8016, 0x8016, 0x8034, 0x8016, 0x8016, 0x7ff7, 0x8081, 0x8006,
   0x8006, 0x8006, 0x7fd8, 0x7f5e, 0x7f3f, 0x7ff7, 0x7f3f, 0x7f6d, 0x7f6d,
   0x7faa, 0x7fe8, 0x7fba, 0x7ff7, 0x8006, 0x8006, 0x7ff7, 0x8081, 0x80ce,
   0x8081, 0x8006, 0x8025, 0x7fba, 0x7fba, 0x7fe8, 0x7faa, 0x7faa, 0x7f8c,
   0x7f9b, 0x7f9b, 0x8006, 0x8006, 0x7fe8, 0x7f9b, 0x8062, 0x8081, 0x8006,
   0x7fba, 0x7faa, 0x7f6d, 0x7ed4, 0x7ec4, 0x7f7c, 0x7f3f, 0x7f7c, 0x7f7c,
   0x7faa, 0x7f7c, 0x7fe8, 0x8025, 0x8006, 0x7fe8, 0x7fd8, 0x7fc9, 0x8034,
   0x8025, 0x8062, 0x811a, 0x812a, 0x80ec, 0x811a, 0x80be, 0x8016, 0x8025,
   0x7fe8, 0x8034, 0x7fc9, 0x7fba, 0x7fe8, 0x8034, 0x8034, 0x80a0, 0x80a0,
   0x8044, 0x7faa, 0x7f5e, 0x7f5e, 0x7fe8, 0x8016, 0x8044, 0x8034, 0x8053,
   0x8006, 0x7f4e, 0x7f8c, 0x7ec4, 0x7e96, 0x7f02, 0x7f9b, 0x8025, 0x8034,
   0x7fd8, 0x8044, 0x7ff7, 0x8025, 0x8034, 0x8025, 0x7fd8, 0x7f20, 0x7ec4,
   0x7f02, 0x7ec4, 0x7ec4, 0x7f8c, 0x7ea6, 0x7ec4, 0x7f02, 0x7ee3, 0x7f4e,
   0x7f9b, 0x7faa, 0x7f9b, 0x8006, 0x7fc9, 0x7faa, 0x7ff7, 0x8025, 0x8062,
   0x8016, 0x80ce, 0x8025, 0x8006, 0x8025, 0x8072, 0x80a0, 0x80a0, 0x7ff7,
   0x7fba, 0x7ff7, 0x8006, 0x8006, 0x7fd8, 0x7fc9, 0x7f6d, 0x7ec4, 0x7ec4,
   0x7f6d, 0x7ff7, 0x7fc9, 0x7fd8, 0x8006, 0x8044, 0x8062, 0x7ff7, 0x7f9b,
   0x7f8c, 0x7fc9, 0x7ff7, 0x8034, 0x8072, 0x80af, 0x8034, 0x8044, 0x80af,
   0x80dd, 0x8081, 0x8034, 0x7fe8, 0x7fe8, 0x8006, 0x7f3f, 0x7f11, 0x7ff7,
   0x8016, 0x8072, 0x8062, 0x8025, 0x8006, 0x8090, 0x80af, 0x80fc, 0x8053,
   0x7fd8, 0x7f4e, 0x7f20, 0x7f9b, 0x7f30, 0x7faa, 0x7fe8, 0x8006, 0x8044,
   0x8053, 0x8034, 0x8053, 0x7f30, 0x7faa, 0x7ff7, 0x7fc9, 0x7fd8, 0x8034,
   0x8053, 0x8006, 0x7ff7, 0x8006, 0x8053, 0x80a0, 0x8072, 0x7ff7, 0x8006,
   0x8006, 0x8006, 0x8025, 0x7ff7, 0x8025, 0x7ff7, 0x8053, 0x8044, 0x8016,
   0x7fe8, 0x7fe8, 0x7f8c, 0x7f7c, 0x7fc9, 0x7fd8, 0x8006, 0x8025, 0x7ff7,
   0x7ff7, 0x8006, 0x8016, 0x7fba, 0x7fe8, 0x8062, 0x7fd8, 0x7faa, 0x7fd8,
   0x8006, 0x8006, 0x7f7c, 0x7ef2, 0x7f6d, 0x7ff7, 0x8025, 0x8090, 0x80fc,
   0x8081, 0x80dd, 0x8062, 0x8025, 0x8006, 0x8016, 0x8072, 0x8006, 0x8062,
   0x8016, 0x8016, 0x8025, 0x8006, 0x8053, 0x80a0, 0x80be, 0x8044, 0x8016,
   0x7f6d, 0x7fba, 0x7f6d, 0x7f5e, 0x7faa, 0x7fe8, 0x8062, 0x8044, 0x8072,
   0x8072, 0x80a0, 0x8081, 0x8006, 0x8044, 0x8025, 0x8006, 0x7f9b, 0x7faa,
   0x8062, 0x8062, 0x80a0, 0x7fe8, 0x7ee3, 0x7eb5, 0x7f4e, 0x8006, 0x8034,
   0x8006, 0x8016, 0x8034, 0x8044, 0x80af, 0x8034, 0x8090, 0x8072, 0x8053,
   0x8006, 0x8044, 0x8034, 0x7fd8, 0x8034, 0x8006, 0x8053, 0x8053, 0x8090,
   0x80a0, 0x8006, 0x7f20, 0x7f4e, 0x7fe8, 0x8006, 0x7faa, 0x7f7c, 0x7f9b,
   0x8072, 0x8016, 0x8034, 0x8044, 0x8034, 0x8053, 0x8062, 0x8034, 0x8006,
   0x7fe8, 0x8090, 0x8062, 0x8081, 0x80ce, 0x8072, 0x8072, 0x80a0, 0x80dd,
   0x80af, 0x8006, 0x7f7c, 0x7f3f, 0x7f4e, 0x8006, 0x8025, 0x7ff7, 0x8025,
   0x8053, 0x8053, 0x7f9b, 0x8044, 0x8090, 0x8044, 0x7ff7, 0x7f8c, 0x7faa,
   0x7fba, 0x7fe8, 0x7faa, 0x7ed4, 0x7f5e, 0x7fba, 0x7ff7, 0x80a0, 0x80dd,
   0x8053, 0x7fba, 0x7f9b, 0x7ff7, 0x8006, 0x7fd8, 0x7fe8, 0x8062, 0x8025,
   0x7faa, 0x7faa, 0x7f7c, 0x7fd8, 0x7fe8, 0x7ff7, 0x7f11, 0x7f5e, 0x7f3f,
   0x7f8c, 0x7fba, 0x8006, 0x8025, 0x80fc, 0x8139, 0x80ce, 0x8006, 0x7f4e,
   0x7faa, 0x7fe8, 0x8034, 0x8090, 0x80dd, 0x811a, 0x811a, 0x8139, 0x80ce,
   0x8148, 0x80ec, 0x80af, 0x811a, 0x80a0, 0x8006, 0x7f6d, 0x7eb5, 0x7ea6,
   0x7f5e, 0x7ed4, 0x7f02, 0x7fd8, 0x8006, 0x7fd8, 0x8053, 0x8034, 0x7ff7,
   0x7ff7, 0x8006, 0x8062, 0x80ce, 0x8072, 0x7fe8, 0x7ee3, 0x7f5e, 0x7faa,
   0x7fba, 0x7ff7, 0x8006, 0x8016, 0x7fd8, 0x7f6d, 0x7f4e, 0x7fc9, 0x7f30,
   0x7f4e, 0x7fba, 0x8025, 0x8016, 0x8062, 0x8158, 0x811a, 0x80ec, 0x80fc,
   0x8090, 0x8034, 0x8016, 0x7fba, 0x7ff7, 0x7fba, 0x7f6d, 0x7f20, 0x7ff7,
   0x8006, 0x8016, 0x8016, 0x8044, 0x8053, 0x8016, 0x7faa, 0x8006, 0x8053,
   0x8062, 0x8072, 0x8072, 0x80be, 0x8044, 0x8025, 0x8006, 0x7fe8, 0x8016,
   0x8044, 0x8062, 0x8034, 0x8006, 0x8025, 0x8006, 0x8006, 0x7ff7, 0x7ff7,
   0x7fe8, 0x7ff7, 0x7f6d, 0x7f30, 0x7eb5, 0x7f11, 0x7fba, 0x8006, 0x8081,
   0x80ce, 0x80af, 0x80af, 0x8090, 0x7faa, 0x7f9b, 0x7f8c, 0x7f3f, 0x8006,
   0x8072, 0x8025, 0x7fe8, 0x8025, 0x8034, 0x80a0, 0x8044, 0x8025, 0x8025,
   0x7fe8, 0x7fc9, 0x8006, 0x8016, 0x8053, 0x8006, 0x7f8c, 0x7f02, 0x7faa,
   0x7fe8, 0x7faa, 0x7faa, 0x7f11, 0x7f02, 0x7f20, 0x7f6d, 0x8044, 0x8053,
   0x8034, 0x7ff7, 0x8034, 0x8016, 0x8053, 0x8034, 0x8025, 0x7fba, 0x7ff7,
   0x7fc9, 0x7f5e, 0x7ec4, 0x7f3f, 0x7f5e, 0x7f9b, 0x7f6d, 0x7ef2, 0x7f6d,
   0x7f11, 0x7f7c, 0x7ee3, 0x7f7c, 0x7f8c, 0x7f9b, 0x7f20, 0x7f02, 0x7f4e,
   0x7f02, 0x7ee3, 0x7f30, 0x7ec4, 0x7e87, 0x7f5e, 0x7f8c, 0x7fd8, 0x7fba,
   0x7fd8, 0x8044, 0x8016, 0x8006, 0x7fc9, 0x7f3f, 0x7f9b, 0x7fc9, 0x7fd8,
   0x7f11, 0x7ef2, 0x7f30, 0x7f6d, 0x8006, 0x7f6d, 0x7fe8, 0x8053, 0x80dd,
   0x812a, 0x8139, 0x80dd, 0x80a0, 0x8062, 0x7ff7, 0x7fba, 0x7fe8, 0x7fba,
   0x8006, 0x8025, 0x80a0, 0x80fc, 0x80fc, 0x80ec, 0x80af, 0x8044, 0x7f3f,
   0x7fba, 0x8053, 0x80a0, 0x80af, 0x8081, 0x8072, 0x8044, 0x8016, 0x80be,
   0x8072, 0x8053, 0x8034, 0x7f5e, 0x7f20, 0x7f5e, 0x8053, 0x8072, 0x8006,
   0x7faa, 0x7fc9, 0x8016, 0x8062, 0x8053, 0x8006, 0x8006, 0x8025, 0x7fe8,
   0x80af, 0x80dd, 0x7fc9, 0x7f6d, 0x7fba, 0x7f7c, 0x7fc9, 0x8044, 0x8090,
   0x80a0, 0x8034, 0x7ff7, 0x7f7c, 0x7f7c, 0x7fd8, 0x8072, 0x8044, 0x8090,
   0x80fc, 0x810b, 0x812a, 0x80a0, 0x8053, 0x8034, 0x8044, 0x8025, 0x7fba,
   0x8016, 0x8044, 0x8034, 0x7ff7, 0x8006, 0x8006, 0x8025, 0x7ff7, 0x8025,
   0x80a0, 0x80dd, 0x80ce, 0x80af, 0x8053, 0x8081, 0x8081, 0x8081, 0x8006,
   0x7fe8, 0x7f9b, 0x7f30, 0x7e96, 0x7ef2, 0x7ef2, 0x7f3f, 0x7f6d, 0x8034,
   0x7fc9, 0x7f8c, 0x7f8c, 0x7fc9, 0x7fd8, 0x7fe8, 0x8006, 0x7fc9, 0x7f9b,
   0x7fe8, 0x7ff7, 0x8025, 0x8062, 0x8090, 0x8034, 0x8062, 0x8034, 0x7ff7,
   0x8016, 0x8025, 0x7fe8, 0x7f6d, 0x7fba, 0x8006, 0x8072, 0x8053, 0x8090,
   0x8072, 0x8072, 0x8090, 0x80af, 0x80be, 0x8072, 0x8044, 0x8025, 0x8090,
   0x8072, 0x80af, 0x80af, 0x8062, 0x8044, 0x80a0, 0x7f7c, 0x7f6d, 0x7f30,
   0x8025, 0x80af, 0x8072, 0x8053, 0x8090, 0x7fc9, 0x7f9b, 0x7fba, 0x8044,
   0x7fc9, 0x7fc9, 0x7f9b, 0x7fba, 0x7f5e, 0x7f02, 0x7f4e, 0x7fba, 0x7f5e,
   0x7f8c, 0x8006, 0x8016, 0x8016, 0x8072, 0x80fc, 0x8148, 0x8158, 0x8186,
   0x8072, 0x7fba, 0x7f9b, 0x8025, 0x8006, 0x7fd8, 0x8006, 0x7fe8, 0x8053,
   0x80ec, 0x810b, 0x8072, 0x8044, 0x8062, 0x8090, 0x8044, 0x8062, 0x8025,
   0x8081, 0x7fe8, 0x7fd8, 0x7f7c, 0x8016, 0x80ce, 0x8044, 0x8025, 0x8006,
   0x7ff7, 0x8072, 0x8016, 0x8016, 0x7ff7, 0x7fe8, 0x7ff7, 0x7fe8, 0x7f9b,
   0x8025, 0x8016, 0x8025, 0x8025, 0x8053, 0x7fd8, 0x7ff7, 0x7fd8, 0x8006,
   0x7ff7, 0x7fba, 0x7f7c, 0x7f8c, 0x7fe8, 0x8006, 0x80a0, 0x8081, 0x8053,
   0x8034, 0x8025, 0x80a0, 0x8072, 0x8006, 0x7ff7, 0x7fd8, 0x7f20, 0x7f7c,
   0x7ff7, 0x7ff7, 0x8025, 0x7fba, 0x7fd8, 0x7f5e, 0x7f8c, 0x7f5e, 0x8016,
   0x8034, 0x8016, 0x7fe8, 0x8016, 0x8034, 0x80ce, 0x80be, 0x8081, 0x8025,
   0x7fe8, 0x7fd8, 0x7ee3, 0x7f4e, 0x7f4e, 0x7ef2, 0x7ed4, 0x7ec4, 0x7e96,
   0x7e78, 0x7f5e, 0x7fba, 0x7f8c, 0x7fd8, 0x8006, 0x7fe8, 0x80be, 0x80a0,
   0x80a0, 0x8062, 0x8044, 0x8006, 0x7fd8, 0x8044, 0x80ce, 0x8158, 0x80be,
   0x8016, 0x7faa, 0x7fc9, 0x7ff7, 0x7fd8, 0x7fe8, 0x8006, 0x8006, 0x8053,
   0x8044, 0x8016, 0x8053, 0x7ff7, 0x7f9b, 0x7f6d, 0x7f6d, 0x8006, 0x7fd8,
   0x7f20, 0x7ef2, 0x7f20, 0x7f8c, 0x7fc9, 0x80a0, 0x8081, 0x80a0, 0x80be,
   0x810b, 0x80fc, 0x8090, 0x7f8c, 0x7eb5, 0x7e3a, 0x7e3a, 0x7e0c, 0x7ee3,
   0x7f9b, 0x8006, 0x8034, 0x8006, 0x7fe8, 0x7fe8, 0x7fba, 0x7fc9, 0x7fba,
   0x8006, 0x7ff7, 0x7f8c, 0x7faa, 0x8006, 0x8062, 0x80ec, 0x8062, 0x8006,
   0x8016, 0x8053, 0x7ff7, 0x7f9b, 0x7faa, 0x8016, 0x80be, 0x812a, 0x80ce,
   0x80dd, 0x80ce, 0x8072, 0x8072, 0x80af, 0x80be, 0x8081, 0x8044, 0x7fba,
   0x7f8c, 0x7f7c, 0x8006, 0x7ff7, 0x7ef2, 0x7ee3, 0x7f7c, 0x7f7c, 0x7ff7,
   0x8016, 0x8006, 0x8006, 0x8025, 0x8062, 0x8044, 0x8053, 0x8034, 0x8034,
   0x811a, 0x80dd, 0x8053, 0x8006, 0x7f8c, 0x7fc9, 0x7fe8, 0x8006, 0x7faa,
   0x7fc9, 0x8025, 0x8062, 0x8062, 0x8006, 0x7f9b, 0x7faa, 0x7fd8, 0x7fba,
   0x7ed4, 0x7f20, 0x8044, 0x8034, 0x8081, 0x80dd, 0x810b, 0x8186, 0x8176,
   0x8158, 0x7ff7, 0x7e96, 0x7e87, 0x7e4a, 0x7eb5, 0x7ef2, 0x7f6d, 0x7f20,
   0x7f30, 0x8006, 0x8016, 0x8034, 0x7fd8, 0x7faa, 0x7f9b, 0x7fc9, 0x8006,
   0x7f9b, 0x7f11, 0x7faa, 0x7f9b, 0x7fe8, 0x8006, 0x7fc9, 0x7fd8, 0x8006,
   0x7fba, 0x7ff7, 0x7fc9, 0x7fba, 0x7fc9, 0x7fe8, 0x7f5e, 0x7f7c, 0x8006,
   0x8016, 0x8034, 0x8044, 0x8025, 0x8062, 0x8006, 0x7ff7, 0x7fc9, 0x7fba,
   0x7fc9, 0x7fd8, 0x7fe8, 0x8034, 0x8006, 0x8025, 0x8006, 0x8016, 0x7fd8,
   0x7ff7, 0x8081, 0x8016, 0x8025, 0x7fe8, 0x7faa, 0x7faa, 0x7f8c, 0x7f5e,
   0x7ef2, 0x7f7c, 0x7fba, 0x7ff7, 0x8034, 0x80a0, 0x8081, 0x8025, 0x8081,
   0x80af, 0x80a0, 0x8025, 0x7f7c, 0x7f7c, 0x7f9b, 0x8006, 0x8053, 0x8044,
   0x8062, 0x8090, 0x8044, 0x8081, 0x8072, 0x8025, 0x8081, 0x8090, 0x80ce,
   0x80ce, 0x8025, 0x8006, 0x7faa, 0x7f8c, 0x7f6d, 0x7fba, 0x8006, 0x8053,
   0x80dd, 0x80a0, 0x8062, 0x8006, 0x7fba, 0x7f7c, 0x7f5e, 0x7f20, 0x7ef2,
   0x7f20, 0x7fc9, 0x7f7c, 0x7faa, 0x7f4e, 0x7f9b, 0x7f7c, 0x7ff7, 0x7faa,
   0x8006, 0x7fe8, 0x7f7c, 0x7f8c, 0x7f6d, 0x7f9b, 0x7fba, 0x7fc9, 0x7fba,
   0x8034, 0x8025, 0x8025, 0x80af, 0x8072, 0x8081, 0x8044, 0x8016, 0x7ff7,
   0x7ff7, 0x7f20, 0x7ee3, 0x7f30, 0x8006, 0x7fd8, 0x7f6d, 0x8006, 0x8006,
   0x7fe8, 0x8072, 0x8044, 0x8025, 0x8044, 0x7fd8, 0x7faa, 0x7fd8, 0x8016,
   0x7ff7, 0x8006, 0x8006, 0x7f8c, 0x7f30, 0x7fd8, 0x7f8c, 0x8006, 0x8072,
   0x8006, 0x7faa, 0x8006, 0x8006, 0x7fba, 0x7f30, 0x7f20, 0x7ed4, 0x7ed4,
   0x7f8c, 0x8016, 0x80ce, 0x811a, 0x81b4, 0x80fc, 0x8044, 0x7fd8, 0x7f7c,
   0x8006, 0x8016, 0x7ff7, 0x7f11, 0x8016, 0x80a0, 0x80dd, 0x80a0, 0x8053,
   0x8053, 0x8044, 0x8044, 0x8081, 0x8062, 0x8081, 0x8090, 0x8053, 0x8034,
   0x8016, 0x8034, 0x7fba, 0x8006, 0x8006, 0x8016, 0x8034, 0x8062, 0x8006,
   0x8016, 0x7fe8, 0x7f9b, 0x7f7c, 0x7ff7, 0x7ff7, 0x8044, 0x7ff7, 0x8053,
   0x8081, 0x8034, 0x8006, 0x7fe8, 0x7f6d, 0x7fba, 0x7fe8, 0x8016, 0x8053,
   0x8062, 0x7ff7, 0x7f9b, 0x7faa, 0x7fc9, 0x8034, 0x8034, 0x8025, 0x8025,
   0x8006, 0x7ff7, 0x8034, 0x8034, 0x8081, 0x8034, 0x7fd8, 0x7faa, 0x8034,
   0x8062, 0x80af, 0x80dd, 0x812a, 0x80dd, 0x812a, 0x80dd, 0x8016, 0x8062,
   0x7faa, 0x8006, 0x8025, 0x8034, 0x8006, 0x7fd8, 0x8034, 0x8044, 0x80be,
   0x80ce, 0x8081, 0x7ff7, 0x7f30, 0x7f6d, 0x8006, 0x80a0, 0x80dd, 0x80ce,
   0x80dd, 0x80af, 0x8053, 0x8025, 0x8034, 0x7fe8, 0x7fe8, 0x8016, 0x8044,
   0x8062, 0x8062, 0x8044, 0x8034, 0x8081, 0x80ce, 0x8090, 0x8006, 0x7fba,
   0x7fd8, 0x8006, 0x7f9b, 0x8006, 0x8025, 0x8025, 0x7fd8, 0x7f7c, 0x7e96,
   0x7ea6, 0x7faa, 0x7fd8, 0x7ff7, 0x8044, 0x8062, 0x80af, 0x8072, 0x80ec,
   0x80ce, 0x8090, 0x8062, 0x7fba, 0x7ff7, 0x7fc9, 0x7ff7, 0x7f8c, 0x7fe8,
   0x7ff7, 0x8006, 0x8072, 0x80a0, 0x8062, 0x8034, 0x8034, 0x8062, 0x8062,
   0x80ce, 0x80fc, 0x80af, 0x8006, 0x7fd8, 0x7faa, 0x7f8c, 0x8006, 0x8072,
   0x8062, 0x8053, 0x80a0, 0x80be, 0x8072, 0x80af, 0x8139, 0x8034, 0x7fba,
   0x7fc9, 0x7f7c, 0x7fd8, 0x8025, 0x7fe8, 0x8025, 0x8044, 0x8025, 0x8044,
   0x8044, 0x8034, 0x8034, 0x8044, 0x7fba, 0x7f5e, 0x7f11, 0x7f7c, 0x7ff7,
   0x8025, 0x80be, 0x8062, 0x8081, 0x80ec, 0x8053, 0x8025, 0x8016, 0x7fd8,
   0x7ff7, 0x7fd8, 0x8025, 0x8044, 0x8053, 0x8044, 0x810b, 0x80fc, 0x8090,
   0x8053, 0x8034, 0x8062, 0x8016, 0x7f30, 0x7f5e, 0x7f02, 0x8034, 0x8016,
   0x8006, 0x8053, 0x80af, 0x80ec, 0x80fc, 0x8148, 0x8158, 0x811a, 0x80be,
   0x8053, 0x8053, 0x8034, 0x8006, 0x7fe8, 0x8006, 0x8072, 0x80af, 0x80af,
   0x810b, 0x80ec, 0x7fd8, 0x7f4e, 0x7eb5, 0x7f9b, 0x8072, 0x811a, 0x81b4,
   0x8195, 0x811a, 0x80a0, 0x8016, 0x7fd8, 0x7f8c, 0x7ef2, 0x7fc9, 0x8016,
   0x8072, 0x8081, 0x8053, 0x8044, 0x7fd8, 0x8006, 0x8016, 0x8034, 0x8072,
   0x7ff7, 0x7fe8, 0x7fc9, 0x8006, 0x8034, 0x8025, 0x8053, 0x7fe8, 0x7f5e,
   0x7f7c, 0x8006, 0x8062, 0x8053, 0x8062, 0x8062, 0x8062, 0x8062, 0x80a0,
   0x8072, 0x80ec, 0x8139, 0x8148, 0x80ec, 0x80be, 0x80dd, 0x80ec, 0x80a0,
   0x8090, 0x8053, 0x8006, 0x8062, 0x8081, 0x8090, 0x8044, 0x80af, 0x8090,
   0x8081, 0x80be, 0x8090, 0x8025, 0x7fc9, 0x7ff7, 0x8044, 0x7fd8, 0x7fe8,
   0x7fd8, 0x7f8c, 0x7fba, 0x7fd8, 0x7ff7, 0x7faa, 0x8016, 0x7f9b, 0x7f4e,
   0x7fe8, 0x7fd8, 0x8016, 0x8034, 0x8006, 0x7fd8, 0x7f5e, 0x7f9b, 0x7fe8,
   0x80af, 0x80dd, 0x8139, 0x80fc, 0x812a, 0x8072, 0x8025, 0x7f8c, 0x7f20,
   0x7f02, 0x7f20, 0x7ef2, 0x7f5e, 0x7f5e, 0x7fc9, 0x7f30, 0x7f3f, 0x7fe8,
   0x7ff7, 0x7f4e, 0x7eb5, 0x7f30, 0x7fba, 0x8006, 0x8072, 0x80dd, 0x8034,
   0x7fd8, 0x7ef2, 0x7f30, 0x7f9b, 0x7faa, 0x8016, 0x8025, 0x8006, 0x8016,
   0x8025, 0x7fba, 0x7eb5, 0x7e68, 0x7ec4, 0x7f9b, 0x7fc9, 0x7fba, 0x7f6d,
   0x7f8c, 0x8006, 0x7fd8, 0x7fc9, 0x7fba, 0x7fd8, 0x8016, 0x7fe8, 0x7fe8,
   0x8006, 0x8025, 0x7fd8, 0x7fe8, 0x7fd8, 0x8025, 0x8016, 0x8016, 0x7ff7,
   0x7ff7, 0x8016, 0x8062, 0x8016, 0x7fc9, 0x7f9b, 0x7fc9, 0x7fba, 0x8006,
   0x8016, 0x8062, 0x8090, 0x8062, 0x8025, 0x7fd8, 0x7fe8, 0x7fe8, 0x8025,
   0x7fd8, 0x8053, 0x8062, 0x8081, 0x8016, 0x7ff7, 0x7faa, 0x7fd8, 0x7fd8,
   0x8006, 0x7fc9, 0x7fd8, 0x7fd8, 0x7fba, 0x7f9b, 0x7f9b, 0x7f8c, 0x7faa,
   0x8006, 0x7ff7, 0x7ff7, 0x7fc9, 0x7ff7, 0x8006, 0x7ff7, 0x7fc9, 0x7f9b,
   0x7fba, 0x7f9b, 0x7fba, 0x7fba, 0x7f8c, 0x7fc9, 0x8006, 0x7faa, 0x7f9b,
   0x7fe8, 0x7f9b, 0x8025, 0x7f9b, 0x7f7c, 0x7fc9, 0x8006, 0x8053, 0x8025,
   0x8053, 0x80be, 0x80af, 0x8062, 0x8034, 0x7f7c, 0x7f3f, 0x7f7c, 0x8016,
   0x8034, 0x8044, 0x7ff7, 0x8006, 0x7fe8, 0x7f20, 0x7f3f, 0x7f11, 0x7f20,
   0x7f30, 0x7f3f, 0x7faa, 0x7f5e, 0x7fba, 0x8016, 0x7ff7, 0x8062, 0x8072,
   0x8006, 0x7fc9, 0x7fc9, 0x7f9b, 0x7ff7, 0x7ff7, 0x8062, 0x80be, 0x80ec,
   0x8025, 0x8034, 0x7fe8, 0x7fd8, 0x7fe8, 0x7ff7, 0x7fe8, 0x7fc9, 0x7fe8,
   0x7fd8, 0x7f6d, 0x7fc9, 0x7f6d, 0x7f9b, 0x7fd8, 0x7faa, 0x7fe8, 0x7fd8,
   0x7faa, 0x7fc9, 0x7fc9, 0x7fe8, 0x7fd8, 0x7fe8, 0x8016, 0x8025, 0x8006,
   0x7fe8, 0x8006, 0x7fd8, 0x7fc9, 0x8006, 0x7fe8, 0x7f5e, 0x7f02, 0x7fe8,
   0x7f02, 0x7f30, 0x7faa, 0x7fba, 0x8016, 0x8053, 0x8081, 0x8034, 0x8016,
   0x8062, 0x8072, 0x8062, 0x8081, 0x8139, 0x80dd, 0x8081, 0x80fc, 0x8158,
   0x8139, 0x811a, 0x8081, 0x8025, 0x8016, 0x7fba, 0x7fd8, 0x8025, 0x8053,
   0x80af, 0x8006, 0x8025, 0x7ff7, 0x7fd8, 0x8016, 0x7fba, 0x7fc9, 0x7faa,
   0x8006, 0x8081, 0x8072, 0x8062, 0x7f6d, 0x7e78, 0x7ea6, 0x7ef2, 0x7f7c,
   0x7ff7, 0x7fba, 0x8044, 0x8044, 0x8053, 0x8006, 0x7fd8, 0x7fe8, 0x7fd8,
   0x8025, 0x8053, 0x8025, 0x7fd8, 0x7f9b, 0x7f4e, 0x7e78, 0x7f4e, 0x8044,
   0x8072, 0x80a0, 0x8090, 0x8090, 0x8025, 0x8062, 0x8062, 0x8025, 0x8006,
   0x7faa, 0x7fd8, 0x8016, 0x8053, 0x8034, 0x8016, 0x7fc9, 0x8025, 0x8034,
   0x8006, 0x8044, 0x7fd8, 0x7fd8, 0x7f6d, 0x7f6d, 0x7f7c, 0x7fc9, 0x8006,
   0x8006, 0x8053, 0x8053, 0x8006, 0x8025, 0x8016, 0x80af, 0x8062, 0x8006,
   0x7faa, 0x7f4e, 0x7f02, 0x7f6d, 0x7fd8, 0x7fba, 0x7fe8, 0x8006, 0x8006,
   0x7ff7, 0x8016, 0x7ff7, 0x7f11, 0x7f6d, 0x7ff7, 0x7ff7, 0x7fe8, 0x8006,
   0x8081, 0x811a, 0x8139, 0x811a, 0x8006, 0x7f7c, 0x7fba, 0x8016, 0x8053,
   0x8053, 0x8062, 0x8090, 0x80dd, 0x8062, 0x7ff7, 0x7f5e, 0x7ec4, 0x7ec4,
   0x7f20, 0x7f5e, 0x7f8c, 0x7fe8, 0x7fc9, 0x7f9b, 0x7faa, 0x7fd8, 0x7fe8,
   0x7f9b, 0x7f8c, 0x8016, 0x8025, 0x8044, 0x8006, 0x7fd8, 0x7f9b, 0x7fd8,
   0x8006, 0x8044, 0x8062, 0x8044, 0x7fe8, 0x7f11, 0x7ee3, 0x7f4e, 0x7f30,
   0x7f6d, 0x7fc9, 0x80af, 0x8025, 0x8062, 0x7ff7, 0x7fd8, 0x7ed4, 0x7f02,
   0x7f3f, 0x7f4e, 0x7f30, 0x7f6d, 0x7f9b, 0x7f8c, 0x7fd8, 0x7fba, 0x7fe8,
   0x8072, 0x8016, 0x8053, 0x80a0, 0x8034, 0x7ff7, 0x7ff7, 0x7f6d, 0x7f8c,
   0x7fba, 0x7f6d, 0x7f3f, 0x7ef2, 0x7f11, 0x7f7c, 0x8016, 0x80af, 0x812a,
   0x8148, 0x8139, 0x80af, 0x8062, 0x8062, 0x8034, 0x7fd8, 0x7fd8, 0x7faa,
   0x8072, 0x80dd, 0x80ce, 0x812a, 0x811a, 0x80fc, 0x8072, 0x80be, 0x8062,
   0x8072, 0x810b, 0x81b4, 0x8176, 0x80fc, 0x80a0, 0x811a, 0x812a, 0x80fc,
   0x80af, 0x8090, 0x8034, 0x8072, 0x8053, 0x8053, 0x7fe8, 0x8053, 0x8062,
   0x8081, 0x80be, 0x8081, 0x8025, 0x7fd8, 0x7fe8, 0x7fd8, 0x7fc9, 0x8006,
   0x8034, 0x8053, 0x8044, 0x8081, 0x811a, 0x80be, 0x8044, 0x812a, 0x8006,
   0x7f4e, 0x7f30, 0x7fd8, 0x7f3f, 0x7f5e, 0x7f3f, 0x7f11, 0x7f4e, 0x7fba,
   0x7fe8, 0x7ff7, 0x7fc9, 0x7f9b, 0x7fe8, 0x7e87, 0x7eb5, 0x7f4e, 0x7f6d,
   0x7f3f, 0x7f9b, 0x8025, 0x80ce, 0x80ce, 0x80be, 0x8044, 0x8025, 0x8034,
   0x8016, 0x8044, 0x8090, 0x8062, 0x8044, 0x8090, 0x8081, 0x8062, 0x8016,
   0x8025, 0x7ff7, 0x7fd8, 0x7ff7, 0x80af, 0x810b, 0x810b, 0x8044, 0x7fc9,
   0x7fba, 0x7fe8, 0x8006, 0x8006, 0x7fc9, 0x7fc9, 0x8016, 0x8006, 0x8053,
   0x8044, 0x8044, 0x8025, 0x7fba, 0x7f9b, 0x7f5e, 0x7f02, 0x7fe8, 0x7fd8,
   0x7fe8, 0x8053, 0x8016, 0x7fc9, 0x8034, 0x80af, 0x8053, 0x8034, 0x8044,
   0x8006, 0x8016, 0x80af, 0x80a0, 0x8081, 0x8062, 0x8081, 0x80be, 0x8044,
   0x80a0, 0x8006, 0x8016, 0x8062, 0x8090, 0x8053, 0x8006, 0x8016, 0x80af,
   0x8090, 0x80a0, 0x8016, 0x7ff7, 0x7f4e, 0x7ee3, 0x7f4e, 0x7fba, 0x8006,
   0x8025, 0x8053, 0x8006, 0x8025, 0x8006, 0x8016, 0x8025, 0x8016, 0x7fba,
   0x7fc9, 0x7fe8, 0x8025, 0x8006, 0x7fc9, 0x8006, 0x7fe8, 0x7f8c, 0x7fba,
   0x8006, 0x8006, 0x8044, 0x8034, 0x7ff7, 0x8006, 0x8016, 0x8062, 0x8006,
   0x7f3f, 0x7f11, 0x7ed4, 0x7ec4, 0x7e78, 0x7e78, 0x7e87, 0x7ec4, 0x7faa,
   0x7fe8, 0x8006, 0x8006, 0x8006, 0x8034, 0x80ce, 0x8053, 0x7f6d, 0x7ea6,
   0x7e4a, 0x7dfd, 0x7e96, 0x7ec4, 0x7ed4, 0x7f20, 0x7fc9, 0x7fd8, 0x8006,
   0x8016, 0x8006, 0x8016, 0x8053, 0x80ce, 0x80be, 0x8044, 0x8006, 0x8062,
   0x80ec, 0x8158, 0x80dd, 0x8090, 0x7fba, 0x7f8c, 0x7ed4, 0x7f30, 0x7f4e,
   0x7f6d, 0x7fba, 0x7fba, 0x8025, 0x7ff7, 0x8081, 0x8025, 0x8016, 0x8006,
   0x8053, 0x8072, 0x8081, 0x8006, 0x7f9b, 0x7fe8, 0x7faa, 0x8006, 0x7f6d,
   0x7f20, 0x7ed4, 0x7e87, 0x7e3a, 0x7e2b, 0x7ec4, 0x7f30, 0x7fe8, 0x8016,
   0x7fc9, 0x7fc9, 0x7fd8, 0x8016, 0x7ff7, 0x8016, 0x7fba, 0x7fba, 0x8016,
   0x8053, 0x8081, 0x8025, 0x8006, 0x8006, 0x8006, 0x8081, 0x80be, 0x80ce,
   0x8062, 0x8006, 0x7faa, 0x7fba, 0x7fc9, 0x7f4e, 0x7fba, 0x8025, 0x8034,
   0x80a0, 0x8081, 0x80fc, 0x8053, 0x8090, 0x7f5e, 0x7f5e, 0x7f8c, 0x7f9b,
   0x8034, 0x8006, 0x8025, 0x8062, 0x8062, 0x80be, 0x80fc, 0x8158, 0x8044,
   0x8044, 0x7ec4, 0x7dfd, 0x7e4a, 0x7f8c, 0x8053, 0x80ce, 0x8081, 0x8025,
   0x8053, 0x8062, 0x80be, 0x8090, 0x8044, 0x8044, 0x80af, 0x80a0, 0x80ce,
   0x80ec, 0x80a0, 0x7ff7, 0x8034, 0x8006, 0x7f20, 0x7e78, 0x7eb5, 0x7f20,
   0x8034, 0x8081, 0x80a0, 0x8072, 0x80dd, 0x8053, 0x8072, 0x8072, 0x8090,
   0x8025, 0x7fba, 0x7fba, 0x7f3f, 0x7f3f, 0x7fc9, 0x7fe8, 0x8025, 0x8006,
   0x8034, 0x8053, 0x8006, 0x8044, 0x8081, 0x8072, 0x80fc, 0x810b, 0x80a0,
   0x8006, 0x8034, 0x7ff7, 0x8034, 0x80a0, 0x811a, 0x8034, 0x8006, 0x8072,
   0x8090, 0x8081, 0x8034, 0x8006, 0x8006, 0x7fe8, 0x7f9b, 0x7faa, 0x8006,
   0x8044, 0x8016, 0x8006, 0x7fe8, 0x7f6d, 0x7ff7, 0x7ff7, 0x8044, 0x80fc,
   0x8053, 0x7f5e, 0x7f20, 0x7e4a, 0x7eb5, 0x7f02, 0x7faa, 0x7fba, 0x8006,
   0x80a0, 0x8044, 0x8044, 0x8081, 0x80dd, 0x7ff7, 0x7ff7, 0x7faa, 0x7f9b,
   0x7fc9, 0x8044, 0x8006, 0x7ff7, 0x8016, 0x7fe8, 0x7fc9, 0x7faa, 0x7f9b,
   0x8016, 0x8034, 0x80be, 0x8090, 0x8072, 0x8072, 0x8044, 0x8090, 0x80be,
   0x8072, 0x7fc9, 0x7fc9, 0x8006, 0x8006, 0x8034, 0x8025, 0x8025, 0x7fe8,
   0x7f8c, 0x7fc9, 0x8044, 0x8044, 0x8016, 0x8034, 0x8034, 0x8006, 0x7fc9,
   0x7faa, 0x7f8c, 0x7fe8, 0x7f11, 0x7f20, 0x7fe8, 0x8006, 0x8025, 0x7f30,
   0x7f8c, 0x8034, 0x8072, 0x811a, 0x80fc, 0x80fc, 0x811a, 0x8195, 0x80fc,
   0x8006, 0x7ff7, 0x7fc9, 0x7fd8, 0x7f7c, 0x7f7c, 0x7ff7, 0x8016, 0x8025,
   0x8062, 0x80a0, 0x80be, 0x8062, 0x8053, 0x8006, 0x7f7c, 0x7fd8, 0x7ff7,
   0x8034, 0x8006, 0x8044, 0x8072, 0x8034, 0x80af, 0x8053, 0x8044, 0x8034,
   0x7fe8, 0x7fd8, 0x7f4e, 0x7f5e, 0x7faa, 0x8034, 0x7f6d, 0x7f8c, 0x8062,
   0x8072, 0x8006, 0x8006, 0x7ff7, 0x8016, 0x8062, 0x80ec, 0x80be, 0x8081,
   0x8016, 0x7f9b, 0x8006, 0x8044, 0x7fe8, 0x8025, 0x8053, 0x8025, 0x8062,
   0x80dd, 0x8062, 0x7fe8, 0x8006, 0x7f7c, 0x7f6d, 0x7fd8, 0x8034, 0x8025,
   0x8025, 0x8016, 0x8053, 0x8072, 0x8016, 0x8006, 0x8016, 0x8006, 0x8053,
   0x8072, 0x8025, 0x8016, 0x7fe8, 0x7f9b, 0x7fc9, 0x8006, 0x8016, 0x7ff7,
   0x8006, 0x80a0, 0x8044, 0x8025, 0x7fd8, 0x7fd8, 0x7f8c, 0x7fc9, 0x7fc9,
   0x8025, 0x80be, 0x810b, 0x811a, 0x80dd, 0x8044, 0x8044, 0x8081, 0x7fc9,
   0x7ff7, 0x7fd8, 0x7faa, 0x7fc9, 0x7f5e, 0x7f6d, 0x7fd8, 0x7f3f, 0x7e68,
   0x7f5e, 0x7f6d, 0x7f3f, 0x7fe8, 0x8053, 0x80a0, 0x80ce, 0x8034, 0x7f8c,
   0x7f9b, 0x7fba, 0x7f6d, 0x7fba, 0x7fba, 0x7fd8, 0x7fe8, 0x7faa, 0x7fd8,
   0x7fd8, 0x8072, 0x8053, 0x8044, 0x8034, 0x80af, 0x8006, 0x7f8c, 0x7ea6,
   0x7e2b, 0x7dee, 0x7dcf, 0x7ee3, 0x7fc9, 0x8006, 0x8062, 0x8081, 0x8034,
   0x8016, 0x8006, 0x7fe8, 0x7faa, 0x7fd8, 0x7fba, 0x8006, 0x8044, 0x80af,
   0x8167, 0x80dd, 0x8062, 0x7fc9, 0x7fd8, 0x8062, 0x8062, 0x8025, 0x7f9b,
   0x7f11, 0x7f6d, 0x7ec4, 0x7f30, 0x7ff7, 0x7ff7, 0x7ff7, 0x7fd8, 0x7ff7,
   0x8006, 0x7fc9, 0x7fc9, 0x8062, 0x8016, 0x8034, 0x80ec, 0x8081, 0x8044,
   0x7ff7, 0x8090, 0x80be, 0x8090, 0x80be, 0x8081, 0x80a0, 0x8053, 0x7ff7,
   0x8006, 0x7ff7, 0x8016, 0x8044, 0x8034, 0x8072, 0x8081, 0x8034, 0x7fc9,
   0x7ff7, 0x8025, 0x8081, 0x8148, 0x80a0, 0x8053, 0x8025, 0x8044, 0x80dd,
   0x8034, 0x8044, 0x7f8c, 0x7fc9, 0x7f6d, 0x7faa, 0x8006, 0x8034, 0x80a0,
   0x8072, 0x80a0, 0x80fc, 0x80a0, 0x80ce, 0x80be, 0x80dd, 0x8176, 0x8195,
   0x80ec, 0x8072, 0x7fd8, 0x8006, 0x7ff7, 0x7ff7, 0x8025, 0x80af, 0x8176,
   0x811a, 0x8044, 0x7f7c, 0x7fba, 0x7f9b, 0x7faa, 0x7fc9, 0x8016, 0x7fd8,
   0x7fc9, 0x7fba, 0x7faa, 0x8044, 0x8072, 0x80dd, 0x8044, 0x8062, 0x8016,
   0x7faa, 0x7fd8, 0x7fc9, 0x8034, 0x8016, 0x8025, 0x8090, 0x8044, 0x8025,
   0x8025, 0x8006, 0x7fd8, 0x7fd8, 0x8006, 0x7f6d, 0x7f5e, 0x7f9b, 0x7f8c,
   0x7f8c, 0x7ff7, 0x8006, 0x8062, 0x80ce, 0x810b, 0x80a0, 0x8081, 0x8044,
   0x7ff7, 0x8006, 0x8006, 0x8016, 0x8044, 0x7fe8, 0x7ed4, 0x7f20, 0x7ea6,
   0x7f11, 0x7f8c, 0x7f9b, 0x7ff7, 0x7ef2, 0x7f6d, 0x8006, 0x8053, 0x8016,
   0x8044, 0x7ff7, 0x8034, 0x8016, 0x8025, 0x8062, 0x80be, 0x80be, 0x8090,
   0x8072, 0x8044, 0x7fe8, 0x8034, 0x8016, 0x8025, 0x7f4e, 0x7f3f, 0x7f6d,
   0x7f9b, 0x7fc9, 0x7fc9, 0x7f9b, 0x8025, 0x8081, 0x7fe8, 0x7f5e, 0x8034,
   0x8072, 0x8062, 0x8062, 0x7fc9, 0x7f9b, 0x7f7c, 0x7faa, 0x8006, 0x7fc9,
   0x7f6d, 0x7faa, 0x8034, 0x7ee3, 0x7e0c, 0x7e96, 0x7ea6, 0x7f9b, 0x7f8c,
   0x7f4e, 0x7f8c, 0x7ff7, 0x8072, 0x8006, 0x7f8c, 0x7f30, 0x8006, 0x8025,
   0x8090, 0x810b, 0x80af, 0x8072, 0x7f3f, 0x7eb5, 0x7fba, 0x7ff7, 0x8006,
   0x7f5e, 0x8044, 0x8062, 0x8090, 0x80be, 0x80fc, 0x812a, 0x8176, 0x8053,
   0x8016, 0x8016, 0x8072, 0x8016, 0x7fe8, 0x7f9b, 0x7fba, 0x7f4e, 0x7f30,
   0x7f30, 0x7f5e, 0x8006, 0x8006, 0x7ff7, 0x7f3f, 0x7f4e, 0x7f3f, 0x7fc9,
   0x7fd8, 0x8072, 0x8090, 0x8053, 0x80be, 0x810b, 0x8176, 0x80fc, 0x80af,
   0x8044, 0x8044, 0x8025, 0x7f6d, 0x7faa, 0x7ff7, 0x8090, 0x8072, 0x80af,
   0x80ec, 0x8139, 0x80dd, 0x8081, 0x8053, 0x8090, 0x7ff7, 0x7ea6, 0x7e68,
   0x7e68, 0x7ee3, 0x7f11, 0x7f11, 0x7f11, 0x7ef2, 0x7f3f, 0x7f30, 0x7f7c,
   0x8034, 0x8053, 0x80dd, 0x80a0, 0x8062, 0x8090, 0x80be, 0x80be, 0x80fc,
   0x80a0, 0x8006, 0x8006, 0x8053, 0x8081, 0x8044, 0x8006, 0x8053, 0x8053,
   0x8016, 0x8044, 0x8072, 0x80af, 0x8016, 0x8006, 0x8006, 0x7fc9, 0x7fd8,
   0x7f6d, 0x7e78, 0x7ea6, 0x7f7c, 0x7fba, 0x8072, 0x812a, 0x811a, 0x8025,
   0x8006, 0x8072, 0x8006, 0x7fd8, 0x7f5e, 0x8044, 0x80ce, 0x812a, 0x8072,
   0x8062, 0x8034, 0x8006, 0x8090, 0x8062, 0x8034, 0x7fd8, 0x7fd8, 0x8006,
   0x8016, 0x8081, 0x810b, 0x811a, 0x80af, 0x8072, 0x8062, 0x8016, 0x8025,
   0x8006, 0x8044, 0x8034, 0x7fba, 0x8006, 0x8044, 0x7f9b, 0x7f4e, 0x7fc9,
   0x8016, 0x8006, 0x8072, 0x8081, 0x8139, 0x8158, 0x8158, 0x80fc, 0x80ec,
   0x80ce, 0x8062, 0x8053, 0x8006, 0x8006, 0x8034, 0x7fd8, 0x8025, 0x8025,
   0x80af, 0x80dd, 0x80be, 0x812a, 0x8090, 0x8006, 0x7faa, 0x8025, 0x8006,
   0x7f9b, 0x7faa, 0x7ff7, 0x7f7c, 0x7f5e, 0x7f11, 0x7f3f, 0x7faa, 0x8025,
   0x8006, 0x7f8c, 0x8062, 0x8081, 0x8062, 0x8006, 0x8006, 0x7ff7, 0x7ff7,
   0x7fc9, 0x7fba, 0x7f5e, 0x7fba, 0x7ff7, 0x8006, 0x7f8c, 0x7fe8, 0x7ff7,
   0x8044, 0x8025, 0x7fc9, 0x7fba, 0x7ff7, 0x7fe8, 0x7fe8, 0x7fba, 0x7fc9,
   0x7fba, 0x7f9b, 0x7f9b, 0x7fd8, 0x7fd8, 0x8025, 0x80ce, 0x80be, 0x80a0,
   0x8025, 0x8034, 0x80ec, 0x7ff7, 0x7f6d, 0x7fd8, 0x7fe8, 0x7fd8, 0x7ff7,
   0x7fd8, 0x8016, 0x8016, 0x80af, 0x8148, 0x80af, 0x80be, 0x8062, 0x8062,
   0x8072, 0x80be, 0x8016, 0x80dd, 0x8025, 0x8044, 0x8016, 0x8053, 0x7ff7,
   0x7f8c, 0x7f9b, 0x7fd8, 0x8025, 0x8053, 0x80a0, 0x80af, 0x80be, 0x811a,
   0x8148, 0x812a, 0x80ec, 0x80fc, 0x8034, 0x7fd8, 0x7f02, 0x7e96, 0x7ea6,
   0x7ef2, 0x7f7c, 0x8006, 0x8044, 0x7fba, 0x7fba, 0x7fc9, 0x7f7c, 0x7faa,
   0x7f4e, 0x7faa, 0x8006, 0x8034, 0x8006, 0x7fba, 0x7fd8, 0x8025, 0x8044,
   0x8044, 0x7ff7, 0x8062, 0x8025, 0x8025, 0x8006, 0x8006, 0x7fd8, 0x7fd8,
   0x8006, 0x7f9b, 0x7fe8, 0x8044, 0x80dd, 0x80ec, 0x8148, 0x810b, 0x80dd,
   0x8006, 0x8006, 0x7f11, 0x7ed4, 0x7fe8, 0x7fba, 0x7f5e, 0x7ef2, 0x7ea6,
   0x7ee3, 0x7f3f, 0x7f8c, 0x7fe8, 0x7ff7, 0x7fba, 0x7fc9, 0x7eb5, 0x7eb5,
   0x7ea6, 0x7e78, 0x7e4a, 0x7ef2, 0x8081, 0x80be, 0x810b, 0x8167, 0x81c3,
   0x80fc, 0x8053, 0x7ff7, 0x7ff7, 0x7fc9, 0x8006, 0x8006, 0x8053, 0x8062,
   0x8090, 0x80be, 0x8016, 0x8025, 0x8053, 0x8016, 0x8044, 0x7ff7, 0x7fba,
   0x7f6d, 0x8016, 0x8025, 0x8072, 0x7f9b, 0x7f9b, 0x7f5e, 0x7f8c, 0x7fc9,
   0x8016, 0x8006, 0x7fc9, 0x7f6d, 0x7f4e, 0x7f5e, 0x7f6d, 0x7f5e, 0x7f4e,
   0x7f6d, 0x7f7c, 0x7faa, 0x8053, 0x8053, 0x8062, 0x810b, 0x8167, 0x8148,
   0x8090, 0x80dd, 0x8090, 0x8072, 0x80a0, 0x8053, 0x7fba, 0x8006, 0x7fe8,
   0x8006, 0x8062, 0x8072, 0x8062, 0x812a, 0x8158, 0x80fc, 0x811a, 0x8072,
   0x8016, 0x8006, 0x7fc9, 0x8006, 0x8090, 0x80a0, 0x8072, 0x8053, 0x8044,
   0x8090, 0x8090, 0x8006, 0x80ce, 0x80af, 0x7ff7, 0x7ef2, 0x7e78, 0x7f20,
   0x7f20, 0x7f3f, 0x7f8c, 0x7f20, 0x7ea6, 0x7e87, 0x7f7c, 0x7fc9, 0x7fe8,
   0x7faa, 0x7ff7, 0x8044, 0x8034, 0x8006, 0x7fe8, 0x7faa, 0x7f7c, 0x7fd8,
   0x7ff7, 0x80a0, 0x8072, 0x80dd, 0x80ce, 0x8025, 0x7fc9, 0x7f6d, 0x7ee3,
   0x7f02, 0x7f5e, 0x7faa, 0x7fd8, 0x80af, 0x8148, 0x8158, 0x80af, 0x80af,
   0x80dd, 0x80dd, 0x80dd, 0x8062, 0x8006, 0x8006, 0x7fd8, 0x8090, 0x810b,
   0x80dd, 0x8044, 0x8006, 0x8034, 0x8090, 0x80ce, 0x80ce, 0x8034, 0x8072,
   0x80dd, 0x80ec, 0x8158, 0x8139, 0x81a4, 0x8186, 0x8072, 0x8006, 0x7faa,
   0x7f9b, 0x8006, 0x8053, 0x8044, 0x8053, 0x80ec, 0x80ce, 0x8053, 0x7fc9,
   0x8006, 0x8072, 0x80be, 0x8053, 0x8044, 0x7fba, 0x7f9b, 0x7fe8, 0x8006,
   0x8072, 0x810b, 0x8167, 0x810b, 0x8072, 0x8081, 0x8006, 0x8025, 0x8016,
   0x7fc9, 0x7fd8, 0x8006, 0x8044, 0x8062, 0x8044, 0x8016, 0x8044, 0x80dd,
   0x80fc, 0x8053, 0x8081, 0x8062, 0x80ce, 0x8081, 0x8090, 0x8044, 0x8044,
   0x8090, 0x8053, 0x80af, 0x80ec, 0x80be, 0x8072, 0x8006, 0x8044, 0x7fd8,
   0x8016, 0x8034, 0x8006, 0x8062, 0x8025, 0x7f9b, 0x7fba, 0x7ff7, 0x7fe8,
   0x8006, 0x8090, 0x810b, 0x8167, 0x810b, 0x8090, 0x8025, 0x7fe8, 0x8034,
   0x7fd8, 0x8072, 0x8081, 0x8081, 0x80af, 0x8025, 0x7ff7, 0x8006, 0x7f8c,
   0x7f8c, 0x8006, 0x8006, 0x8044, 0x8062, 0x8072, 0x8062, 0x7fd8, 0x7f8c,
   0x8016, 0x8006, 0x8062, 0x8016, 0x7fc9, 0x8006, 0x8025, 0x8034, 0x8025,
   0x810b, 0x80ec, 0x80af, 0x8034, 0x8034, 0x8072, 0x8006, 0x8016, 0x7fba,
   0x7f20, 0x7f11, 0x7f9b, 0x7f8c, 0x7fe8, 0x7f5e, 0x7f30, 0x7fe8, 0x8044,
   0x8053, 0x8062, 0x8081, 0x8034, 0x8044, 0x7fc9, 0x8006, 0x7f20, 0x7f30,
   0x7f3f, 0x7fe8, 0x7f30, 0x7ef2, 0x7ff7, 0x8006, 0x7f9b, 0x7faa, 0x7f20,
   0x7f30, 0x7ef2, 0x7fe8, 0x8034, 0x8006, 0x7fd8, 0x7faa, 0x8090, 0x80dd,
   0x8044, 0x8053, 0x80dd, 0x8062, 0x8044, 0x8044, 0x8034, 0x8044, 0x8053,
   0x7ff7, 0x8006, 0x8062, 0x80be, 0x80dd, 0x8062, 0x8016, 0x8016, 0x8006,
   0x8006, 0x7fe8, 0x7f4e, 0x7f4e, 0x7f3f, 0x7f11, 0x7ff7, 0x8006, 0x7ff7,
   0x8016, 0x8006, 0x8016, 0x8044, 0x8044, 0x8090, 0x8081, 0x8006, 0x7f6d,
   0x7f5e, 0x7f6d, 0x7faa, 0x8053, 0x8044, 0x80a0, 0x80dd, 0x80ce, 0x8072,
   0x8090, 0x80dd, 0x8062, 0x8062, 0x8044, 0x8044, 0x8016, 0x8034, 0x8090,
   0x80af, 0x80dd, 0x80ce, 0x8006, 0x7fd8, 0x7faa, 0x7fe8, 0x7ff7, 0x7f7c,
   0x7faa, 0x80af, 0x8195, 0x8176, 0x828a, 0x81f1, 0x8062, 0x7ef2, 0x7dee,
   0x7e96, 0x7fd8, 0x8025, 0x8016, 0x8072, 0x8081, 0x8072, 0x8081, 0x80af,
   0x80ce, 0x811a, 0x810b, 0x8053, 0x8081, 0x8016, 0x7ff7, 0x8034, 0x8034,
   0x8053, 0x80a0, 0x80a0, 0x8034, 0x7faa, 0x7f9b, 0x8053, 0x80fc, 0x80be,
   0x8025, 0x7ff7, 0x7fd8, 0x80af, 0x8062, 0x8053, 0x7fe8, 0x7f11, 0x7f9b,
   0x7fe8, 0x7f11, 0x7fba, 0x7fd8, 0x7fd8, 0x8044, 0x8062, 0x8072, 0x7ff7,
   0x7f8c, 0x7f9b, 0x7fd8, 0x7f6d, 0x7fd8, 0x7fe8, 0x7faa, 0x7fd8, 0x8072,
   0x8053, 0x8072, 0x8072, 0x8062, 0x8072, 0x8025, 0x7fc9, 0x8025, 0x7ff7,
   0x7fba, 0x7fd8, 0x7f3f, 0x7f8c, 0x7faa, 0x7fe8, 0x8034, 0x8016, 0x8006,
   0x8006, 0x7f9b, 0x7f9b, 0x7f5e, 0x7f9b, 0x7f5e, 0x7fba, 0x7fd8, 0x7fba,
   0x7ff7, 0x8044, 0x80be, 0x8090, 0x8062, 0x8025, 0x80be, 0x80dd, 0x80af,
   0x8090, 0x7fe8, 0x7fc9, 0x8072, 0x80af, 0x80a0, 0x80be, 0x8053, 0x7fc9,
   0x7fe8, 0x7eb5, 0x7f7c, 0x7fc9, 0x7ff7, 0x7ec4, 0x7a73, 0x769c, 0x74a1,
   0x78f4, 0x7e87, 0x825e, 0x8334, 0x83ce, 0x83ec, 0x83a0, 0x8362, 0x82c9,
   0x8230, 0x8148, 0x8148, 0x80a0, 0x8053, 0x8053, 0x80a0, 0x8053, 0x8006,
   0x8025, 0x7ff7, 0x7faa, 0x7f4e, 0x7ed4, 0x7f4e, 0x7fba, 0x80ec, 0x80af,
   0x80be, 0x80ce, 0x8072, 0x8176, 0x8167, 0x80be, 0x8090, 0x8034, 0x7fc9,
   0x8034, 0x8044, 0x8081, 0x80ec, 0x812a, 0x81c3, 0x8195, 0x8148, 0x811a,
   0x80ec, 0x80fc, 0x8090, 0x80dd, 0x80ce, 0x8090, 0x80ce, 0x8081, 0x80be,
   0x8090, 0x8090, 0x8072, 0x8081, 0x80af, 0x8072, 0x8016, 0x7fd8, 0x7f8c,
   0x7ff7, 0x7ff7, 0x8044, 0x80a0, 0x8090, 0x80ec, 0x810b, 0x810b, 0x8081,
   0x8090, 0x8090, 0x7fd8, 0x7f9b, 0x7f11, 0x7fba, 0x7f7c, 0x7f02, 0x7f7c,
   0x8025, 0x8072, 0x8034, 0x8081, 0x8053, 0x8034, 0x7fe8, 0x7ff7, 0x7faa,
   0x7f8c, 0x7faa, 0x7fc9, 0x7fba, 0x8025, 0x7fe8, 0x8034, 0x8062, 0x7fe8,
   0x7faa, 0x7fc9, 0x7fba, 0x7fe8, 0x8006, 0x8062, 0x8044, 0x8016, 0x7fd8,
   0x8034, 0x8062, 0x8090, 0x8044, 0x7fe8, 0x7fe8, 0x8053, 0x8062, 0x8044,
   0x8016, 0x8006, 0x7faa, 0x7ee3, 0x7ed4, 0x7ee3, 0x7f11, 0x7f11, 0x7f7c,
   0x7fba, 0x8006, 0x8081, 0x8025, 0x7f7c, 0x7f8c, 0x8006, 0x8025, 0x8034,
   0x8025, 0x8053, 0x8025, 0x8034, 0x8006, 0x7fba, 0x8034, 0x8090, 0x8072,
   0x8025, 0x8025, 0x8006, 0x7fba, 0x7f6d, 0x7ec4, 0x7f8c, 0x7fba, 0x7faa,
   0x7fd8, 0x7fba, 0x7f9b, 0x7fd8, 0x7fe8, 0x8006, 0x8044, 0x7f7c, 0x7f9b,
   0x8006, 0x8034, 0x7fe8, 0x8016, 0x8053, 0x8034, 0x8025, 0x7fba, 0x7ee3,
   0x7f5e, 0x7f11, 0x7f9b, 0x8016, 0x8025, 0x8044, 0x8090, 0x80dd, 0x80be,
   0x8053, 0x8044, 0x80fc, 0x8090, 0x7ff7, 0x7f5e, 0x7f20, 0x7ee3, 0x7f6d,
   0x8053, 0x8081, 0x80dd, 0x8195, 0x8186, 0x80fc, 0x8139, 0x810b, 0x8148,
   0x8167, 0x811a, 0x8062, 0x8025, 0x8016, 0x8006, 0x8025, 0x80af, 0x80af,
   0x8072, 0x8090, 0x8053, 0x7fba, 0x7fba, 0x7fba, 0x8006, 0x7fc9, 0x7f30,
   0x7f02, 0x7fc9, 0x7fe8, 0x7fe8, 0x7fba, 0x7ff7, 0x7f3f, 0x7f4e, 0x7faa,
   0x7f7c, 0x7ff7, 0x8025, 0x7fe8, 0x7f7c, 0x8006, 0x7fd8, 0x7fe8, 0x7fe8,
   0x8006, 0x8072, 0x8006, 0x7ff7, 0x7fd8, 0x8062, 0x8062, 0x80a0, 0x80dd,
   0x80af, 0x80af, 0x8072, 0x8072, 0x8044, 0x8025, 0x7f9b, 0x8016, 0x8081,
   0x8016, 0x7faa, 0x8006, 0x8044, 0x7faa, 0x7ff7, 0x8053, 0x80a0, 0x8044,
   0x8062, 0x7ec4, 0x7e96, 0x7f6d, 0x8006, 0x8053, 0x8034, 0x8158, 0x80a0,
   0x8016, 0x7fc9, 0x7fc9, 0x7f9b, 0x7f9b, 0x8034, 0x8044, 0x7fc9, 0x7f9b,
   0x7f6d, 0x8006, 0x8016, 0x8062, 0x8053, 0x8072, 0x810b, 0x80ce, 0x8053,
   0x8025, 0x8006, 0x8034, 0x8053, 0x8081, 0x7fe8, 0x7fc9, 0x8034, 0x8072,
   0x8090, 0x8025, 0x7f8c, 0x7f11, 0x7f9b, 0x7f9b, 0x7fba, 0x7fe8, 0x7fd8,
   0x8044, 0x8034, 0x7fba, 0x7fd8, 0x7ff7, 0x8016, 0x8062, 0x80be, 0x8006,
   0x7fba, 0x8006, 0x8025, 0x8044, 0x7ff7, 0x7faa, 0x7fba, 0x7f3f, 0x7fc9,
   0x7fe8, 0x8090, 0x80be, 0x8072, 0x8034, 0x8053, 0x8072, 0x80be, 0x80dd,
   0x8006, 0x7f8c, 0x7fba, 0x7ff7, 0x8025, 0x8034, 0x7fc9, 0x7f30, 0x7f3f,
   0x7f3f, 0x7f4e, 0x7f20, 0x8006, 0x8006, 0x8006, 0x7fba, 0x7f20, 0x7f3f,
   0x7f02, 0x7f6d, 0x7faa, 0x8016, 0x7fd8, 0x8006, 0x7fd8, 0x7f6d, 0x7f7c,
   0x7fba, 0x7ff7, 0x8016, 0x7fba, 0x7f9b, 0x8006, 0x8016, 0x7fe8, 0x7f7c,
   0x7f6d, 0x8006, 0x8016, 0x8044, 0x8072, 0x8044, 0x8006, 0x7fc9, 0x7ff7,
   0x7fba, 0x7faa, 0x7faa, 0x7fc9, 0x7ff7, 0x7ff7, 0x8006, 0x7fc9, 0x8044,
   0x8006, 0x8044, 0x8062, 0x8081, 0x8090, 0x8072, 0x80dd, 0x8062, 0x8034,
   0x8025, 0x7f5e, 0x7ea6, 0x7ec4, 0x7f9b, 0x7fc9, 0x7ff7, 0x7fc9, 0x7fc9,
   0x7fba, 0x7ff7, 0x7f3f, 0x7ed4, 0x7f8c, 0x7fba, 0x7fe8, 0x7fba, 0x7f6d,
   0x7f30, 0x7faa, 0x7f5e, 0x7f30, 0x7f6d, 0x7fe8, 0x8016, 0x8016, 0x8044,
   0x8034, 0x7ff7, 0x8062, 0x8081, 0x8025, 0x7ff7, 0x8025, 0x7ff7, 0x8025,
   0x8006, 0x7f7c, 0x7f5e, 0x7f7c, 0x7faa, 0x8006, 0x8053, 0x7f8c, 0x7f4e,
   0x7f3f, 0x7ff7, 0x8025, 0x80dd, 0x8176, 0x8148, 0x7ff7, 0x7fe8, 0x7ff7,
   0x7ff7, 0x8044, 0x8044, 0x8081, 0x8090, 0x80dd, 0x8062, 0x80ec, 0x8081,
   0x80a0, 0x80ec, 0x80ec, 0x80dd, 0x8053, 0x8006, 0x7faa, 0x7fba, 0x8016,
   0x80a0, 0x80af, 0x8006, 0x7f20, 0x7f11, 0x8006, 0x8090, 0x80dd, 0x8158,
   0x80be, 0x8072, 0x8062, 0x7ff7, 0x8006, 0x7ff7, 0x8016, 0x7f7c, 0x7ec4,
   0x7f3f, 0x7f7c, 0x7ef2, 0x7f5e, 0x7f8c, 0x7f30, 0x7ff7, 0x8025, 0x8016,
   0x8053, 0x8062, 0x8090, 0x8034, 0x8016, 0x8044, 0x8006, 0x8044, 0x8006,
   0x8092, 0x8072, 0x8072, 0x80a1, 0x80be, 0x8044, 0x7ff7, 0x8081, 0x7fe8,
   0x7f8c, 0x7f02, 0x7f7c, 0x7f8c, 0x7f9b, 0x7e87, 0x7f02, 0x8006, 0x8139,
   0x811a, 0x80af, 0x8081, 0x80ce, 0x8090, 0x8006, 0x7f7c, 0x7f7c, 0x8044,
   0x811a, 0x811a, 0x8139, 0x8167, 0x812a, 0x80af, 0x8053, 0x8006, 0x8016,
   0x8006, 0x7fe8, 0x7f7c, 0x7ff7, 0x8025, 0x7fc9, 0x7fd8, 0x8044, 0x8034,
   0x80ce, 0x80be, 0x8081, 0x80af, 0x8053, 0x7fba, 0x7fba, 0x7f8c, 0x7f7c,
   0x8025, 0x80be, 0x8006, 0x7f7c, 0x7f8c, 0x8006, 0x8006, 0x8072, 0x8016,
   0x8081, 0x8062, 0x80af, 0x8044, 0x8006, 0x7f8c, 0x8006, 0x8062, 0x8090,
   0x8053, 0x8072, 0x80dd, 0x80af, 0x8062, 0x80ce, 0x7ff7, 0x8034, 0x8090,
   0x80ec, 0x80ec, 0x8090, 0x80dd, 0x8167, 0x8139, 0x8090, 0x8081, 0x8006,
   0x7f11, 0x7fe8, 0x7fe8, 0x7fe8, 0x8053, 0x7fe8, 0x7fba, 0x7ff7, 0x7fe8,
   0x8025, 0x8034, 0x8072, 0x8081, 0x8062, 0x7ff7, 0x7fe8, 0x8006, 0x7ff7,
   0x7f6d, 0x7f02, 0x7ff7, 0x8006, 0x7fe8, 0x8006, 0x8006, 0x8006, 0x8034,
   0x8044, 0x7fe8, 0x7f7c, 0x7ed4, 0x7f02, 0x7ef2, 0x7ed4, 0x7ef2, 0x7f5e,
   0x8016, 0x7fe8, 0x7faa, 0x7fba, 0x7f3f, 0x7faa, 0x7ff7, 0x7fe8, 0x7fc9,
   0x7f20, 0x7fba, 0x7f5e, 0x7faa, 0x7faa, 0x7fc9, 0x7fe8, 0x8025, 0x7fe8,
   0x7ff7, 0x8006, 0x7faa, 0x7fc9, 0x8016, 0x8034, 0x8006, 0x8044, 0x8025,
   0x8025, 0x7fd8, 0x8034, 0x7fe8, 0x8016, 0x7fc9, 0x8062, 0x8025, 0x7fd8,
   0x7f20, 0x7ee3, 0x7fba, 0x8025, 0x8062, 0x8090, 0x8090, 0x80af, 0x8006,
   0x8016, 0x8006, 0x7fc9, 0x7fd8, 0x7f7c, 0x8006, 0x7faa, 0x7f3f, 0x7fe8,
   0x80af, 0x810b, 0x80af, 0x8081, 0x8062, 0x8006, 0x7f8c, 0x7f11, 0x7fe8,
   0x8034, 0x7f8c, 0x7f3f, 0x7f9b, 0x8006, 0x8025, 0x8044, 0x8062, 0x8081,
   0x8034, 0x7faa, 0x7fc9, 0x7ef2, 0x7f30, 0x7faa, 0x7ff7, 0x7f9b, 0x7f6d,
   0x7f6d, 0x7f9b, 0x7faa, 0x7fc9, 0x7fe8, 0x8025, 0x8025, 0x7f6d, 0x7e87,
   0x7ea6, 0x7f6d, 0x7fba, 0x8044, 0x7fd8, 0x8006, 0x7fe8, 0x7ff7, 0x7faa,
   0x7fd8, 0x8044, 0x7ff7, 0x8006, 0x7fba, 0x7fc9, 0x7f9b, 0x7f8c, 0x7f30,
   0x7fc9, 0x7fba, 0x7f7c, 0x7f30, 0x7f30, 0x7f30, 0x7f4e, 0x7f7c, 0x7f4e,
   0x7fc9, 0x8044, 0x8044, 0x8016, 0x7fd8, 0x8053, 0x8081, 0x7fe8, 0x7fd8,
   0x7f7c, 0x7f8c, 0x7fd8, 0x8006, 0x80ce, 0x8139, 0x811a, 0x8072, 0x8090,
   0x8053, 0x7ff7, 0x8006, 0x8016, 0x8044, 0x8062, 0x8044, 0x8016, 0x8006,
   0x7fc9, 0x7f6d, 0x7faa, 0x8006, 0x8044, 0x8044, 0x8072, 0x8053, 0x7fc9,
   0x7fe8, 0x7ff7, 0x8006, 0x8062, 0x80ce, 0x80ce, 0x8062, 0x8081, 0x8072,
   0x8081, 0x80af, 0x8062, 0x8034, 0x8072, 0x7faa, 0x7f6d, 0x7f8c, 0x7fba,
   0x7fe8, 0x8025, 0x8006, 0x7fe8, 0x7fe8, 0x7ff7, 0x7fc9, 0x7fe8, 0x7fd8,
   0x7faa, 0x8034, 0x8044, 0x7fc9, 0x7ec4, 0x7e78, 0x7e1c, 0x7ee3, 0x7f4e,
   0x7f7c, 0x8034, 0x80a0, 0x8072, 0x80af, 0x80be, 0x80af, 0x80dd, 0x8062,
   0x8016, 0x7fd8, 0x7fba, 0x7f4e, 0x7f6d, 0x7f11, 0x7f6d, 0x7fc9, 0x7ff7,
   0x8044, 0x8062, 0x80ec, 0x8062, 0x8053, 0x8081, 0x7fd8, 0x7fba, 0x7fd8,
   0x8016, 0x8072, 0x8053, 0x7fd8, 0x8034, 0x8081, 0x80af, 0x80ec, 0x80dd,
   0x8053, 0x8053, 0x8006, 0x8006, 0x8016, 0x8034, 0x810b, 0x812a, 0x812a,
   0x80a0, 0x8025, 0x8053, 0x8025, 0x8053, 0x80be, 0x8062, 0x80af, 0x8025,
   0x8062, 0x8081, 0x8034, 0x8006, 0x8025, 0x8034, 0x8090, 0x80fc, 0x80fc,
   0x8081, 0x7fd8, 0x7fc9, 0x7fc9, 0x7fd8, 0x7f9b, 0x7ed4, 0x7f20, 0x7f20,
   0x7ef2, 0x8044, 0x80af, 0x80dd, 0x7fe8, 0x7faa, 0x7f9b, 0x7fd8, 0x80ce,
   0x811a, 0x80dd, 0x80ce, 0x80ce, 0x8072, 0x8090, 0x80a0, 0x7ff7, 0x7f7c,
   0x7f3f, 0x7fd8, 0x7f20, 0x7ff7, 0x8090, 0x8090, 0x80a0, 0x8025, 0x8081,
   0x8034, 0x8006, 0x8034, 0x8044, 0x7fe8, 0x7ff7, 0x8025, 0x7f3f, 0x7ed4,
   0x7f30, 0x7faa, 0x7fd8, 0x7fd8, 0x7f02, 0x7f5e, 0x7fba, 0x7ff7, 0x7fd8,
   0x8062, 0x8053, 0x8044, 0x8025, 0x8062, 0x8034, 0x8006, 0x8044, 0x7fe8,
   0x7fd8, 0x7fba, 0x7fe8, 0x7fba, 0x7fd8, 0x8006, 0x8006, 0x7fc9, 0x7f5e,
   0x7f6d, 0x7f4e, 0x7ff7, 0x8016, 0x8072, 0x8044, 0x7ff7, 0x7ff7, 0x8006,
   0x8006, 0x8025, 0x8044, 0x8090, 0x8006, 0x8044, 0x8034, 0x8034, 0x8081,
   0x8062, 0x8034, 0x7ff7, 0x7faa, 0x7faa, 0x7f9b, 0x7f8c, 0x8016, 0x8044,
   0x7faa, 0x8025, 0x8006, 0x7fc9, 0x7fc9, 0x7f9b, 0x7fd8, 0x7f11, 0x8016,
   0x7ff7, 0x8044, 0x8044, 0x8090, 0x80dd, 0x8062, 0x8053, 0x8034, 0x8034,
   0x7fba, 0x7fd8, 0x7faa, 0x7f9b, 0x7f5e, 0x7fd8, 0x8006, 0x7fba, 0x7fd8,
   0x8006, 0x7fe8, 0x7f6d, 0x7f8c, 0x7f7c, 0x7f9b, 0x7fba, 0x7ef2, 0x7f02,
   0x7f4e, 0x7f6d, 0x7f9b, 0x7fba, 0x8081, 0x8072, 0x8025, 0x8006, 0x8016,
   0x8016, 0x8016, 0x8016, 0x8044, 0x8053, 0x8090, 0x80ce, 0x8025, 0x7fba,
   0x7f11, 0x7f02, 0x7f02, 0x7e68, 0x7f11, 0x7f4e, 0x7fd8, 0x8062, 0x80af,
   0x8072, 0x7ff7, 0x8016, 0x8044, 0x8081, 0x8034, 0x7fe8, 0x7fba, 0x7f11,
   0x7fd8, 0x7fba, 0x7fd8, 0x7fba, 0x7fe8, 0x7fc9, 0x8006, 0x7fba, 0x8006,
   0x8016, 0x8025, 0x7fe8, 0x8006, 0x7fe8, 0x8016, 0x8006, 0x8025, 0x8062,
   0x8025, 0x8025, 0x8006, 0x8044, 0x811a, 0x80af, 0x8090, 0x8062, 0x8006,
   0x8062, 0x7ff7, 0x7fe8, 0x7fe8, 0x7fc9, 0x7fe8, 0x7fba, 0x7fba, 0x7fe8,
   0x8025, 0x8006, 0x8016, 0x8006, 0x8072, 0x8072, 0x8053, 0x8016, 0x7ff7,
   0x8016, 0x7f8c, 0x7fc9, 0x7fd8, 0x7ff7, 0x7faa, 0x7f8c, 0x8006, 0x8176,
   0x81f1, 0x8148, 0x8016, 0x7e87, 0x7dee, 0x7e2b, 0x7f02, 0x7f8c, 0x7fe8,
   0x8044, 0x8044, 0x8025, 0x8006, 0x7fc9, 0x8016, 0x8034, 0x8034, 0x8072,
   0x80dd, 0x80af, 0x8044, 0x7fc9, 0x7ff7, 0x7f6d, 0x7f4e, 0x7f7c, 0x8044,
   0x8053, 0x8044, 0x8044, 0x80af, 0x8062, 0x8016, 0x80af, 0x80ce, 0x8072,
   0x80a0, 0x811a, 0x8062, 0x8016, 0x7fe8, 0x7fc9, 0x7fd8, 0x7fe8, 0x8006,
   0x7f20, 0x7ec4, 0x7f02, 0x7f11, 0x7ef2, 0x7faa, 0x8025, 0x7fe8, 0x7fe8,
   0x8006, 0x7ff7, 0x7fc9, 0x7fc9, 0x7f4e, 0x7f30, 0x7f6d, 0x7fc9, 0x8034,
   0x7fd8, 0x7ff7, 0x7f9b, 0x7f5e, 0x7f02, 0x7f30, 0x7f9b, 0x7f9b, 0x7f3f,
   0x7f4e, 0x7eb5, 0x7ec4, 0x7ee3, 0x7f6d, 0x7f7c, 0x7fc9, 0x8034, 0x8081,
   0x8016, 0x7ff7, 0x7fe8, 0x7fc9, 0x7f8c, 0x7faa, 0x7f8c, 0x7f20, 0x7fd8,
   0x7f8c, 0x7faa, 0x7fd8, 0x7fc9, 0x7fd8, 0x8034, 0x8025, 0x8034, 0x8034,
   0x8016, 0x8072, 0x80ce, 0x8053, 0x8062, 0x8053, 0x8072, 0x8081, 0x8072,
   0x7fc9, 0x7f6d, 0x7fd8, 0x7fe8, 0x8016, 0x7fe8, 0x8006, 0x80ce, 0x8072,
   0x8081, 0x8044, 0x8016, 0x8053, 0x8034, 0x8053, 0x8016, 0x8044, 0x8006,
   0x8062, 0x811a, 0x8090, 0x8081, 0x8034, 0x7ff7, 0x8006, 0x8062, 0x8062,
   0x8062, 0x8044, 0x8062, 0x8053, 0x80a0, 0x8062, 0x8090, 0x8006, 0x7f6d,
   0x7ea6, 0x7fc9, 0x8053, 0x80af, 0x8053, 0x8016, 0x8044, 0x8016, 0x8072,
   0x8072, 0x7fd8, 0x8034, 0x8053, 0x80a0, 0x8062, 0x8025, 0x8016, 0x8006,
   0x8016, 0x8006, 0x7ff7, 0x7ff7, 0x8053, 0x8044, 0x8016, 0x8044, 0x8081,
   0x8053, 0x8006, 0x7fe8, 0x7fd8, 0x7faa, 0x7f7c, 0x7eb5, 0x7ee3, 0x7ee3,
   0x7f20, 0x7f02, 0x7f9b, 0x8006, 0x7fba, 0x8034, 0x7fd8, 0x7f9b, 0x7fd8,
   0x8025, 0x7f9b, 0x7f9b, 0x7fc9, 0x8034, 0x8062, 0x8090, 0x80a0, 0x8081,
   0x8090, 0x8072, 0x8034, 0x8072, 0x7ff7, 0x7fba, 0x7fba, 0x7faa, 0x7fd8,
   0x7ff7, 0x7f9b, 0x7fd8, 0x7fc9, 0x7f9b, 0x7fba, 0x7fe8, 0x7f9b, 0x7fd8,
   0x7faa, 0x7fe8, 0x7ff7, 0x7ff7, 0x8006, 0x8034, 0x8044, 0x7ff7, 0x8081,
   0x80ce, 0x8072, 0x7ff7, 0x7f9b, 0x7ed4, 0x7f20, 0x7f11, 0x8025, 0x7fd8,
   0x7ff7, 0x8053, 0x80af, 0x7f9b, 0x7ef2, 0x7f02, 0x7f11, 0x7f9b, 0x7fba,
   0x7f8c, 0x7f7c, 0x7fc9, 0x7fd8, 0x80dd, 0x8034, 0x7fd8, 0x7f7c, 0x7fba,
   0x7fd8, 0x7ef2, 0x7dc0, 0x7bf2, 0x7be3, 0x7c7e, 0x7eb5, 0x8062, 0x8090,
   0x80ec, 0x8081, 0x8044, 0x8072, 0x8034, 0x8006, 0x8016, 0x8090, 0x80dd,
   0x80ce, 0x80fc, 0x80ec, 0x80a0, 0x8044, 0x8053, 0x80fc, 0x80be, 0x8044,
   0x8072, 0x80af, 0x8081, 0x8044, 0x7f7c, 0x7f20, 0x7f3f, 0x7f4e, 0x8016,
   0x8090, 0x8053, 0x7ff7, 0x8006, 0x7fba, 0x7fd8, 0x8006, 0x8053, 0x8006,
   0x7ff7, 0x8006, 0x8016, 0x7ff7, 0x7f6d, 0x7f5e, 0x7f3f, 0x7fd8, 0x8006,
   0x7f7c, 0x7f8c, 0x7fc9, 0x7fd8, 0x7f5e, 0x7f20, 0x7f4e, 0x7faa, 0x7f7c,
   0x7f4e, 0x7f4e, 0x7fc9, 0x8016, 0x8034, 0x8016, 0x8006, 0x8016, 0x8006,
   0x8006, 0x7f11, 0x7ec4, 0x7f5e, 0x7f7c, 0x7f02, 0x7f3f, 0x7f4e, 0x7f4e,
   0x7f4e, 0x7f20, 0x7f5e, 0x7f8c, 0x7fba, 0x80a0, 0x80af, 0x80a0, 0x8081,
   0x8072, 0x8072, 0x8034, 0x7fe8, 0x7fd8, 0x7fe8, 0x8006, 0x8016, 0x8034,
   0x7fd8, 0x7fd8, 0x7faa, 0x7f9b, 0x7fba, 0x7fe8, 0x7fc9, 0x7f9b, 0x7faa,
   0x7f9b, 0x7faa, 0x7fe8, 0x8062, 0x80a0, 0x810b, 0x8025, 0x8006, 0x7f6d,
   0x7faa, 0x8016, 0x8072, 0x8090, 0x80be, 0x8167, 0x7fe8, 0x7ea6, 0x7ee3,
   0x7f9b, 0x7ff7, 0x8006, 0x80a0, 0x80be, 0x80be, 0x80dd, 0x8081, 0x8081,
   0x8072, 0x8072, 0x8062, 0x80a0, 0x8044, 0x80a0, 0x8090, 0x8006, 0x8034,
   0x8034, 0x8025, 0x8016, 0x8062, 0x8062, 0x8044, 0x7f8c, 0x7f7c, 0x7ff7,
   0x8006, 0x7faa, 0x7ff7, 0x8034, 0x8062, 0x8062, 0x8025, 0x8016, 0x8034,
   0x8053, 0x8025, 0x8006, 0x8016, 0x8072, 0x80ce, 0x80ce, 0x8044, 0x7ff7,
   0x8006, 0x7fc9, 0x7fc9, 0x8006, 0x8053, 0x8016, 0x8006, 0x8062, 0x8090,
   0x80dd, 0x80ce, 0x810b, 0x80ec, 0x80be, 0x8025, 0x7fba, 0x7f6d, 0x7f8c,
   0x7fc9, 0x7f8c, 0x7fc9, 0x7f5e, 0x7faa, 0x7f9b, 0x7fe8, 0x8034, 0x8034,
   0x8016, 0x7f6d, 0x7f6d, 0x7ef2, 0x7faa, 0x7ff7, 0x7ff7, 0x7ff7, 0x8062,
   0x80af, 0x8139, 0x8016, 0x7fd8, 0x7f4e, 0x7f11, 0x7f20, 0x7f3f, 0x7f5e,
   0x8034, 0x8062, 0x8025, 0x7ff7, 0x8016, 0x8062, 0x80ce, 0x80dd, 0x8072,
   0x8053, 0x80dd, 0x80ec, 0x8062, 0x80ce, 0x8025, 0x7fd8, 0x7f6d, 0x7f7c,
   0x7f9b, 0x7fd8, 0x8016, 0x7f7c, 0x7f9b, 0x7faa, 0x7f9b, 0x7fd8, 0x7ff7,
   0x7fd8, 0x7ff7, 0x8016, 0x7fd8, 0x8053, 0x80be, 0x80fc, 0x8176, 0x8139,
   0x8053, 0x8081, 0x8044, 0x8025, 0x8006, 0x7fc9, 0x7fd8, 0x80af, 0x80ec,
   0x80be, 0x8090, 0x80ce, 0x8072, 0x8006, 0x8016, 0x80dd, 0x811a, 0x80af,
   0x8034, 0x8053, 0x8006, 0x8006, 0x8006, 0x8044, 0x80af, 0x8090, 0x8072,
   0x8090, 0x8053, 0x8062, 0x8025, 0x7f9b, 0x7f8c, 0x7f6d, 0x7ee3, 0x7f02,
   0x7f20, 0x7ef2, 0x7f6d, 0x7f8c, 0x8006, 0x8006, 0x8044, 0x8034, 0x8062,
   0x8034, 0x8006, 0x8016, 0x8025, 0x80dd, 0x80ec, 0x7ff7, 0x7fe8, 0x7ff7,
   0x7f9b, 0x7f7c, 0x8044, 0x80a0, 0x8072, 0x8081, 0x8081, 0x8090, 0x8053,
   0x8062, 0x80fc, 0x80ce, 0x8034, 0x8006, 0x7fba, 0x7f9b, 0x7f8c, 0x8006,
   0x8006, 0x8034, 0x7f3f, 0x7f7c, 0x7f12, 0x7f3f, 0x7f9b, 0x8036, 0x80dd,
   0x8025, 0x8006, 0x7f3f, 0x7fe8, 0x8016, 0x8053, 0x8034, 0x8025, 0x8062,
   0x8016, 0x8034, 0x8025, 0x80ce, 0x811a, 0x80ec, 0x80dd, 0x80af, 0x8053,
   0x7ff7, 0x7faa, 0x7fc9, 0x7f7c, 0x7ff7, 0x7f6d, 0x8006, 0x7fc9, 0x7fba,
   0x8044, 0x8025, 0x7f9b, 0x7f5e, 0x7ef2, 0x7f6d, 0x7f02, 0x7f7c, 0x7fc9,
   0x8006, 0x8006, 0x7fe8, 0x8025, 0x8090, 0x80a0, 0x8044, 0x8072, 0x8006,
   0x8016, 0x8006, 0x8025, 0x8006, 0x8034, 0x8016, 0x8016, 0x7ff7, 0x8006,
   0x8044, 0x8025, 0x8016, 0x8025, 0x7fe8, 0x7fe8, 0x7ff7, 0x8006, 0x8034,
   0x8062, 0x8034, 0x8034, 0x7ff7, 0x7fe8, 0x8053, 0x7f9b, 0x7ec4, 0x7e96,
   0x7ed4, 0x7ec4, 0x7e59, 0x7ed4, 0x7f02, 0x7f3f, 0x7fe8, 0x7fc9, 0x7ff7,
   0x7fba, 0x7fc9, 0x7faa, 0x8006, 0x8053, 0x8034, 0x8006, 0x7fd8, 0x7f30,
   0x7f3f, 0x7f30, 0x7f30, 0x7f4e, 0x7faa, 0x7f8c, 0x7fc9, 0x7f20, 0x7fe8,
   0x7fc9, 0x8006, 0x8062, 0x8062, 0x8090, 0x7ff7, 0x7fd8, 0x7f9b, 0x8006,
   0x8006, 0x8006, 0x8006, 0x7fc9, 0x8016, 0x80a0, 0x80af, 0x811a, 0x8090,
   0x80ce, 0x8053, 0x7ff7, 0x7fba, 0x7fc9, 0x7fc9, 0x8006, 0x8044, 0x8034,
   0x8006, 0x7fe8, 0x8016, 0x8062, 0x8044, 0x8016, 0x8016, 0x7fd8, 0x7fd8,
   0x8053, 0x8025, 0x7f7c, 0x7fc9, 0x8006, 0x8062, 0x8053, 0x8062, 0x8034,
   0x8044, 0x8090, 0x80a0, 0x80a0, 0x80af, 0x8006, 0x8025, 0x8006, 0x8025,
   0x7fd8, 0x7ff7, 0x8081, 0x80ec, 0x8072, 0x8072, 0x8044, 0x80a0, 0x8090,
   0x8053, 0x8044, 0x8044, 0x8062, 0x8090, 0x80af, 0x8025, 0x7f7c, 0x7ef2,
   0x7fc9, 0x7fe8, 0x8006, 0x8062, 0x8025, 0x8006, 0x7fe8, 0x7faa, 0x7ff7,
   0x8006, 0x8006, 0x7f8c, 0x7faa, 0x7f8c, 0x7f6d, 0x7fd8, 0x8006, 0x7fe8,
   0x8016, 0x80af, 0x80fc, 0x8072, 0x7fba, 0x7ef2, 0x7faa, 0x7fe8, 0x7f8c,
   0x7fba, 0x8006, 0x8025, 0x8025, 0x7fe8, 0x8016, 0x8053, 0x8062, 0x80ce,
   0x8062, 0x8025, 0x8025, 0x8006, 0x8006, 0x8025, 0x7fd8, 0x8006, 0x8025,
   0x7fd8, 0x7f6d, 0x7fe8, 0x7fd8, 0x7faa, 0x8062, 0x8081, 0x8062, 0x7f6d,
   0x7ee3, 0x7ec4, 0x7f20, 0x7f20, 0x7f3f, 0x7f8c, 0x8016, 0x8062, 0x8053,
   0x8053, 0x8025, 0x8006, 0x8044, 0x7ff7, 0x7f8c, 0x7ef2, 0x7f20, 0x7f11,
   0x7f30, 0x7fba, 0x8016, 0x7fd8, 0x7fc9, 0x7fd8, 0x8034, 0x8072, 0x80be,
   0x7fd8, 0x7f6d, 0x8006, 0x80af, 0x80ec, 0x80ec, 0x812a, 0x811a, 0x8090,
   0x8034, 0x7f02, 0x7f02, 0x7faa, 0x7f8c, 0x7fba, 0x7fc9, 0x8062, 0x8006,
   0x8025, 0x7fe8, 0x7f5e, 0x7fba, 0x7fba, 0x7faa, 0x8006, 0x8025, 0x7fc9,
   0x7f5e, 0x7f4e, 0x7f4e, 0x7ef2, 0x7f30, 0x7f11, 0x7faa, 0x7fd8, 0x8006,
   0x7fd8, 0x7faa, 0x8006, 0x7fe8, 0x7fe8, 0x7f30, 0x7ff7, 0x80a0, 0x8016,
   0x8072, 0x80af, 0x80dd, 0x80ce, 0x81f1, 0x8210, 0x8176, 0x8044, 0x7ee3,
   0x7e96, 0x7e4a, 0x7ee3, 0x7ef2, 0x7f30, 0x7fd8, 0x7ff7, 0x7fba, 0x8006,
   0x80a0, 0x80ce, 0x80ce, 0x80af, 0x8081, 0x8090, 0x8006, 0x7f4e, 0x7fc9,
   0x7faa, 0x7f8c, 0x7f9b, 0x7ff7, 0x7fc9, 0x8016, 0x8053, 0x8062, 0x80a0,
   0x8081, 0x8006, 0x8053, 0x811a, 0x8139, 0x8006, 0x8006, 0x8016, 0x8062,
   0x8006, 0x7fe8, 0x7fba, 0x7f6d, 0x7fc9, 0x7f6d, 0x7f11, 0x7f3f, 0x7faa,
   0x7f8c, 0x7f5e, 0x7f8c, 0x7fe8, 0x7f8c, 0x7ea6, 0x7ef2, 0x7f3f, 0x7f5e,
   0x8053, 0x7fd8, 0x7f3f, 0x7f7c, 0x7f9b, 0x8006, 0x8072, 0x8044, 0x80a0,
   0x80ec, 0x80a0, 0x8072, 0x8081, 0x8016, 0x7f5e, 0x7fc9, 0x8053, 0x8016,
   0x8006, 0x8025, 0x8044, 0x8062, 0x8090, 0x8072, 0x8081, 0x7fe8, 0x7fe8,
   0x7f5e, 0x7f02, 0x7f7c, 0x7f7c, 0x7faa, 0x8053, 0x80be, 0x8090, 0x8072,
   0x80af, 0x8186, 0x8167, 0x80a0, 0x8006, 0x7f30, 0x7f6d, 0x7ff7, 0x8053,
   0x8016, 0x8034, 0x80a0, 0x80ec, 0x8090, 0x7fd8, 0x7ff7, 0x8006, 0x7faa,
   0x8034, 0x8044, 0x8034, 0x7ff7, 0x7f9b, 0x7f9b, 0x7f6d, 0x7fc9, 0x7fe8,
   0x8034, 0x8081, 0x8053, 0x8044, 0x8006, 0x8090, 0x8081, 0x80a0, 0x80be,
   0x812a, 0x80be, 0x8081, 0x8025, 0x7faa, 0x7f20, 0x7e96, 0x7f3f, 0x7f3f,
   0x7f8c, 0x7ff7, 0x7fd8, 0x7f11, 0x7f8c, 0x7ee3, 0x7f6d, 0x7faa, 0x7f6d,
   0x7f7c, 0x7f6d, 0x7eb5, 0x7f11, 0x7ec4, 0x7f11, 0x7f8d, 0x7fc9, 0x7fba,
   0x8025, 0x8044, 0x80dd, 0x80fd, 0x8072, 0x7fe8, 0x80a0, 0x80fc, 0x8044,
   0x8025, 0x7f7c, 0x7f3f, 0x7f8c, 0x7fe8, 0x7fe8, 0x8016, 0x8016, 0x8006,
   0x8006, 0x7fe8, 0x8006, 0x7fba, 0x7ff7, 0x7fc9, 0x7fd8, 0x7fe8, 0x7fd8,
   0x7fc9, 0x8006, 0x7fd8, 0x7f7c, 0x7f20, 0x7f11, 0x7f02, 0x7ec4, 0x7f02,
   0x7f02, 0x7f11, 0x7f5e, 0x7f3f, 0x7ff7, 0x7f3f, 0x7f11, 0x7eb5, 0x7e4a,
   0x7e48, 0x7e78, 0x7e68, 0x7ec3, 0x7f50, 0x7f30, 0x7fc9, 0x7f7c, 0x7f7c,
   0x8016, 0x80dd, 0x812b, 0x812b, 0x80ec, 0x8081, 0x8034, 0x8034, 0x7fd8,
   0x8062, 0x7ff7, 0x7f5e, 0x8006, 0x8062, 0x8072, 0x8006, 0x7fd8, 0x7ff7,
   0x8090, 0x8062, 0x7fd8, 0x8034, 0x8062, 0x8016, 0x8062, 0x8044, 0x8044,
   0x8034, 0x8006, 0x8006, 0x7fe8, 0x8006, 0x7ff7, 0x8016, 0x8025, 0x8044,
   0x7fe8, 0x8062, 0x8006, 0x8016, 0x8016, 0x8081, 0x80ec, 0x8053, 0x80be,
   0x810b, 0x8034, 0x7fe8, 0x7ff7, 0x7fc9, 0x7f7c, 0x7f4e, 0x8006, 0x7fd8,
   0x7f20, 0x7fc9, 0x7f11, 0x7f20, 0x7f9b, 0x7f3f, 0x7ef2, 0x7ff7, 0x7fc9,
   0x7f7c, 0x7fba, 0x7f6d, 0x8016, 0x7fe8, 0x8034, 0x8034, 0x8006, 0x8006,
   0x7f7c, 0x7f02, 0x7f9b, 0x7fba, 0x7f30, 0x7f20, 0x7f4e, 0x7fba, 0x7faa,
   0x7f8c, 0x7f9b, 0x7faa, 0x7f8c, 0x7faa, 0x7f5e, 0x7f5e, 0x7faa, 0x7f5e,
   0x7fe8, 0x8006, 0x8034, 0x8081, 0x8044, 0x8053, 0x8062, 0x7fd8, 0x7f4e,
   0x7f7c, 0x7f20, 0x7ec4, 0x7ed4, 0x7ff7, 0x8072, 0x8006, 0x8025, 0x8025,
   0x8062, 0x8081, 0x7fe8, 0x7fd8, 0x8006, 0x7fe8, 0x7f7c, 0x7f7c, 0x8025,
   0x8006, 0x8044, 0x8053, 0x8034, 0x8034, 0x8053, 0x80be, 0x80fc, 0x7fd8,
   0x7fd8, 0x7fba, 0x8025, 0x8016, 0x8034, 0x8053, 0x8025, 0x7ff7, 0x7faa,
   0x7ff7, 0x7fd8, 0x8006, 0x7f8c, 0x7f6d, 0x8016, 0x8072, 0x80ce, 0x80af,
   0x810b, 0x80be, 0x8090, 0x8025, 0x811a, 0x80ce, 0x811a, 0x8186, 0x810b,
   0x8072, 0x7ff7, 0x7faa, 0x7f7c, 0x7fe8, 0x8006, 0x7f9b, 0x7f6d, 0x8006,
   0x8053, 0x80dd, 0x8090, 0x8034, 0x8062, 0x8053, 0x80a0, 0x7fe8, 0x7ef2,
   0x7ec4, 0x7ed4, 0x7f4e, 0x7f7c, 0x7f02, 0x7f6d, 0x8016, 0x8053, 0x80af,
   0x8053, 0x8053, 0x8025, 0x8044, 0x7fd8, 0x7ef2, 0x7ee3, 0x7e96, 0x7ed4,
   0x7f9b, 0x8044, 0x80ec, 0x8139, 0x80fc, 0x812a, 0x8090, 0x8081, 0x80a0,
   0x8081, 0x8072, 0x80af, 0x8016, 0x7f3f, 0x7fba, 0x7ff7, 0x7faa, 0x8034,
   0x8006, 0x7fd8, 0x8081, 0x8062, 0x8090, 0x80dd, 0x8072, 0x8081, 0x7fe8,
   0x7f4e, 0x7f3f, 0x7faa, 0x7fc9, 0x7fba, 0x8006, 0x80af, 0x8081, 0x8072,
   0x8090, 0x7ec4, 0x7f4e, 0x8062, 0x810b, 0x8044, 0x7fe8, 0x7fe8, 0x7ff7,
   0x7fd8, 0x8081, 0x8081, 0x8081, 0x8006, 0x7f7c, 0x7f7c, 0x7fd8, 0x8016,
   0x8006, 0x7f4e, 0x7fe8, 0x7fe8, 0x7ff7, 0x7ff7, 0x8025, 0x7fe8, 0x8006,
   0x8044, 0x8006, 0x80a0, 0x80a0, 0x8062, 0x8044, 0x8025, 0x8025, 0x8006,
   0x7f9b, 0x7f11, 0x7ec4, 0x7ea6, 0x7f30, 0x7fd8, 0x80ce, 0x80af, 0x810b,
   0x810b, 0x80af, 0x8053, 0x7fe8, 0x7fd8, 0x7f8c, 0x7f30, 0x7f3f, 0x7f9b,
   0x8006, 0x7fe8, 0x7ff7, 0x8016, 0x8072, 0x7fe8, 0x7f7c, 0x7f9b, 0x7fc9,
   0x7f8c, 0x7ff7, 0x8016, 0x7fc9, 0x8006, 0x7fd8, 0x8006, 0x8053, 0x80dd,
   0x8090, 0x80af, 0x8044, 0x7fd8, 0x7f9b, 0x7faa, 0x8025, 0x8081, 0x8062,
   0x7fc9, 0x7ee3, 0x7ef2, 0x7f3f, 0x7fc9, 0x7fd8, 0x8090, 0x7ff7, 0x8062,
   0x8044, 0x7ff7, 0x7fd8, 0x8053, 0x8090, 0x80dd, 0x80af, 0x80a0, 0x8025,
   0x8053, 0x7fc9, 0x7f6d, 0x7faa, 0x8034, 0x8006, 0x7f9b, 0x8006, 0x7fe8,
   0x7fd8, 0x8062, 0x8081, 0x8062, 0x811a, 0x8090, 0x8034, 0x8006, 0x7ff7,
   0x8034, 0x8006, 0x8025, 0x8025, 0x7ff7, 0x8034, 0x8062, 0x8053, 0x7f8c,
   0x7ec4, 0x7ed4, 0x7f11, 0x7f11, 0x7f7c, 0x8006, 0x7fe8, 0x7ff7, 0x7fd8,
   0x7f8c, 0x7faa, 0x8006, 0x8072, 0x8072, 0x8025, 0x8006, 0x7fba, 0x7fba,
   0x7ff7, 0x7fe8, 0x8034, 0x8034, 0x8006, 0x7f9b, 0x7f6d, 0x8006, 0x8006,
   0x8053, 0x80af, 0x8072, 0x8006, 0x8025, 0x7fc9, 0x7f9b, 0x7f8c, 0x7f8c,
   0x7ed4, 0x7f9b, 0x7fd8, 0x7f5e, 0x7ef2, 0x7f3f, 0x7f20, 0x7f5e, 0x7fba,
   0x8006, 0x8034, 0x7f8c, 0x7fba, 0x8006, 0x7ff7, 0x7fd8, 0x8044, 0x8081,
   0x8016, 0x7faa, 0x7fd8, 0x7ff7, 0x8006, 0x8034, 0x80be, 0x810b, 0x80ec,
   0x8044, 0x7f9b, 0x7f6d, 0x7f9b, 0x7fc9, 0x8006, 0x7ee3, 0x7ee3, 0x7f7c,
   0x7f30, 0x8025, 0x8053, 0x8053, 0x8025, 0x7fba, 0x8006, 0x7faa, 0x7f9b,
   0x7f4e, 0x7f3f, 0x7f02, 0x7e78, 0x7d92, 0x7e2b, 0x7f3f, 0x7fe8, 0x80a0,
   0x80ec, 0x811a, 0x812a, 0x8139, 0x81a4, 0x8202, 0x823f, 0x82d8, 0x82d8,
   0x8230, 0x812a, 0x8016, 0x7f6d, 0x7f20, 0x7e96, 0x7e1c, 0x7f30, 0x7fe8,
   0x8034, 0x8072, 0x8090, 0x811a, 0x80be, 0x80ec, 0x80ec, 0x8072, 0x7ff7,
   0x7f7c, 0x7f6d, 0x7fba, 0x7f7c, 0x7f02, 0x7fba, 0x7fe8, 0x7fba, 0x7f8c,
   0x7f6d, 0x7f3f, 0x7ee3, 0x7fc9, 0x8016, 0x8081, 0x80a0, 0x7faa, 0x7f3f,
   0x7f20, 0x7f9b, 0x7fc9, 0x7ff7, 0x8006, 0x8006, 0x7fe8, 0x8016, 0x8072,
   0x80af, 0x80af, 0x8006, 0x7fe8, 0x7fe8, 0x7fba, 0x8006, 0x7fc9, 0x7faa,
   0x7f8c, 0x7f9b, 0x7f9b, 0x8025, 0x8053, 0x8016, 0x7fc9, 0x7f3f, 0x7fe8,
   0x8025, 0x80ec, 0x810b, 0x8176, 0x80be, 0x8006, 0x8025, 0x7f9b, 0x7ef2,
   0x7f9b, 0x7ff7, 0x8044, 0x8025, 0x7fd8, 0x8016, 0x8062, 0x8090, 0x7fd8,
   0x7fc9, 0x8044, 0x8072, 0x80a0, 0x80ec, 0x80ce, 0x7ff7, 0x8006, 0x8025,
   0x8044, 0x7fe8, 0x7faa, 0x8025, 0x7fe8, 0x7fba, 0x7ff7, 0x8006, 0x8062,
   0x80ce, 0x80af, 0x7f8c, 0x7fe8, 0x7fba, 0x7ff7, 0x7fd8, 0x7fd8, 0x7fe8,
   0x7fd8, 0x8034, 0x8062, 0x7ff7, 0x8006, 0x7ff7, 0x8034, 0x8034, 0x80af,
   0x8072, 0x8044, 0x8034, 0x8034, 0x8016, 0x7f9b, 0x7f6d, 0x7ef2, 0x7ef2,
   0x8016, 0x8090, 0x80af, 0x8090, 0x8016, 0x8044, 0x8006, 0x7f6d, 0x7f3f,
   0x7f7c, 0x7f8c, 0x7ff7, 0x7fe8, 0x7fd8, 0x8072, 0x8006, 0x8006, 0x8034,
   0x8053, 0x8053, 0x7fe8, 0x7faa, 0x7f3f, 0x7fe8, 0x8006, 0x8081, 0x812a,
   0x8044, 0x8072, 0x8006, 0x7faa, 0x7f7c, 0x7f3f, 0x7fe8, 0x8044, 0x80af,
   0x8081, 0x80a0, 0x8006, 0x7f9b, 0x7ef2, 0x7ea6, 0x7f02, 0x7f4e, 0x7f5e,
   0x7f7c, 0x7fd8, 0x7f6d, 0x7fba, 0x7f9b, 0x7f4e, 0x7fe8, 0x8006, 0x8025,
   0x8044, 0x8062, 0x8006, 0x7faa, 0x7faa, 0x7f9b, 0x7fd8, 0x8025, 0x8006,
   0x7ff7, 0x7f8c, 0x7fe8, 0x7fd8, 0x7fc9, 0x8044, 0x80be, 0x8044, 0x7fba,
   0x7f9b, 0x7f5e, 0x7f6d, 0x7f30, 0x7f4e, 0x7fd8, 0x7fd8, 0x8006, 0x7fe8,
   0x8062, 0x80ce, 0x80ce, 0x8053, 0x8025, 0x8006, 0x8016, 0x7faa, 0x7f9b,
   0x7fc9, 0x7fe8, 0x8044, 0x8034, 0x8025, 0x7fc9, 0x7f5e, 0x7faa, 0x7f3f,
   0x7faa, 0x8053, 0x8053, 0x8072, 0x7f8c, 0x7f7c, 0x7fc9, 0x7fc9, 0x8072,
   0x8081, 0x80a0, 0x8062, 0x8081, 0x8081, 0x80fc, 0x80ec, 0x812a, 0x8090,
   0x80a0, 0x8090, 0x8034, 0x8090, 0x7fc9, 0x7f4e, 0x7faa, 0x7f30, 0x7fc9,
   0x8006, 0x8044, 0x8148, 0x80dd, 0x8081, 0x8025, 0x8006, 0x8016, 0x80a0,
   0x80fc, 0x8053, 0x7fe8, 0x8016, 0x8006, 0x8025, 0x8053, 0x80a0, 0x8090,
   0x8044, 0x8072, 0x8081, 0x8072, 0x80dd, 0x80ce, 0x8072, 0x8044, 0x8062,
   0x8072, 0x8053, 0x8062, 0x8090, 0x8081, 0x8053, 0x8072, 0x8034, 0x8081,
   0x80a0, 0x812a, 0x80dd, 0x80a0, 0x8044, 0x7fba, 0x8034, 0x8044, 0x810b,
   0x812a, 0x80a0, 0x8081, 0x80af, 0x8025, 0x7f9b, 0x7fd8, 0x7f7c, 0x7f8c,
   0x7f7c, 0x7fc9, 0x7f3f, 0x7f8c, 0x7f8c, 0x7f9b, 0x7fe8, 0x7fd8, 0x8016,
   0x7f9b, 0x7fd8, 0x8025, 0x8025, 0x80ce, 0x8062, 0x8016, 0x7fd8, 0x7f5e,
   0x7f8c, 0x7ff7, 0x7f8c, 0x7f4e, 0x7f30, 0x7fba, 0x8006, 0x80fc, 0x80be,
   0x8081, 0x7fd8, 0x7fd8, 0x8006, 0x7fc9, 0x7f8c, 0x7f9b, 0x7f11, 0x7ee3,
   0x7fba, 0x8006, 0x8006, 0x8006, 0x7fc9, 0x8025, 0x7ff7, 0x7fba, 0x7ff7,
   0x7f11, 0x7e96, 0x7ef2, 0x7f5e, 0x7fc9, 0x7fe8, 0x8053, 0x8072, 0x8025,
   0x7ff7, 0x8025, 0x7ff7, 0x8006, 0x7f20, 0x7f5e, 0x7f7c, 0x7fc9, 0x7f11,
   0x7f9b, 0x7f7c, 0x7f9b, 0x7fba, 0x7ff7, 0x7fd8, 0x7fd8, 0x8016, 0x7ff7,
   0x7f4e, 0x7f6d, 0x8006, 0x8016, 0x8053, 0x8081, 0x8072, 0x8034, 0x7fba,
   0x8025, 0x8016, 0x7fd8, 0x7ff7, 0x7ff7, 0x8016, 0x8072, 0x80ce, 0x8081,
   0x8062, 0x80a0, 0x80fc, 0x8081, 0x7f8c, 0x7ef2, 0x7ee3, 0x7f3f, 0x7ff7,
   0x80a0, 0x80dd, 0x810b, 0x80af, 0x8053, 0x8072, 0x8081, 0x8044, 0x8025,
   0x8034, 0x8006, 0x8044, 0x8053, 0x8016, 0x80a0, 0x8053, 0x8053, 0x80dd,
   0x80fc, 0x7fc9, 0x7faa, 0x8006, 0x7fc9, 0x8006, 0x8006, 0x8034, 0x8053,
   0x80ec, 0x8053, 0x8006, 0x8053, 0x8044, 0x8053, 0x80af, 0x811a, 0x8081,
   0x8062, 0x80be, 0x8090, 0x8006, 0x8006, 0x8034, 0x8053, 0x8025, 0x8016,
   0x7ef2, 0x7fd8, 0x8006, 0x8006, 0x8025, 0x8062, 0x8016, 0x8034, 0x8025,
   0x8034, 0x7ff7, 0x7fc9, 0x7ff7, 0x8016, 0x7f9b, 0x7ff7, 0x8044, 0x80a0,
   0x80a0, 0x8081, 0x8044, 0x8025, 0x7f7c, 0x7f7c, 0x7fc9, 0x7faa, 0x7f8c,
   0x7f5e, 0x7fc9, 0x8006, 0x8053, 0x8072, 0x8044, 0x8044, 0x8034, 0x8016,
   0x8016, 0x7f9b, 0x7f20, 0x7f7c, 0x8006, 0x8072, 0x8090, 0x8081, 0x8072,
   0x8053, 0x8034, 0x8034, 0x7fe8, 0x7fc9, 0x8034, 0x8016, 0x8006, 0x8006,
   0x7ff7, 0x8006, 0x7ff7, 0x7f8c, 0x7ff7, 0x7faa, 0x7f20, 0x7f20, 0x7faa,
   0x8025, 0x8034, 0x8025, 0x8006, 0x8006, 0x7fd8, 0x8016, 0x8053, 0x7fd8,
   0x7fc9, 0x7ff7, 0x8053, 0x8062, 0x8016, 0x8081, 0x8034, 0x8044, 0x8053,
   0x8006, 0x8034, 0x7f3f, 0x7e68, 0x7e0c, 0x7e3a, 0x7dfd, 0x7dee, 0x7e3a,
   0x7f11, 0x7f9b, 0x8081, 0x80ce, 0x80ec, 0x8081, 0x8053, 0x8016, 0x80be,
   0x8148, 0x8167, 0x8186, 0x8090, 0x7f02, 0x7ee3, 0x7e96, 0x7f4e, 0x7fd8,
   0x8053, 0x80be, 0x8090, 0x8090, 0x80fc, 0x8090, 0x80af, 0x8081, 0x8062,
   0x8034, 0x8006, 0x8044, 0x8034, 0x8072, 0x8062, 0x8062, 0x7ff7, 0x8006,
   0x7faa, 0x7ea6, 0x7ea6, 0x7fc9, 0x7ff7, 0x80be, 0x8062, 0x8025, 0x8072,
   0x80af, 0x80dd, 0x8090, 0x8044, 0x8016, 0x7fe8, 0x7f7c, 0x7f4e, 0x7f9b,
   0x7fc9, 0x7fba, 0x7fc9, 0x8006, 0x8025, 0x8053, 0x8016, 0x8072, 0x8006,
   0x8006, 0x7f6d, 0x7e68, 0x7f30, 0x7f7c, 0x7fc9, 0x7ff7, 0x7f8c, 0x7f9b,
   0x7ff7, 0x7fc9, 0x7f30, 0x7f11, 0x7e78, 0x7e78, 0x7e4a, 0x7eb5, 0x7f20,
   0x7f5e, 0x7ff7, 0x8016, 0x8006, 0x8044, 0x8072, 0x8016, 0x8034, 0x8081,
   0x7ff7, 0x7fe8, 0x7fba, 0x7ee3, 0x7f11, 0x7f02, 0x7ef2, 0x7f8c, 0x7fc9,
   0x7ff7, 0x8016, 0x80be, 0x8025, 0x8053, 0x80af, 0x80be, 0x8053, 0x8016,
   0x8062, 0x7fba, 0x7f20, 0x7f5e, 0x7f20, 0x7f8c, 0x8006, 0x8090, 0x8006,
   0x8006, 0x7f7c, 0x7f4e, 0x7f20, 0x7f7c, 0x7f30, 0x7f4e, 0x8006, 0x8034,
   0x7fd8, 0x7faa, 0x7fe8, 0x7ff7, 0x7fd8, 0x7f9b, 0x7faa, 0x7f8c, 0x7f5e,
   0x7ff7, 0x8044, 0x8081, 0x8081, 0x8081, 0x8044, 0x7fd8, 0x7f7c, 0x7fe8,
   0x7f8c, 0x7fba, 0x7fe8, 0x80a0, 0x8195, 0x8210, 0x8316, 0x8306, 0x821f,
   0x7ff7, 0x7e2b, 0x7d08, 0x7cbb, 0x7d54, 0x7eb5, 0x8006, 0x8053, 0x8044,
   0x8006, 0x8016, 0x8034, 0x8034, 0x8006, 0x7f9b, 0x7fd8, 0x8006, 0x8006,
   0x8034, 0x8006, 0x8006, 0x8006, 0x8016, 0x8006, 0x7ff7, 0x8062, 0x8034,
   0x80af, 0x80ce, 0x80fc, 0x8044, 0x8025, 0x8016, 0x8053, 0x7fd8, 0x7f3f,
   0x7f5e, 0x7f8c, 0x7fe8, 0x80af, 0x80be, 0x80be, 0x80a0, 0x80dd, 0x80fc,
   0x8186, 0x8176, 0x8139, 0x7ff7, 0x7f5e, 0x7f8c, 0x7faa, 0x7ff7, 0x7fe8,
   0x7fba, 0x8025, 0x80af, 0x80ec, 0x80af, 0x8044, 0x7fe8, 0x8044, 0x7ff7,
   0x7fc9, 0x7f5e, 0x7fba, 0x7f3f, 0x7ed4, 0x7f11, 0x7f9b, 0x7ff7, 0x8072,
   0x80a0, 0x8053, 0x8062, 0x8062, 0x8025, 0x7fba, 0x7fba, 0x7f3f, 0x7f3f,
   0x7f7c, 0x7f30, 0x7f9b, 0x7f5e, 0x8006, 0x8044, 0x80a0, 0x8090, 0x8034,
   0x8006, 0x8025, 0x8034, 0x8006, 0x8025, 0x8016, 0x7fe8, 0x8006, 0x7ff7,
   0x8006, 0x7fe8, 0x7faa, 0x7fc9, 0x7fc9, 0x8016, 0x8044, 0x7fba, 0x7fc9,
   0x7f8c, 0x7fba, 0x8006, 0x8006, 0x8006, 0x8053, 0x8053, 0x8006, 0x7fc9,
   0x7f5e, 0x7fba, 0x7fe8, 0x8044, 0x8006, 0x7fc9, 0x7ff7, 0x8006, 0x8034,
   0x8062, 0x8062, 0x8034, 0x8034, 0x8034, 0x7fc9, 0x7fc9, 0x8006, 0x8006,
   0x8072, 0x80af, 0x8044, 0x7fd8, 0x7f02, 0x7f20, 0x7ff7, 0x7fd8, 0x8034,
   0x8053, 0x80dd, 0x80dd, 0x80fc, 0x80a0, 0x7fba, 0x7ff7, 0x8034, 0x8053,
   0x7faa, 0x7f11, 0x7f20, 0x7ec4, 0x7e87, 0x7f4e, 0x8006, 0x8016, 0x8006,
   0x7f7c, 0x8006, 0x8025, 0x7fc9, 0x8081, 0x8016, 0x8006, 0x7f8c, 0x7fba,
   0x7f8c, 0x7f5e, 0x7faa, 0x7fc9, 0x7ff7, 0x8025, 0x8025, 0x7fc9, 0x7ed4,
   0x7f8c, 0x7ec4, 0x7f5e, 0x8044, 0x8062, 0x8006, 0x7ff7, 0x7fc9, 0x8072,
   0x8044, 0x7f8c, 0x7f5e, 0x7faa, 0x8053, 0x8034, 0x8025, 0x8006, 0x7fd8,
   0x7ff7, 0x7fe8, 0x8006, 0x8034, 0x8034, 0x8025, 0x8044, 0x8016, 0x7fe8,
   0x7fc9, 0x7f8c, 0x7e78, 0x7e68, 0x7e78, 0x7eb5, 0x7ed4, 0x7ee3, 0x7f9b,
   0x8025, 0x7fe8, 0x7fc9, 0x7f9b, 0x7f02, 0x7f7c, 0x7ee3, 0x7f7c, 0x7f8c,
   0x7fe8, 0x8006, 0x8016, 0x8025, 0x8062, 0x8025, 0x7fc9, 0x7ea6, 0x7f11,
   0x8006, 0x8053, 0x8053, 0x8025, 0x8006, 0x7ff7, 0x7fc9, 0x7fc9, 0x7fba,
   0x7fba, 0x7f8c, 0x7f7c, 0x7f5e, 0x7f8c, 0x8006, 0x7fba, 0x8006, 0x8034,
   0x80ce, 0x8072, 0x7fd8, 0x8006, 0x8006, 0x7ff7, 0x7fe8, 0x7faa, 0x7f6d,
   0x7f8c, 0x7fc9, 0x7fc9, 0x7fd8, 0x8072, 0x8006, 0x8090, 0x80dd, 0x8090,
   0x8072, 0x8034, 0x7f9b, 0x7fba, 0x8053, 0x8006, 0x7f8c, 0x7fba, 0x8034,
   0x8081, 0x8006, 0x7f7c, 0x7ff7, 0x7fe8, 0x7fd8, 0x8006, 0x8006, 0x80a0,
   0x8081, 0x7fba, 0x7fd8, 0x7faa, 0x7ff7, 0x8006, 0x8006, 0x7ff7, 0x8006,
   0x7fc9, 0x7f3f, 0x7f11, 0x7fc9, 0x8006, 0x8006, 0x7ff7, 0x7f7c, 0x8006,
   0x8025, 0x7ff7, 0x7f30, 0x7f02, 0x7ff7, 0x8053, 0x7fd8, 0x8025, 0x80af,
   0x80fc, 0x810b, 0x80be, 0x80ec, 0x80af, 0x80be, 0x8081, 0x8034, 0x7faa,
   0x7faa, 0x8062, 0x8072, 0x8006, 0x8006, 0x8006, 0x8006, 0x8062, 0x8034,
   0x8016, 0x8006, 0x8025, 0x80ec, 0x80fc, 0x80af, 0x80a0, 0x8062, 0x8006,
   0x7f6d, 0x7f9b, 0x7ff7, 0x8016, 0x7fd8, 0x7fe8, 0x8053, 0x8044, 0x8025,
   0x7ff7, 0x8072, 0x8053, 0x8053, 0x8016, 0x7fd8, 0x8025, 0x80a0, 0x8090,
   0x80fc, 0x810b, 0x8072, 0x8053, 0x8025, 0x8006, 0x7f20, 0x7fba, 0x8062,
   0x8072, 0x8034, 0x8016, 0x7f8c, 0x8053, 0x8034, 0x8081, 0x8090, 0x8025,
   0x7f20, 0x7f7c, 0x7f8c, 0x8044, 0x80be, 0x80fc, 0x8072, 0x8062, 0x80ec,
   0x80ce, 0x8006, 0x8034, 0x8090, 0x8081, 0x8044, 0x8025, 0x8006, 0x8025,
   0x8006, 0x7ff7, 0x8025, 0x8034, 0x8025, 0x8072, 0x7ff7, 0x7fc9, 0x7fba,
   0x7fc9, 0x8044, 0x8016, 0x8025, 0x7fc9, 0x7f8c, 0x7f3f, 0x7f5e, 0x7ea6,
   0x7f02, 0x7f5e, 0x8034, 0x80af, 0x8148, 0x8186, 0x8195, 0x8186, 0x8158,
   0x8158, 0x8167, 0x80af, 0x8044, 0x8006, 0x8016, 0x8062, 0x8090, 0x80ce,
   0x8081, 0x8006, 0x8062, 0x80af, 0x80dd, 0x8053, 0x8053, 0x8090, 0x8053,
   0x7f6d, 0x7f5e, 0x7f9b, 0x8025, 0x8016, 0x8062, 0x8053, 0x8034, 0x8006,
   0x7fba, 0x7f7c, 0x7f6d, 0x7fd8, 0x7fba, 0x7fd8, 0x8034, 0x8072, 0x8062,
   0x7f7c, 0x7ed4, 0x7f6d, 0x7f9b, 0x7ff7, 0x7ff7, 0x7f6d, 0x7f6d, 0x7fe8,
   0x8053, 0x8025, 0x7f7c, 0x7fd8, 0x7ff7, 0x8044, 0x80a0, 0x80a0, 0x80be,
   0x8081, 0x80af, 0x8081, 0x8072, 0x7fd8, 0x7f11, 0x7e78, 0x7ea6, 0x7fc9,
   0x8053, 0x8053, 0x8062, 0x7fba, 0x7f8c, 0x7f20, 0x7f11, 0x7f5e, 0x7fc9,
   0x7fd8, 0x7fd8, 0x8016, 0x7fd8, 0x7fd8, 0x8044, 0x7ff7, 0x7fc9, 0x7fba,
   0x7f30, 0x7dfd, 0x7d73, 0x7e2b, 0x7f8c, 0x8072, 0x812a, 0x8195, 0x8186,
   0x811a, 0x80a0, 0x8081, 0x8062, 0x80be, 0x8044, 0x8016, 0x7fc9, 0x7faa,
   0x7f5e, 0x8006, 0x8006, 0x8006, 0x8006, 0x8025, 0x8044, 0x8025, 0x7fba,
   0x8016, 0x8072, 0x80a0, 0x8090, 0x8053, 0x8062, 0x8072, 0x8053, 0x8006,
   0x7fe8, 0x7ff7, 0x7faa, 0x7f7c, 0x7fba, 0x7f9b, 0x7f4e, 0x7fba, 0x7fd8,
   0x7fba, 0x7ff7, 0x7fba, 0x7f8c, 0x7fba, 0x7f9b, 0x7ed4, 0x7ee3, 0x7ef2,
   0x7faa, 0x7faa, 0x7f7c, 0x7fc9, 0x7ff7, 0x8072, 0x8053, 0x8062, 0x8006,
   0x8006, 0x8044, 0x8053, 0x80ce, 0x8090, 0x8090, 0x8062, 0x80dd, 0x80ce,
   0x8072, 0x7ff7, 0x7ff7, 0x7fe8, 0x7faa, 0x7fe8, 0x7ff7, 0x8016, 0x7fd8,
   0x7faa, 0x7ed4, 0x7f11, 0x7faa, 0x7faa, 0x7fba, 0x8081, 0x80af, 0x8090,
   0x80be, 0x8072, 0x8016, 0x7fd8, 0x7fc9, 0x7fba, 0x7ff7, 0x7ff7, 0x8053,
   0x8053, 0x8062, 0x8044, 0x8006, 0x7f5e, 0x7fc9, 0x7fe8, 0x8044, 0x8034,
   0x7fc9, 0x8006, 0x7ff7, 0x8044, 0x8016, 0x8006, 0x8053, 0x8044, 0x8090,
   0x8025, 0x8053, 0x8044, 0x8062, 0x8034, 0x7fe8, 0x7ff7, 0x8044, 0x80af,
   0x8090, 0x80a0, 0x8025, 0x8006, 0x8016, 0x8090, 0x7f7c, 0x7fc9, 0x7f4e,
   0x7f11, 0x7f3f, 0x7f30, 0x8006, 0x7faa, 0x7f8c, 0x8006, 0x7fc9, 0x8006,
   0x8016, 0x7fe8, 0x8016, 0x7fe8, 0x80af, 0x80a0, 0x8062, 0x7fd8, 0x7f7c,
   0x7f5e, 0x7fe8, 0x8053, 0x8034, 0x7ff7, 0x7faa, 0x8006, 0x8044, 0x8006,
   0x8016, 0x7ff7, 0x7fd8, 0x7f6d, 0x7faa, 0x7f8c, 0x7f8c, 0x8006, 0x7f9b,
   0x7f6d, 0x7ed4, 0x7f11, 0x7ea6, 0x7f02, 0x7faa, 0x7f8c, 0x8006, 0x8006,
   0x8006, 0x8006, 0x7ff7, 0x7ff7, 0x8025, 0x7ff7, 0x7fc9, 0x7fba, 0x8006,
   0x8025, 0x8034, 0x8025, 0x8053, 0x8062, 0x8090, 0x8044, 0x8006, 0x7fd8,
   0x8016, 0x8025, 0x8044, 0x8062, 0x8081, 0x8090, 0x80af, 0x8034, 0x80a0,
   0x8072, 0x80a0, 0x8053, 0x8016, 0x8062, 0x8016, 0x8062, 0x8044, 0x8006,
   0x8006, 0x7f7c, 0x7f6d, 0x8044, 0x7fe8, 0x7f20, 0x7ec4, 0x7fd8, 0x7f7c,
   0x7fd8, 0x7f3f, 0x7fba, 0x8053, 0x80a0, 0x8053, 0x7fba, 0x8016, 0x8062,
   0x8025, 0x8053, 0x8016, 0x7fe8, 0x7fba, 0x7fba, 0x7faa, 0x8006, 0x7f9b,
   0x7fba, 0x8006, 0x7fd8, 0x7fd8, 0x7f4e, 0x7f20, 0x7f9b, 0x8081, 0x7fd8,
   0x8006, 0x8006, 0x7f9b, 0x7fe8, 0x8081, 0x7fe8, 0x8006, 0x7f4e, 0x7f3f,
   0x7f6d, 0x8025, 0x80a0, 0x80ce, 0x80be, 0x7fe8, 0x7ee3, 0x7f20, 0x7f02,
   0x7f30, 0x7fba, 0x7f9b, 0x7fd8, 0x7f8c, 0x7fba, 0x7fba, 0x7fc9, 0x7f7c,
   0x7f6d, 0x7f9b, 0x7fd8, 0x8034, 0x8053, 0x8090, 0x80af, 0x812a, 0x810b,
   0x8081, 0x80ce, 0x80af, 0x812a, 0x80af, 0x8034, 0x7fba, 0x7f7c, 0x7fe8,
   0x7ff7, 0x8053, 0x8072, 0x80ce, 0x8025, 0x8072, 0x80be, 0x80be, 0x8081,
   0x8006, 0x8062, 0x8062, 0x80ec, 0x80dd, 0x80dd, 0x8081, 0x7fd8, 0x7f9b,
   0x7f7c, 0x8016, 0x8081, 0x80a0, 0x80ce, 0x8081, 0x8053, 0x8034, 0x7faa,
   0x7faa, 0x7fe8, 0x8016, 0x8053, 0x80a0, 0x8053, 0x80a0, 0x8044, 0x8016,
   0x8006, 0x8006, 0x7fba, 0x7f7c, 0x7f8c, 0x7faa, 0x7fba, 0x7fe8, 0x7fd8,
   0x8034, 0x7f9b, 0x7f7c, 0x7f5e, 0x7ef2, 0x7fd8, 0x7f5e, 0x7faa, 0x8062,
   0x8081, 0x8053, 0x8072, 0x8025, 0x8034, 0x8034, 0x7fe8, 0x7fd8, 0x7fba,
   0x7ff7, 0x8025, 0x8072, 0x80af, 0x8081, 0x8044, 0x80be, 0x8072, 0x8081,
   0x8044, 0x8025, 0x8016, 0x8006, 0x7fd8, 0x7fc9, 0x7fc9, 0x8006, 0x8006,
   0x7f7c, 0x7f7c, 0x7fd8, 0x8044, 0x8025, 0x8062, 0x8044, 0x7ff7, 0x8044,
   0x8016, 0x8053, 0x7fe8, 0x7f02, 0x7ee3, 0x7f8c, 0x7fc9, 0x7fe8, 0x8025,
   0x8025, 0x80a0, 0x80fc, 0x8081, 0x8044, 0x80ce, 0x80be, 0x7fe8, 0x7ee3,
   0x7ea6, 0x7e0c, 0x7e96, 0x7ec4, 0x7faa, 0x7fd8, 0x8025, 0x8053, 0x8090,
   0x8090, 0x80af, 0x8062, 0x8006, 0x7f30, 0x7fd8, 0x7fe8, 0x8006, 0x8006,
   0x7ff7, 0x7fd8, 0x7fc9, 0x7fe8, 0x8025, 0x8053, 0x80a0, 0x8072, 0x8090,
   0x80af, 0x80dd, 0x80be, 0x7f8c, 0x7ea6, 0x7ef2, 0x7ee3, 0x7f30, 0x7ff7,
   0x8053, 0x8034, 0x7ff7, 0x8025, 0x8016, 0x7fe8, 0x7f11, 0x7faa, 0x7fe8,
   0x7ff7, 0x8016, 0x7fe8, 0x7fe8, 0x7f4e, 0x7f8c, 0x7f7c, 0x7fba, 0x7fc9,
   0x7f4e, 0x7f4e, 0x7f9b, 0x7fd8, 0x8044, 0x8072, 0x8072, 0x8044, 0x8081,
   0x8034, 0x8044, 0x8006, 0x8025, 0x7ff7, 0x7ff7, 0x8006, 0x8025, 0x8025,
   0x8072, 0x8034, 0x8062, 0x8016, 0x8006, 0x7faa, 0x7fe8, 0x8006, 0x7ff7,
   0x8016, 0x8044, 0x7fd8, 0x8006, 0x7f8c, 0x7fc9, 0x7fc9, 0x8006, 0x7fba,
   0x80a0, 0x811a, 0x8053, 0x8034, 0x7fba, 0x7fd8, 0x8025, 0x8006, 0x7fc9,
   0x8025, 0x8016, 0x7ff7, 0x7ff7, 0x8016, 0x8034, 0x7f8c, 0x7f8c, 0x7f4e,
   0x7faa, 0x7f9b, 0x7f4e, 0x7f7c, 0x7faa, 0x7f9b, 0x7f5e, 0x7f5e, 0x7f30,
   0x7f6d, 0x8025, 0x7fc9, 0x7f8c, 0x7f02, 0x7f30, 0x7f9b, 0x7fe8, 0x7f8c,
   0x7f3f, 0x7e96, 0x7ed4, 0x7f9b, 0x7f11, 0x7f8c, 0x7f9b, 0x7fc9, 0x7fc9,
   0x8016, 0x7ff7, 0x7fe8, 0x8034, 0x8016, 0x8044, 0x8006, 0x8044, 0x8044,
   0x8062, 0x8044, 0x7ff7, 0x8006, 0x8016, 0x8025, 0x7fe8, 0x7fba, 0x7f02,
   0x7f6d, 0x7f6d, 0x7f9b, 0x7fc9, 0x7fe8, 0x7ff7, 0x8006, 0x7fe8, 0x7fe8,
   0x7fe8, 0x7fba, 0x7fba, 0x7faa, 0x7f9b, 0x8016, 0x8062, 0x8062, 0x8053,
   0x8053, 0x80ec, 0x8081, 0x8034, 0x8025, 0x7ff7, 0x8044, 0x80a0, 0x8090,
   0x8081, 0x8006, 0x8016, 0x8062, 0x8062, 0x8062, 0x7ff7, 0x8025, 0x8016,
   0x8044, 0x8034, 0x7faa, 0x7f7c, 0x7f8c, 0x7f9b, 0x8016, 0x8025, 0x8044,
   0x8062, 0x8081, 0x80ce, 0x8034, 0x8062, 0x8081, 0x8025, 0x7f8c, 0x7e68,
   0x7e4a, 0x7ef2, 0x7fba, 0x7fd8, 0x7fd8, 0x8090, 0x8034, 0x7ff7, 0x8053,
   0x8053, 0x8034, 0x8044, 0x80ec, 0x80ce, 0x80ec, 0x80a0, 0x8053, 0x80ce,
   0x80ce, 0x80ce, 0x8062, 0x8053, 0x7ff7, 0x8025, 0x8006, 0x7fc9, 0x7f8c,
   0x8016, 0x8006, 0x7faa, 0x7f8c, 0x7fba, 0x7f8c, 0x7f9b, 0x7f4e, 0x7f3f,
   0x7ec4, 0x7f9b, 0x7fba, 0x8006, 0x8006, 0x7f7c, 0x7fba, 0x7f5e, 0x7fc9,
   0x7fc9, 0x7fc9, 0x8053, 0x80a0, 0x80af, 0x8006, 0x7f7c, 0x7ed4, 0x7ef2,
   0x7fba, 0x7fe8, 0x8006, 0x80a0, 0x80ec, 0x8158, 0x8200, 0x8148, 0x7fba,
   0x7e68, 0x7e78, 0x7ef2, 0x7faa, 0x7f8c, 0x7f9b, 0x7fd8, 0x7fe8, 0x7f4e,
   0x7f9b, 0x8044, 0x8016, 0x7fe8, 0x7fc9, 0x8025, 0x8006, 0x7f8c, 0x7fba,
   0x8016, 0x810b, 0x80ec, 0x80be, 0x8090, 0x8044, 0x7fd8, 0x7f9b, 0x7f20,
   0x7eb5, 0x7eb5, 0x7e96, 0x7ee3, 0x7f02, 0x7ed4, 0x7f8c, 0x8006, 0x8025,
   0x7ff7, 0x8034, 0x8025, 0x7fe8, 0x8016, 0x7ff7, 0x7fd8, 0x8016, 0x7fd8,
   0x7f30, 0x7ea6, 0x7ea6, 0x7e78, 0x7e96, 0x7f02, 0x7f02, 0x7f7c, 0x7f6d,
   0x7fd8, 0x7fc9, 0x8025, 0x8053, 0x8053, 0x8072, 0x80af, 0x8062, 0x80a0,
   0x8034, 0x8016, 0x7fe8, 0x8044, 0x8072, 0x8062, 0x8053, 0x8034, 0x80a0,
   0x8081, 0x8081, 0x810b, 0x810b, 0x80fc, 0x80be, 0x811a, 0x80dd, 0x8053,
   0x8016, 0x8062, 0x7fe8, 0x7f9b, 0x7fc9, 0x7fc9, 0x7f9b, 0x7fe8, 0x8044,
   0x8062, 0x8062, 0x80be, 0x810b, 0x8176, 0x8139, 0x80ce, 0x80dd, 0x8025,
   0x8016, 0x8081, 0x80dd, 0x80ec, 0x80a0, 0x8044, 0x8016, 0x8006, 0x8016,
   0x8072, 0x7ff7, 0x7ff7, 0x7f9b, 0x7f6d, 0x7f4e, 0x7f11, 0x7ed4, 0x7f5e,
   0x7f5e, 0x7faa, 0x7fd8, 0x8006, 0x8044, 0x7fba, 0x7fd8, 0x8006, 0x7f7c,
   0x7f7c, 0x7fe8, 0x8006, 0x8025, 0x8062, 0x8081, 0x8034, 0x8016, 0x7fba,
   0x7fc9, 0x7fd8, 0x7fd8, 0x8016, 0x8062, 0x8044, 0x7fd8, 0x7fc9, 0x8006,
   0x8044, 0x8053, 0x811a, 0x80ce, 0x80a0, 0x80dd, 0x8081, 0x80ec, 0x80dd,
   0x8081, 0x80a0, 0x8090, 0x8044, 0x7fc9, 0x7f7c, 0x7fd8, 0x8044, 0x8044,
   0x8034, 0x8053, 0x8090, 0x80a0, 0x80a0, 0x8025, 0x8034, 0x8062, 0x8034,
   0x8062, 0x8044, 0x8062, 0x80a0, 0x8044, 0x8062, 0x8081, 0x8044, 0x8016,
   0x8006, 0x8006, 0x8034, 0x80be, 0x810b, 0x810b, 0x810b, 0x80a0, 0x8006,
   0x8034, 0x7fe8, 0x7fc9, 0x7fc9, 0x7f11, 0x7f11, 0x7fc9, 0x8006, 0x8090,
   0x8053, 0x8090, 0x7f6d, 0x7fe8, 0x8016, 0x80a0, 0x8062, 0x8025, 0x8044,
   0x80dd, 0x8044, 0x8006, 0x7f7c, 0x8006, 0x8044, 0x7fe8, 0x8006, 0x8006,
   0x8034, 0x8034, 0x8062, 0x80a0, 0x8034, 0x7fba, 0x7f4e, 0x7fba, 0x7f11,
   0x7f30, 0x7fe8, 0x7ff7, 0x8062, 0x8016, 0x8081, 0x8006, 0x8006, 0x8062,
   0x8072, 0x8062, 0x8062, 0x8034, 0x8053, 0x7fc9, 0x8016, 0x8016, 0x7fd8,
   0x7fc9, 0x7f7c, 0x7fd8, 0x7fc9, 0x7f5e, 0x7f9b, 0x8006, 0x8016, 0x8006,
   0x7fc9, 0x7f02, 0x7ee3, 0x7f30, 0x7f4e, 0x7fc9, 0x7ff7, 0x8034, 0x8016,
   0x7fc9, 0x7f7c, 0x7fba, 0x7f8c, 0x7faa, 0x8006, 0x8025, 0x8006, 0x8072,
   0x8025, 0x8016, 0x7fba, 0x8016, 0x8081, 0x80be, 0x7ff7, 0x7fe8, 0x8016,
   0x8072, 0x8034, 0x8006, 0x7faa, 0x7faa, 0x7ff7, 0x8044, 0x8053, 0x7ff7,
   0x7fc9, 0x7f9b, 0x7f9b, 0x8016, 0x7faa, 0x7fc9, 0x8025, 0x7fba, 0x8006,
   0x8025, 0x80a0, 0x8034, 0x7fba, 0x8053, 0x8034, 0x8025, 0x8016, 0x8016,
   0x7fe8, 0x7fd8, 0x8006, 0x7fd8, 0x8025, 0x8025, 0x8081, 0x8025, 0x8090,
   0x80af, 0x7ff7, 0x7f6d, 0x7f20, 0x7f9b, 0x8006, 0x8044, 0x80ec, 0x80ce,
   0x7f9b, 0x7f9b, 0x7fe8, 0x7ff7, 0x7f5e, 0x7eb5, 0x7e2b, 0x7f6d, 0x8081,
   0x812a, 0x8090, 0x8062, 0x8062, 0x8006, 0x8006, 0x8006, 0x7f9b, 0x7f7c,
   0x8016, 0x8072, 0x8062, 0x80af, 0x80fc, 0x80dd, 0x7fe8, 0x7f11, 0x7f02,
   0x7f11, 0x7f6d, 0x7f8c, 0x7ff7, 0x8025, 0x8025, 0x8016, 0x8025, 0x8034,
   0x8053, 0x8044, 0x8053, 0x8006, 0x8025, 0x8006, 0x8006, 0x7f8c, 0x7f9b,
   0x7fc9, 0x8053, 0x8025, 0x8006, 0x7f6d, 0x7f30, 0x7fe8, 0x7fd8, 0x8016,
   0x8006, 0x7fc9, 0x7f9b, 0x7fd8, 0x8006, 0x8062, 0x8072, 0x8034, 0x80a0,
   0x8081, 0x8006, 0x7fe8, 0x8016, 0x7f4e, 0x7fc9, 0x7fe8, 0x7ff7, 0x7f8c,
   0x8006, 0x7fba, 0x7fc9, 0x7f9b, 0x7fc9, 0x7f02, 0x7f5e, 0x7fba, 0x7f9b,
   0x8006, 0x7ff7, 0x8034, 0x7ff7, 0x8044, 0x8025, 0x8006, 0x8044, 0x8025,
   0x8006, 0x8006, 0x8034, 0x8025, 0x7f9b, 0x7fe8, 0x8006, 0x8025, 0x7fe8,
   0x80ce, 0x80ec, 0x8044, 0x7fd8, 0x7f6d, 0x7f11, 0x7f6d, 0x8025, 0x8044,
   0x7faa, 0x8044, 0x80af, 0x8062, 0x8044, 0x7fd8, 0x7fc9, 0x7f11, 0x7f9b,
   0x8053, 0x8044, 0x8053, 0x8053, 0x7faa, 0x7f7c, 0x7f8c, 0x7faa, 0x7fe8,
   0x7fe8, 0x7faa, 0x7f6d, 0x7fd8, 0x8016, 0x8016, 0x8072, 0x8034, 0x8025,
   0x7ff7, 0x8006, 0x7f30, 0x8006, 0x8053, 0x8062, 0x8081, 0x80dd, 0x8148,
   0x8158, 0x80ec, 0x80ce, 0x80ce, 0x8090, 0x8081, 0x8044, 0x7fe8, 0x8034,
   0x80a0, 0x80a0, 0x8090, 0x8044, 0x8053, 0x8044, 0x8062, 0x7ff7, 0x7fd8,
   0x7ff7, 0x8016, 0x8053, 0x80a0, 0x8072, 0x80af, 0x8025, 0x8016, 0x7f4e,
   0x7f02, 0x7ff7, 0x8044, 0x8025, 0x7f8c, 0x8016, 0x8006, 0x8006, 0x8053,
   0x8053, 0x8081, 0x8176, 0x80ec, 0x811a, 0x80af, 0x8072, 0x7fba, 0x7f8c,
   0x7fd8, 0x7faa, 0x7faa, 0x7f7c, 0x7faa, 0x7f11, 0x7f20, 0x7f9b, 0x7fe8,
   0x7fe8, 0x7f8c, 0x8006, 0x8025, 0x8006, 0x7fd8, 0x8006, 0x7fe8, 0x7faa,
   0x8006, 0x8025, 0x8016, 0x8006, 0x7f9b, 0x7fd8, 0x7fe8, 0x7fc9, 0x8016,
   0x8006, 0x8006, 0x7fe8, 0x7fba, 0x7ff7, 0x8062, 0x8044, 0x7ff7, 0x8072,
   0x8053, 0x8044, 0x8044, 0x8016, 0x7fba, 0x7f30, 0x7ee3, 0x7f30, 0x7fd8,
   0x7ff7, 0x7fd8, 0x7f9b, 0x7faa, 0x7fba, 0x8006, 0x8016, 0x80a0, 0x8062,
   0x8081, 0x8062, 0x8090, 0x80be, 0x8072, 0x8034, 0x7fe8, 0x8025, 0x8044,
   0x8044, 0x8053, 0x8053, 0x8006, 0x8072, 0x8025, 0x8062, 0x8025, 0x8044,
   0x8053, 0x8081, 0x8044, 0x8034, 0x8053, 0x8053, 0x8034, 0x8006, 0x8016,
   0x7ff7, 0x8062, 0x8034, 0x8062, 0x80ec, 0x8081, 0x80a0, 0x8072, 0x80ec,
   0x8053, 0x8016, 0x7ee3, 0x7ef2, 0x7f20, 0x7f9b, 0x7f8c, 0x7f9b, 0x7ff7,
   0x8006, 0x8006, 0x7fd8, 0x8016, 0x8072, 0x8062, 0x7fc9, 0x7f6d, 0x7f7c,
   0x7f9b, 0x80a0, 0x8016, 0x8034, 0x80a0, 0x80ec, 0x8072, 0x8044, 0x8016,
   0x7f6d, 0x7f3f, 0x7f8c, 0x7f9b, 0x7f8c, 0x8034, 0x8006, 0x7fd8, 0x7fc9,
   0x7fba, 0x8044, 0x8062, 0x8090, 0x811a, 0x8053, 0x7fe8, 0x7f4e, 0x7f20,
   0x7f8c, 0x7ff7, 0x8006, 0x8081, 0x8053, 0x8006, 0x8025, 0x8025, 0x7fd8,
   0x7ee3, 0x7e3a, 0x7dde, 0x7e78, 0x7f8c, 0x8016, 0x80a0, 0x811a, 0x80ce,
   0x8090, 0x80a0, 0x80dd, 0x80be, 0x8016, 0x8044, 0x8044, 0x8062, 0x8025,
   0x7ff7, 0x7f7c, 0x7fba, 0x7ff7, 0x8006, 0x8006, 0x8044, 0x8072, 0x8006,
   0x7fd8, 0x7f7c, 0x7fc9, 0x8006, 0x8062, 0x7ff7, 0x7fc9, 0x8006, 0x8006,
   0x8034, 0x8090, 0x8053, 0x8044, 0x80af, 0x80a0, 0x8072, 0x8006, 0x8016,
   0x8006, 0x7f8c, 0x7fba, 0x7fc9, 0x7fd8, 0x7ff7, 0x7f7c, 0x7fc9, 0x7fc9,
   0x8062, 0x8044, 0x80a0, 0x8081, 0x8016, 0x7fe8, 0x7ff7, 0x8025, 0x8034,
   0x7fe8, 0x7f8c, 0x7fe8, 0x8062, 0x8053, 0x80a0, 0x80af, 0x8044, 0x80af,
   0x8090, 0x8072, 0x8062, 0x8025, 0x8016, 0x8034, 0x8062, 0x7f6d, 0x7f4e,
   0x8025, 0x7f7c, 0x8006, 0x8034, 0x8025, 0x80a0, 0x80be, 0x8044, 0x7fe8,
   0x7fe8, 0x7fd8, 0x8016, 0x8034, 0x8025, 0x8053, 0x7fc9, 0x7fc9, 0x7eb5,
   0x7e78, 0x7f20, 0x7f11, 0x7faa, 0x7f7c, 0x7fba, 0x7fe8, 0x7fba, 0x7fba,
   0x8062, 0x8062, 0x8016, 0x8025, 0x8016, 0x8072, 0x8062, 0x8006, 0x8016,
   0x8034, 0x8016, 0x8034, 0x7ff7, 0x7fe8, 0x8006, 0x7f8c, 0x7fd8, 0x8016,
   0x8025, 0x8072, 0x8081, 0x8062, 0x8025, 0x7fba, 0x7ec4, 0x7f20, 0x7f9b,
   0x8044, 0x80dd, 0x8034, 0x8025, 0x8034, 0x8034, 0x8053, 0x8044, 0x7fc9,
   0x7fc9, 0x8006, 0x8006, 0x8006, 0x7fe8, 0x7fba, 0x8034, 0x80af, 0x80dd,
   0x80af, 0x8090, 0x8081, 0x8034, 0x8016, 0x8025, 0x7fc9, 0x7fc9, 0x7fba,
   0x7faa, 0x8025, 0x8006, 0x8016, 0x7fba, 0x7faa, 0x7faa, 0x8044, 0x80a0,
   0x80af, 0x8034, 0x8034, 0x8034, 0x7fe8, 0x8034, 0x8072, 0x8016, 0x8044,
   0x8090, 0x8006, 0x7fe8, 0x7ff7, 0x8025, 0x8044, 0x80af, 0x8072, 0x8016,
   0x8044, 0x7fe8, 0x7f20, 0x7f4e, 0x8034, 0x8034, 0x7ff7, 0x8006, 0x8016,
   0x8072, 0x8053, 0x8062, 0x8090, 0x8006, 0x8025, 0x8034, 0x7fc9, 0x7fe8,
   0x7faa, 0x7f9b, 0x7f3f, 0x7f30, 0x7f6d, 0x8034, 0x8016, 0x7fd8, 0x8016,
   0x7ff7, 0x7fba, 0x8044, 0x80af, 0x80be, 0x8062, 0x7ff7, 0x7fe8, 0x8006,
   0x8006, 0x7fd8, 0x7faa, 0x7f7c, 0x8006, 0x8006, 0x8062, 0x80af, 0x8044,
   0x80ec, 0x80ec, 0x8148, 0x81a4, 0x80ce, 0x8072, 0x80be, 0x80ce, 0x8025,
   0x7fc9, 0x7f8c, 0x7e78, 0x7f9b, 0x7faa, 0x7fd8, 0x7faa, 0x8044, 0x8072,
   0x8016, 0x7fba, 0x7fc9, 0x8034, 0x8016, 0x7fc9, 0x8044, 0x80a0, 0x8044,
   0x7fd8, 0x7ff7, 0x7fc9, 0x7fe8, 0x8006, 0x80ce, 0x80be, 0x8176, 0x81a4,
   0x8148, 0x8090, 0x7f02, 0x7e68, 0x7e78, 0x7ef2, 0x7f5e, 0x7f9b, 0x7fc9,
   0x8053, 0x8034, 0x812a, 0x8210, 0x8200, 0x80ce, 0x7f5e, 0x7e2b, 0x7dde,
   0x7dee, 0x7e68, 0x7ee3, 0x7faa, 0x7f9b, 0x7f20, 0x7f7c, 0x7ff7, 0x7f8c,
   0x7f6d, 0x7f9b, 0x7f7c, 0x8034, 0x8016, 0x8006, 0x7ff7, 0x8044, 0x8044,
   0x7fe8, 0x8006, 0x8072, 0x8090, 0x80dd, 0x80ce, 0x80be, 0x8053, 0x8006,
   0x8072, 0x8044, 0x8006, 0x7faa, 0x7f3f, 0x8006, 0x7ff7, 0x8025, 0x8025,
   0x8044, 0x8081, 0x8081, 0x8044, 0x8072, 0x80be, 0x8034, 0x7fba, 0x7ed4,
   0x7faa, 0x8006, 0x7ff7, 0x7fd8, 0x8025, 0x7ff7, 0x7fe8, 0x7fd8, 0x8090,
   0x80ce, 0x7fba, 0x7eb5, 0x7dc0, 0x7e96, 0x7f4e, 0x7faa, 0x7faa, 0x7fba,
   0x7fba, 0x8006, 0x8053, 0x8016, 0x7fba, 0x7f8c, 0x8006, 0x7ff7, 0x7ff7,
   0x7fba, 0x7f6d, 0x8006, 0x8006, 0x7f6d, 0x7ef2, 0x7f8c, 0x7f20, 0x7faa,
   0x8025, 0x8062, 0x8053, 0x8090, 0x8090, 0x8090, 0x8053, 0x8044, 0x8062,
   0x8034, 0x8072, 0x8025, 0x7fe8, 0x8053, 0x8072, 0x8062, 0x8090, 0x8034,
   0x8034, 0x8044, 0x8053, 0x8081, 0x8044, 0x8025, 0x7ff7, 0x8062, 0x8034,
   0x7f3f, 0x7f8c, 0x7fba, 0x8006, 0x8062, 0x8090, 0x8081, 0x7ff7, 0x8072,
   0x80ec, 0x8062, 0x7f6d, 0x7ee3, 0x7e4a, 0x7e87, 0x7f20, 0x7f8c, 0x7fba,
   0x7fba, 0x7fe8, 0x8072, 0x8072, 0x8062, 0x8044, 0x8034, 0x8044, 0x8044,
   0x8044, 0x8025, 0x8044, 0x8044, 0x8006, 0x7faa, 0x7f9b, 0x7f8c, 0x7f7c,
   0x7faa, 0x7f30, 0x7ff7, 0x8016, 0x8006, 0x8006, 0x8053, 0x8006, 0x8025,
   0x8025, 0x7ff7, 0x8090, 0x80af, 0x8034, 0x8006, 0x80ce, 0x811a, 0x80a0,
   0x80a0, 0x8006, 0x7fd8, 0x7fba, 0x7ff7, 0x80af, 0x80ce, 0x8081, 0x7fe8,
   0x7fd8, 0x7f8c, 0x7fe8, 0x8025, 0x7faa, 0x8006, 0x7f8c, 0x7f6d, 0x7fba,
   0x7ff7, 0x7f6d, 0x7f7c, 0x7fe8, 0x8053, 0x8016, 0x8081, 0x8006, 0x8006,
   0x8025, 0x8090, 0x8034, 0x8062, 0x8044, 0x7fe8, 0x8006, 0x8006, 0x8025,
   0x8006, 0x7ff7, 0x7fc9, 0x7ef2, 0x7f02, 0x7f30, 0x7f7c, 0x8006, 0x8034,
   0x8044, 0x8044, 0x8081, 0x8081, 0x80ce, 0x8053, 0x8025, 0x7fc9, 0x7fc9,
   0x7f02, 0x7f20, 0x7fc9, 0x7fc9, 0x7fe8, 0x8025, 0x7fba, 0x7f8c, 0x7ff7,
   0x8025, 0x8062, 0x8062, 0x8006, 0x7fba, 0x7f6d, 0x8062, 0x80af, 0x8081,
   0x80be, 0x80be, 0x8006, 0x7f5e, 0x7f9b, 0x8006, 0x8006, 0x8006, 0x8016,
   0x8034, 0x8006, 0x7ff7, 0x8006, 0x7f7c, 0x7f6d, 0x7f30, 0x7f8c, 0x7fba,
   0x7fba, 0x8016, 0x8006, 0x8034, 0x8053, 0x8053, 0x8062, 0x8053, 0x8090,
   0x80be, 0x8081, 0x7fba, 0x7f3f, 0x7f9b, 0x7fe8, 0x7fe8, 0x8044, 0x8016,
   0x80be, 0x8053, 0x7fd8, 0x7f4e, 0x7fd8, 0x8025, 0x8025, 0x8016, 0x8062,
   0x7ff7, 0x7faa, 0x7f7c, 0x7faa, 0x8034, 0x80ce, 0x8062, 0x7fba, 0x7ec4,
   0x7f02, 0x7faa, 0x7ff7, 0x8025, 0x7faa, 0x7faa, 0x8006, 0x7fe8, 0x7f7c,
   0x8034, 0x8034, 0x8053, 0x8016, 0x8006, 0x7faa, 0x7fba, 0x7faa, 0x7fe8,
   0x8081, 0x8044, 0x8072, 0x8081, 0x80be, 0x80af, 0x8090, 0x8090, 0x80ce,
   0x8072, 0x8062, 0x8072, 0x7ff7, 0x7fe8, 0x8072, 0x8044, 0x8053, 0x80af,
   0x8025, 0x8006, 0x7fc9, 0x8025, 0x8090, 0x80ce, 0x8062, 0x80a0, 0x8090,
   0x8090, 0x7fe8, 0x8016, 0x7fba, 0x8072, 0x8090, 0x80ec, 0x8176, 0x812a,
   0x80fc, 0x8062, 0x80af, 0x80ce, 0x80fc, 0x8062, 0x8025, 0x8044, 0x8081,
   0x8090, 0x8072, 0x8072, 0x8053, 0x8016, 0x7fc9, 0x7f20, 0x7f7c, 0x8016,
   0x8053, 0x8072, 0x80ce, 0x8006, 0x8034, 0x8006, 0x7f7c, 0x7f7c, 0x7f3f,
   0x7f6d, 0x7f6d, 0x7fba, 0x7fc9, 0x7f8c, 0x7f8c, 0x7faa, 0x8006, 0x7fd8,
   0x8025, 0x8006, 0x7fe8, 0x7faa, 0x7ed4, 0x7da1, 0x7da1, 0x7e96, 0x8025,
   0x80dd, 0x8176, 0x8167, 0x80fc, 0x8072, 0x8006, 0x7f7c, 0x7f8c, 0x7faa,
   0x7faa, 0x7ff7, 0x7fe8, 0x7ff7, 0x7fe8, 0x8053, 0x8016, 0x8044, 0x8006,
   0x8016, 0x7fd8, 0x8006, 0x8062, 0x8044, 0x7fd8, 0x7ff7, 0x7f20, 0x7f11,
   0x7f20, 0x7f7c, 0x8025, 0x8081, 0x80ce, 0x8090, 0x8025, 0x7f20, 0x7f8c,
   0x7f9b, 0x8006, 0x8044, 0x8025, 0x8016, 0x8034, 0x8016, 0x7fba, 0x7fd8,
   0x7fe8, 0x8034, 0x8053, 0x80af, 0x80fc, 0x8186, 0x8167, 0x80ec, 0x8053,
   0x8016, 0x8016, 0x8044, 0x8006, 0x8025, 0x7fe8, 0x8016, 0x8053, 0x8034,
   0x8053, 0x8034, 0x7f02, 0x7ed4, 0x7e68, 0x7da1, 0x7dcf, 0x7e3a, 0x7eb5,
   0x7e87, 0x7e96, 0x7f11, 0x7ed4, 0x7f9b, 0x7fba, 0x7fd8, 0x7fe8, 0x8053,
   0x80a0, 0x80a0, 0x8081, 0x8034, 0x7fe8, 0x8006, 0x8006, 0x8025, 0x8006,
   0x8006, 0x8044, 0x8062, 0x8053, 0x7fd8, 0x7f8c, 0x7faa, 0x7ff7, 0x7fc9,
   0x7f8c, 0x7f20, 0x7f8c, 0x7f3f, 0x8034, 0x8072, 0x8072, 0x80dd, 0x8090,
   0x8034, 0x8053, 0x7fd8, 0x8006, 0x8034, 0x8053, 0x80a0, 0x80af, 0x8081,
   0x8006, 0x8062, 0x8053, 0x8081, 0x80fc, 0x80ec, 0x80af, 0x810b, 0x8195,
   0x812a, 0x811a, 0x8081, 0x8044, 0x7fc9, 0x8006, 0x7fe8, 0x7fba, 0x7fba,
   0x7f6d, 0x7f8c, 0x7fc9, 0x7fba, 0x8006, 0x8006, 0x7fc9, 0x7fd8, 0x7f8c,
   0x7f3f, 0x7fe8, 0x8053, 0x8025, 0x8044, 0x8072, 0x8090, 0x8139, 0x8167,
   0x811a, 0x8090, 0x8006, 0x7fe8, 0x7f20, 0x8016, 0x8006, 0x7f7c, 0x7fd8,
   0x7ee3, 0x7e59, 0x7e96, 0x7ec4, 0x7f11, 0x7f9b, 0x7f11, 0x7f9b, 0x7faa,
   0x7f7c, 0x7f8c, 0x8006, 0x7ff7, 0x7fd8, 0x8006, 0x8016, 0x8081, 0x80ec,
   0x8090, 0x8062, 0x8062, 0x8062, 0x8006, 0x8006, 0x7ff7, 0x7ff7, 0x7faa,
   0x7fd8, 0x7fe8, 0x8044, 0x8072, 0x8053, 0x8025, 0x8062, 0x80be, 0x8062,
   0x810b, 0x80a0, 0x8016, 0x8034, 0x8006, 0x7f02, 0x7ef2, 0x7f4e, 0x7ef2,
   0x7fc9, 0x8034, 0x80af, 0x8081, 0x80fc, 0x8081, 0x7ff7, 0x7f9b, 0x7f3f,
   0x7f7c, 0x7fba, 0x7fba, 0x8006, 0x8025, 0x8016, 0x8006, 0x8072, 0x8025,
   0x7f8c, 0x7e68, 0x7e78, 0x7ef2, 0x7fba, 0x7fe8, 0x7fe8, 0x8034, 0x8016,
   0x8016, 0x7fba, 0x7f02, 0x7e59, 0x7f5e, 0x7fc9, 0x8016, 0x7ee3, 0x7ec4,
   0x7e2b, 0x7dde, 0x7e87, 0x8006, 0x810b, 0x811a, 0x80ec, 0x80a0, 0x80af,
   0x8090, 0x8053, 0x8072, 0x8062, 0x8034, 0x8044, 0x8025, 0x8016, 0x7fc9,
   0x7f9b, 0x7fd8, 0x8016, 0x7ff7, 0x7fe8, 0x7ff7, 0x8006, 0x8044, 0x8053,
   0x8090, 0x8016, 0x7ff7, 0x8044, 0x8062, 0x8062, 0x7fe8, 0x7fe8, 0x7fba,
   0x7faa, 0x7f9b, 0x7f9b, 0x7f20, 0x7f11, 0x7ff7, 0x8072, 0x80a0, 0x8090,
   0x8016, 0x8016, 0x8053, 0x7fe8, 0x7f6d, 0x7fc9, 0x7fc9, 0x7fc9, 0x7fc9,
   0x7fd8, 0x7f4e, 0x7faa, 0x7ff7, 0x7f7c, 0x7faa, 0x7fd8, 0x8006, 0x8053,
   0x8062, 0x8006, 0x7ff7, 0x8016, 0x7fd8, 0x7f02, 0x7f6d, 0x7f30, 0x7f5e,
   0x8025, 0x7fc9, 0x8025, 0x8072, 0x8081, 0x80a0, 0x8053, 0x8006, 0x7fd8,
   0x7fe8, 0x7fc9, 0x8006, 0x7fc9, 0x7f9b, 0x7f9b, 0x7faa, 0x7f30, 0x7f9b,
   0x7f6d, 0x7fd8, 0x8081, 0x80be, 0x8072, 0x8006, 0x7f8c, 0x7f3f, 0x7f6d,
   0x7f20, 0x7f9b, 0x8016, 0x8044, 0x8025, 0x8034, 0x8006, 0x8006, 0x8006,
   0x7fc9, 0x7fe8, 0x8006, 0x7f30, 0x7fe8, 0x8025, 0x8044, 0x80a0, 0x80fc,
   0x8016, 0x7fba, 0x7ff7, 0x8025, 0x80a0, 0x80a0, 0x8081, 0x8006, 0x7f5e,
   0x7fba, 0x7faa, 0x8006, 0x7fc9, 0x7f8c, 0x7f9b, 0x7f3f, 0x7ec4, 0x7fc9,
   0x7fc9, 0x8016, 0x80be, 0x8072, 0x80dd, 0x8072, 0x80ec, 0x80dd, 0x8053,
   0x8016, 0x7f30, 0x7f7c, 0x8025, 0x7ff7, 0x8025, 0x8034, 0x7f7c, 0x7ff7,
   0x8016, 0x8025, 0x8016, 0x7ff7, 0x7fc9, 0x8006, 0x8044, 0x8034, 0x8006,
   0x7faa, 0x7f4e, 0x7f20, 0x7f30, 0x7fba, 0x7fba, 0x7fc9, 0x7fe8, 0x8044,
   0x8016, 0x8053, 0x80a0, 0x8090, 0x8006, 0x7fd8, 0x7faa, 0x7ff7, 0x8053,
   0x8053, 0x8006, 0x7f9b, 0x7fe8, 0x8090, 0x80ec, 0x80dd, 0x80ce, 0x8006,
   0x7f5e, 0x7ea6, 0x7e78, 0x7dfd, 0x7eb5, 0x7eb5, 0x7f02, 0x7f02, 0x7fba,
   0x7fd8, 0x7ff7, 0x7f9b, 0x7f9b, 0x8006, 0x8025, 0x7fba, 0x7ff7, 0x8034,
   0x8016, 0x7fd8, 0x7ff7, 0x7fd8, 0x7faa, 0x7f9b, 0x7f6d, 0x7f6d, 0x7f6d,
   0x7fd8, 0x8044, 0x8034, 0x8072, 0x8072, 0x8016, 0x7f8c, 0x7f20, 0x7ea6,
   0x7ec4, 0x7fba, 0x8025, 0x8081, 0x8081, 0x80ce, 0x8053, 0x8072, 0x8072,
   0x80a0, 0x8072, 0x8006, 0x8006, 0x7f3f, 0x7f3f, 0x7f7c, 0x7f6d, 0x8053,
   0x8081, 0x80af, 0x80a0, 0x8016, 0x8090, 0x8081, 0x8044, 0x7f6d, 0x7f6d,
   0x7fba, 0x7fc9, 0x7ff7, 0x7fd8, 0x7ff7, 0x7fc9, 0x7fd8, 0x8053, 0x80ec,
   0x80dd, 0x80ce, 0x80dd, 0x80ec, 0x812a, 0x80a0, 0x8006, 0x7faa, 0x7fc9,
   0x8025, 0x8025, 0x8025, 0x8016, 0x8006, 0x7fe8, 0x7fba, 0x7f02, 0x7f3f,
   0x7e3a, 0x7e87, 0x7f7c, 0x8025, 0x8025, 0x80fc, 0x811a, 0x8139, 0x8186,
   0x81b4, 0x81b4, 0x80af, 0x7f7c, 0x7dee, 0x7dee, 0x7e1c, 0x7e0c, 0x7ea6,
   0x7e96, 0x7ed4, 0x7f5e, 0x8006, 0x7ff7, 0x8062, 0x7ff7, 0x8053, 0x8062,
   0x7ff7, 0x7f9b, 0x7f8c, 0x7f9b, 0x7f9b, 0x7ff7, 0x80af, 0x8034, 0x8053,
   0x8006, 0x8006, 0x7fe8, 0x8006, 0x8081, 0x8044, 0x7ff7, 0x8016, 0x8090,
   0x8090, 0x7fe8, 0x8062, 0x80a0, 0x80ce, 0x8053, 0x8072, 0x8044, 0x7fba,
   0x7f7c, 0x7f02, 0x7f02, 0x7ef2, 0x7eb5, 0x7ef2, 0x7fba, 0x8006, 0x8006,
   0x7f3f, 0x7f11, 0x7f7c, 0x7f3f, 0x7ff7, 0x8062, 0x8034, 0x7fd8, 0x7fba,
   0x7fd8, 0x7faa, 0x8016, 0x8025, 0x7ff7, 0x8053, 0x7ff7, 0x8016, 0x8034,
   0x8025, 0x7fd8, 0x7fd8, 0x7fd8, 0x7fba, 0x7f7c, 0x7fba, 0x7f4e, 0x7f7c,
   0x8016, 0x8053, 0x8006, 0x7fe8, 0x8034, 0x8090, 0x80af, 0x8006, 0x7f7c,
   0x7ff7, 0x7ff7, 0x8025, 0x8025, 0x8016, 0x8006, 0x8062, 0x8044, 0x8006,
   0x7f4e, 0x7ef2, 0x7f11, 0x7f7c, 0x7f9b, 0x7fe8, 0x8006, 0x7ff7, 0x8025,
   0x8025, 0x8006, 0x7ff7, 0x7fc9, 0x7ff7, 0x7faa, 0x7fe8, 0x8016, 0x8081,
   0x8090, 0x812a, 0x8139, 0x7f8c, 0x7f5e, 0x7fd8, 0x8053, 0x8072, 0x8081,
   0x8053, 0x80dd, 0x80ce, 0x80a0, 0x8034, 0x8025, 0x7f9b, 0x7ef2, 0x7f3f,
   0x7f5e, 0x7ef2, 0x7f20, 0x7f5e, 0x7f4e, 0x7ee3, 0x7ef4, 0x7f7c, 0x7fba,
   0x7fd8, 0x80be, 0x812a, 0x812a, 0x7f9b, 0x7f20, 0x7f4e, 0x7f6d, 0x7f6d,
   0x7fd8, 0x7f7c, 0x7f30, 0x7f7c, 0x8006, 0x7fd8, 0x8006, 0x80be, 0x80ce,
   0x8139, 0x8158, 0x8044, 0x8062, 0x7fd8, 0x7ff7, 0x8062, 0x8006, 0x7fc9,
   0x7fba, 0x7f20, 0x7f4e, 0x7fd8, 0x7faa, 0x7f8c, 0x8081, 0x7fc9, 0x8016,
   0x80be, 0x811a, 0x80fc, 0x811a, 0x7ff7, 0x7f11, 0x7f4e, 0x7faa, 0x7f9b,
   0x8034, 0x8044, 0x8016, 0x7ff7, 0x8044, 0x8072, 0x80dd, 0x80ce, 0x8016,
   0x7faa, 0x7f7c, 0x7fc9, 0x7f9b, 0x7f8c, 0x7f6d, 0x7faa, 0x7f9b, 0x7fba,
   0x7f8c, 0x7fc9, 0x7fba, 0x7faa, 0x7ff7, 0x8081, 0x8053, 0x8025, 0x8016,
   0x8006, 0x7f11, 0x7f8c, 0x7f9b, 0x8006, 0x7fd8, 0x7fe8, 0x7f8c, 0x7ee3,
   0x7f02, 0x7f9b, 0x7fd8, 0x7f8c, 0x7f9b, 0x7faa, 0x8062, 0x8081, 0x7fe8,
   0x7fc9, 0x7ff7, 0x8072, 0x8025, 0x7fba, 0x7ff7, 0x8062, 0x8034, 0x8034,
   0x8081, 0x7faa, 0x7ef2, 0x7e59, 0x7e59, 0x7e78, 0x7f7c, 0x7f7c, 0x7fba,
   0x7fd8, 0x7ff7, 0x8006, 0x80a0, 0x8006, 0x7f9b, 0x7fc9, 0x7f4e, 0x7f3f,
   0x7eb5, 0x7e68, 0x7ee3, 0x7f7c, 0x7ff7, 0x7fba, 0x8081, 0x8072, 0x80a0,
   0x8062, 0x80ec, 0x8072, 0x8025, 0x8044, 0x7ff7, 0x8006, 0x7fe8, 0x8025,
   0x8006, 0x7fc9, 0x7ee3, 0x7ed4, 0x7f7c, 0x7f8c, 0x7faa, 0x7faa, 0x7fc9,
   0x7faa, 0x7f8c, 0x7faa, 0x8006, 0x80a0, 0x8062, 0x8034, 0x8016, 0x7fe8,
   0x7f7c, 0x7f6d, 0x7faa, 0x8053, 0x8006, 0x8006, 0x7ff7, 0x7ff7, 0x7f9b,
   0x8006, 0x8081, 0x8081, 0x8016, 0x7ed4, 0x7f5e, 0x8044, 0x80af, 0x80a0,
   0x7faa, 0x7e87, 0x7f02, 0x7e87, 0x7f02, 0x8025, 0x8081, 0x80a0, 0x8044,
   0x8006, 0x8044, 0x8025, 0x8062, 0x8044, 0x80a0, 0x8053, 0x8016, 0x7ff7,
   0x8016, 0x8016, 0x8006, 0x8062, 0x8072, 0x8053, 0x7ff7, 0x7fc9, 0x8006,
   0x8006, 0x7fe8, 0x8006, 0x8090, 0x7fd8, 0x80af, 0x80a0, 0x8053, 0x8025,
   0x7fd8, 0x7f8c, 0x7f20, 0x7f7c, 0x7f4e, 0x7f8c, 0x7f20, 0x7f4e, 0x7f5e,
   0x8006, 0x8016, 0x7fe8, 0x7fd8, 0x8025, 0x8006, 0x8034, 0x7fd8, 0x8053,
   0x7fc9, 0x8034, 0x8044, 0x8034, 0x7fd8, 0x8006, 0x8044, 0x8053, 0x8062,
   0x8044, 0x7ff7, 0x8025, 0x8016, 0x8006, 0x7ff7, 0x7f8c, 0x7f8c, 0x7f8c,
   0x7f7c, 0x7f30, 0x7f20, 0x7ea6, 0x7faa, 0x8006, 0x8025, 0x7faa, 0x7f9b,
   0x7ff7, 0x8025, 0x8006, 0x8006, 0x8006, 0x7fba, 0x8006, 0x8016, 0x8006,
   0x7ff7, 0x7fc9, 0x7f8c, 0x7fba, 0x7fba, 0x7f4e, 0x8006, 0x8044, 0x8034,
   0x8044, 0x8062, 0x8081, 0x8016, 0x8034, 0x7ff7, 0x8062, 0x8025, 0x8025,
   0x8016, 0x8044, 0x8006, 0x8006, 0x7fba, 0x7faa, 0x7faa, 0x7fc9, 0x7f8c,
   0x8016, 0x8034, 0x8016, 0x8053, 0x8044, 0x8016, 0x8072, 0x8016, 0x7fba,
   0x7f30, 0x7f02, 0x7ef2, 0x7fd8, 0x7faa, 0x8034, 0x8072, 0x80a0, 0x8090,
   0x80fc, 0x80be, 0x8090, 0x80af, 0x80dd, 0x810b, 0x80ce, 0x80a0, 0x7fe8,
   0x7fd8, 0x8034, 0x8034, 0x8006, 0x8044, 0x7fc9, 0x7f6d, 0x7f6d, 0x7f5e,
   0x8034, 0x80af, 0x8053, 0x8062, 0x8053, 0x8062, 0x8034, 0x8025, 0x8081,
   0x7fe8, 0x7ff7, 0x8025, 0x8090, 0x7fe8, 0x7fc9, 0x7f02, 0x7ee3, 0x7f11,
   0x8006, 0x8016, 0x8044, 0x8044, 0x7fe8, 0x8006, 0x7f5e, 0x7f11, 0x7f8c,
   0x8016, 0x8034, 0x8016, 0x8016, 0x8016, 0x8062, 0x7fd8, 0x8006, 0x8062,
   0x7ff7, 0x7fd8, 0x7ed4, 0x7e0c, 0x7eb5, 0x7f30, 0x7faa, 0x8053, 0x8072,
   0x8053, 0x8016, 0x8053, 0x7fba, 0x7f4e, 0x7f9b, 0x7fba, 0x7fd8, 0x80ec,
   0x80af, 0x8044, 0x8006, 0x8016, 0x7fd8, 0x7fd8, 0x8006, 0x8062, 0x8016,
   0x8016, 0x8053, 0x7ff7, 0x8025, 0x8081, 0x7fd8, 0x7f30, 0x7f3f, 0x7f9b,
   0x8034, 0x7fe8, 0x7f4e, 0x7ef2, 0x7f7c, 0x8053, 0x80a0, 0x80ce, 0x80be,
   0x8006, 0x7f20, 0x7e4a, 0x7e59, 0x7dfd, 0x7e68, 0x7f11, 0x7f9b, 0x8016,
   0x8034, 0x7fd8, 0x7fba, 0x7f9b, 0x7f5e, 0x7f8c, 0x7f3f, 0x7ec4, 0x7e96,
   0x7fc9, 0x7fd8, 0x7fe8, 0x7fe8, 0x7fd8, 0x7f9b, 0x7faa, 0x7fc9, 0x8016,
   0x7fe8, 0x8006, 0x8006, 0x8006, 0x8006, 0x7f9b, 0x8006, 0x8034, 0x8044,
   0x8016, 0x7ff7, 0x7ed4, 0x7f20, 0x8016, 0x8006, 0x8006, 0x7ff7, 0x8025,
   0x7ff7, 0x7f9b, 0x7ec4, 0x7eb5, 0x7ef2, 0x7f20, 0x7f5e, 0x7f6d, 0x7f9b,
   0x7f6d, 0x8006, 0x7fba, 0x7ff7, 0x7fda, 0x8017, 0x8016, 0x80ce, 0x8139,
   0x80af, 0x8025, 0x8062, 0x7fba, 0x8016, 0x8044, 0x8016, 0x80a0, 0x8062,
   0x7fba, 0x7ff7, 0x8044, 0x8044, 0x8072, 0x8016, 0x8148, 0x811a, 0x8158,
   0x80af, 0x8006, 0x7fba, 0x7fe8, 0x8016, 0x8006, 0x8044, 0x8034, 0x8044,
   0x8006, 0x7f8c, 0x7f4e, 0x7fe8, 0x8034, 0x80fc, 0x80be, 0x8044, 0x7f02,
   0x7f02, 0x7f7c, 0x7ee3, 0x7ec4, 0x7f02, 0x7f11, 0x7f30, 0x7f11, 0x7f02,
   0x7f11, 0x7f6d, 0x7fba, 0x7fc9, 0x8016, 0x8081, 0x8090, 0x8062, 0x80ce,
   0x8062, 0x8006, 0x7fd8, 0x8006, 0x8016, 0x8053, 0x8044, 0x8034, 0x8025,
   0x8006, 0x8006, 0x8006, 0x8006, 0x8016, 0x8053, 0x8034, 0x8090, 0x8062,
   0x80ce, 0x8072, 0x7ff7, 0x7fe8, 0x7f7c, 0x7f8c, 0x7faa, 0x7fba, 0x8044,
   0x8006, 0x8016, 0x7ff7, 0x8006, 0x7ff7, 0x8016, 0x8090, 0x8044, 0x80af,
   0x8081, 0x8006, 0x7f6d, 0x7fe8, 0x8016, 0x8062, 0x8072, 0x8006, 0x8025,
   0x8006, 0x8006, 0x7fba, 0x7fd8, 0x7f7c, 0x7f7c, 0x7f9b, 0x7f30, 0x7f3f,
   0x7faa, 0x7ff7, 0x80dd, 0x80af, 0x8081, 0x80a0, 0x8053, 0x8034, 0x7ff7,
   0x7fc9, 0x7f11, 0x7f5e, 0x7f11, 0x7f5e, 0x7f7c, 0x7f4e, 0x7f3f, 0x7f9b,
   0x8006, 0x80af, 0x8072, 0x8006, 0x7fe8, 0x7fe8, 0x8044, 0x7ff7, 0x8072,
   0x8072, 0x7fc9, 0x7f7c, 0x7f6d, 0x7f4e, 0x7f9b, 0x7fe8, 0x8034, 0x8025,
   0x7fe8, 0x8081, 0x80be, 0x8044, 0x8053, 0x80dd, 0x8053, 0x8062, 0x80dd,
   0x80af, 0x8062, 0x8025, 0x8090, 0x8081, 0x8053, 0x8016, 0x8006, 0x8016,
   0x7fc9, 0x7fd8, 0x8025, 0x8044, 0x7fd8, 0x8025, 0x8016, 0x8006, 0x7e96,
   0x7ea6, 0x7e87, 0x7ed4, 0x7ea6, 0x7ed4, 0x7f4e, 0x7f4e, 0x7f11, 0x7f11,
   0x7f30, 0x7f9b, 0x7fc9, 0x8016, 0x8044, 0x80af, 0x80ce, 0x8062, 0x8072,
   0x7fd8, 0x7f9b, 0x7f3f, 0x8006, 0x8025, 0x7fba, 0x7fba, 0x8016, 0x7fba,
   0x7f9b, 0x7f8c, 0x7f4e, 0x7f4e, 0x7fba, 0x7faa, 0x7f6d, 0x7fe8, 0x7f5e,
   0x7f8d, 0x7f6d, 0x7fba, 0x8025, 0x8081, 0x8025, 0x8062, 0x8090, 0x80af,
   0x80fc, 0x8034, 0x8034, 0x8081, 0x8044, 0x8006, 0x8025, 0x8034, 0x8034,
   0x7fd8, 0x7f5e, 0x7fba, 0x7f7c, 0x7f3f, 0x7f8c, 0x7f4e, 0x7f30, 0x7f5e,
   0x7fc9, 0x7fe8, 0x7f6d, 0x7f5e, 0x7fd8, 0x7f20, 0x7f6d, 0x7f3f, 0x7f20,
   0x7f5e, 0x7fc9, 0x7ff7, 0x7f8c, 0x7f3f, 0x7f6d, 0x7fba, 0x8006, 0x8006,
   0x7fc9, 0x7ff7, 0x7fe8, 0x7f5e, 0x7f8c, 0x8016, 0x7fe8, 0x8034, 0x8053,
   0x8006, 0x7fd8, 0x8053, 0x8034, 0x8034, 0x8090, 0x80ce, 0x8044, 0x8053,
   0x7fc9, 0x7fd8, 0x7fc9, 0x8034, 0x8072, 0x8053, 0x8034, 0x8044, 0x7ff7,
   0x8006, 0x8006, 0x7fd8, 0x8016, 0x7f02, 0x7e68, 0x7ea6, 0x7e96, 0x7e78,
   0x7f30, 0x7faa, 0x7fe8, 0x8006, 0x8034, 0x80a0, 0x8053, 0x8053, 0x8034,
   0x8006, 0x8006, 0x7fe8, 0x7f4e, 0x7f20, 0x7f02, 0x7f9b, 0x7fc9, 0x7f9b,
   0x7fba, 0x7faa, 0x8006, 0x80a0, 0x8053, 0x8081, 0x80a0, 0x7fe8, 0x8006,
   0x7fd8, 0x7fba, 0x7f6d, 0x7faa, 0x7f5e, 0x7f9b, 0x7f9b, 0x7ff7, 0x8016,
   0x8025, 0x8090, 0x80be, 0x8006, 0x7ff7, 0x8006, 0x7f9b, 0x7ef2, 0x7ec4,
   0x7f4e, 0x7f8c, 0x8034, 0x8053, 0x7fc9, 0x7f9b, 0x7f3f, 0x7ee3, 0x7f02,
   0x7f5e, 0x7fd8, 0x7fd8, 0x8090, 0x8062, 0x8090, 0x80ce, 0x8167, 0x8186,
   0x8081, 0x7ff7, 0x8006, 0x80ce, 0x80dd, 0x8025, 0x810b, 0x80ec, 0x80af,
   0x80ce, 0x8090, 0x7faa, 0x8016, 0x8044, 0x7fc9, 0x7fe8, 0x7ff7, 0x8053,
   0x8006, 0x7fd8, 0x7f9b, 0x7fba, 0x7fba, 0x8006, 0x7fe8, 0x8025, 0x8053,
   0x7ff7, 0x8034, 0x80be, 0x8044, 0x8062, 0x80ce, 0x8081, 0x810b, 0x80fc,
   0x8062, 0x8072, 0x8006, 0x8006, 0x8072, 0x80a0, 0x8081, 0x8025, 0x7fd8,
   0x7fe8, 0x8044, 0x8053, 0x8034, 0x8062, 0x8090, 0x7fe8, 0x7f9b, 0x8016,
   0x7fc9, 0x7fc9, 0x7fe8, 0x7faa, 0x7fc9, 0x7fd8, 0x8034, 0x8053, 0x8072,
   0x80af, 0x8006, 0x7fc9, 0x7fd8, 0x7fc9, 0x7f7c, 0x7f5e, 0x7f7c, 0x7f9b,
   0x7fba, 0x7ff7, 0x8081, 0x80ce, 0x8006, 0x8006, 0x7fe8, 0x7fba, 0x7f8c,
   0x7ff7, 0x7ff7, 0x7ff7, 0x7f6d, 0x7fe8, 0x80a0, 0x8072, 0x8062, 0x8006,
   0x7fe8, 0x7faa, 0x7fba, 0x7fc9, 0x7fd8, 0x7faa, 0x7f8c, 0x7f7c, 0x7fba,
   0x8006, 0x8025, 0x8044, 0x8044, 0x8072, 0x8062, 0x8072, 0x8044, 0x7fd8,
   0x7faa, 0x7f8c, 0x7f7c, 0x7ff7, 0x8025, 0x8072, 0x8044, 0x8016, 0x8006,
   0x7fd8, 0x8025, 0x8062, 0x8072, 0x8034, 0x8044, 0x8025, 0x7ff7, 0x7f9b,
   0x7f9b, 0x7fc9, 0x7f20, 0x7faa, 0x7f30, 0x7f20, 0x7f8c, 0x7fe8, 0x7fd8,
   0x7fd8, 0x7fd8, 0x7f9b, 0x7fba, 0x8044, 0x8025, 0x8006, 0x7faa, 0x8006,
   0x7faa, 0x7f7c, 0x7f3f, 0x7f3f, 0x8053, 0x7ff7, 0x8025, 0x8025, 0x80ce,
   0x8081, 0x80be, 0x80af, 0x80fc, 0x8090, 0x8006, 0x7f8c, 0x7f4e, 0x7f7c,
   0x7f7c, 0x7fc9, 0x7f8c, 0x7fba, 0x7fd8, 0x7f7c, 0x7f4e, 0x7fd8, 0x8006,
   0x8006, 0x7ee3, 0x7ef2, 0x7f4e, 0x7fc9, 0x7fd8, 0x80a0, 0x7fc9, 0x7fba,
   0x7fba, 0x7f5e, 0x7f9b, 0x7f30, 0x7ed4, 0x7f11, 0x7f7c, 0x7f6d, 0x7f9b,
   0x8006, 0x7f7c, 0x7f02, 0x7ea6, 0x7f9b, 0x7fe8, 0x8016, 0x8034, 0x8025,
   0x8025, 0x8034, 0x7fe8, 0x8006, 0x8034, 0x7f8c, 0x7fba, 0x7faa, 0x7fe8,
   0x7fd8, 0x7fba, 0x7fd8, 0x8016, 0x7ff7, 0x8081, 0x8081, 0x8016, 0x8081,
   0x80a0, 0x8090, 0x8081, 0x8081, 0x80a0, 0x7ff7, 0x7f8c, 0x7f6d, 0x7faa,
   0x7ff7, 0x7ff7, 0x8044, 0x80be, 0x8044, 0x8034, 0x8044, 0x8006, 0x7f5e,
   0x7faa, 0x8025, 0x8044, 0x8025, 0x7f8c, 0x7ff7, 0x8034, 0x8062, 0x8062,
   0x8090, 0x8006, 0x8006, 0x8006, 0x8025, 0x8090, 0x8081, 0x8016, 0x7fba,
   0x7f7c, 0x7fd8, 0x7fe8, 0x7fe8, 0x8006, 0x8006, 0x7fe8, 0x7fba, 0x8006,
   0x8034, 0x8044, 0x7fc9, 0x7ff7, 0x8034, 0x7f9b, 0x7faa, 0x8006, 0x8053,
   0x8081, 0x8062, 0x8053, 0x8081, 0x8072, 0x8090, 0x80ce, 0x8139, 0x80be,
   0x80ec, 0x80af, 0x8062, 0x8044, 0x8034, 0x8025, 0x8016, 0x8025, 0x8090,
   0x80a0, 0x8072, 0x8081, 0x8072, 0x8044, 0x8090, 0x80dd, 0x8034, 0x7f6d,
   0x7f20, 0x7f8c, 0x7fe8, 0x8034, 0x8053, 0x8016, 0x7fe8, 0x7ff7, 0x7fe8,
   0x7f9b, 0x7fc9, 0x7ec4, 0x7ea6, 0x7e68, 0x7ed4, 0x7f4e, 0x7f9b, 0x7ff7,
   0x8016, 0x8006, 0x7fba, 0x7f5e, 0x7fd8, 0x7fc9, 0x7f9b, 0x7fd8, 0x8016,
   0x7fd8, 0x8016, 0x80be, 0x80af, 0x8072, 0x80ce, 0x8034, 0x7fd8, 0x7f8c,
   0x7fc9, 0x7f9b, 0x7f20, 0x7eb5, 0x7f5e, 0x7f4e, 0x7eb5, 0x7ea6, 0x7e96,
   0x7f7c, 0x7f5e, 0x7f7c, 0x7f5e, 0x8006, 0x8062, 0x8081, 0x80be, 0x8053,
   0x7fe8, 0x7faa, 0x7f6d, 0x7f5e, 0x7f5e, 0x7f6d, 0x7f6d, 0x7fba, 0x8006,
   0x8090, 0x8081, 0x8053, 0x8006, 0x7fba, 0x7fc9, 0x7fc9, 0x8006, 0x8006,
   0x8044, 0x80be, 0x80ec, 0x80ce, 0x8081, 0x7fba, 0x7fc9, 0x7fba, 0x7faa,
   0x7fc9, 0x7ff7, 0x8034, 0x8034, 0x8025, 0x8034, 0x7ff7, 0x7fc9, 0x7f6d,
   0x7fba, 0x8025, 0x8044, 0x7fd8, 0x8034, 0x8034, 0x7fc9, 0x7f9b, 0x7fba,
   0x7f8c, 0x7faa, 0x7f8c, 0x7f20, 0x7f20, 0x7f5e, 0x7faa, 0x7fba, 0x8006,
   0x7fc9, 0x8006, 0x8006, 0x7fd8, 0x8053, 0x80af, 0x80a0, 0x8053, 0x80a0,
   0x8034, 0x7fc9, 0x8044, 0x8072, 0x8062, 0x8053, 0x7fd8, 0x7eb5, 0x7ea6,
   0x7f5e, 0x7f9b, 0x7fd8, 0x7fc9, 0x7fc9, 0x7f11, 0x7f20, 0x7f11, 0x7f11,
   0x7f30, 0x7f9b, 0x7fc9, 0x8025, 0x8006, 0x8053, 0x8072, 0x8006, 0x8006,
   0x8006, 0x7ff7, 0x8053, 0x7fd8, 0x7fe8, 0x7faa, 0x7f9b, 0x7fba, 0x7f02,
   0x7f4e, 0x7f4e, 0x7ef2, 0x7f4e, 0x7fba, 0x7fba, 0x7f8c, 0x7f6d, 0x7f7c,
   0x7f3f, 0x7fba, 0x7fd8, 0x8025, 0x8072, 0x8016, 0x7fc9, 0x8006, 0x8062,
   0x8072, 0x8016, 0x7fd8, 0x8016, 0x8081, 0x8072, 0x8062, 0x8090, 0x8062,
   0x8006, 0x7f11, 0x7f30, 0x7f11, 0x7f3f, 0x7f30, 0x7f30, 0x7fd8, 0x8006,
   0x8081, 0x80af, 0x8062, 0x8081, 0x8044, 0x8034, 0x8016, 0x8062, 0x7fc9,
   0x7f6d, 0x7f9b, 0x8006, 0x8034, 0x8044, 0x8044, 0x8053, 0x8025, 0x8016,
   0x8006, 0x7f7c, 0x7fd8, 0x8006, 0x8016, 0x8053, 0x8053, 0x8081, 0x8072,
   0x8072, 0x8053, 0x80a0, 0x8072, 0x7fe8, 0x8034, 0x8025, 0x8053, 0x8081,
   0x8090, 0x8090, 0x8006, 0x8044, 0x8006, 0x7f5e, 0x7f9b, 0x7f4e, 0x8025,
   0x80af, 0x80a0, 0x8072, 0x8053, 0x8006, 0x8016, 0x7ff7, 0x8016, 0x8006,
   0x8016, 0x7faa, 0x7fc9, 0x7fc9, 0x8006, 0x7fba, 0x7fba, 0x8006, 0x8044,
   0x80a1, 0x8072, 0x80be, 0x8148, 0x8090, 0x8006, 0x7f5e, 0x7f8c, 0x7ff7,
   0x7fe8, 0x8016, 0x8006, 0x7f9b, 0x7f7c, 0x7fd8, 0x7fba, 0x7fd8, 0x8006,
   0x7fd8, 0x7ec4, 0x7e68, 0x7e2b, 0x7f8c, 0x8090, 0x8072, 0x8090, 0x8025,
   0x7fe8, 0x8034, 0x8139, 0x8081, 0x7ea6, 0x7e2b, 0x7dfd, 0x7dde, 0x7e0c,
   0x7e96, 0x7f9b, 0x8044, 0x8016, 0x8034, 0x80a0, 0x811a, 0x8148, 0x8148,
   0x80ce, 0x8081, 0x8090, 0x8072, 0x8081, 0x8006, 0x8006, 0x7f7c, 0x7fc9,
   0x7fba, 0x8006, 0x7fd8, 0x8062, 0x8081, 0x80be, 0x80be, 0x8090, 0x8025,
   0x8062, 0x8006, 0x7fc9, 0x7fe8, 0x7fe8, 0x7fba, 0x7ff7, 0x8025, 0x8053,
   0x8016, 0x7ff7, 0x7fc9, 0x8006, 0x7fd8, 0x7ff7, 0x8016, 0x7fe8, 0x8006,
   0x8044, 0x7fd8, 0x7ff7, 0x8016, 0x8044, 0x8090, 0x80ce, 0x80be, 0x80be,
   0x8072, 0x80a0, 0x8072, 0x8072, 0x811a, 0x811a, 0x80be, 0x8090, 0x80a0,
   0x8090, 0x8081, 0x7fe8, 0x7fd8, 0x8081, 0x80be, 0x8090, 0x80be, 0x8025,
   0x8072, 0x7ff7, 0x7fe8, 0x8016, 0x8081, 0x8006, 0x8072, 0x80dd, 0x8025,
   0x7f9b, 0x7f6d, 0x7f7c, 0x7fd8, 0x7fc9, 0x8034, 0x80dd, 0x8081, 0x8044,
   0x8044, 0x8053, 0x8044, 0x7fe8, 0x8006, 0x8081, 0x80ce, 0x8081, 0x80be,
   0x8090, 0x8062, 0x7fe8, 0x7f8c, 0x8016, 0x8016, 0x8025, 0x7fe8, 0x7fe8,
   0x8034, 0x8034, 0x8025, 0x7fd8, 0x7fc9, 0x7f9b, 0x7fd8, 0x8006, 0x8006,
   0x7fc9, 0x7fd8, 0x7f8c, 0x7f8c, 0x7fd8, 0x8053, 0x8006, 0x7f6d, 0x7f3f,
   0x7f11, 0x7f02, 0x7f6d, 0x7fe8, 0x8025, 0x8090, 0x80ce, 0x8044, 0x7faa,
   0x7f7c, 0x7f7c, 0x7fc9, 0x7ff7, 0x8072, 0x8062, 0x8044, 0x80af, 0x80be,
   0x8025, 0x7fe8, 0x8016, 0x8053, 0x7fc9, 0x7fba, 0x7fc9, 0x8006, 0x8034,
   0x7ff7, 0x7faa, 0x7f9b, 0x7fc9, 0x7f4e, 0x7faa, 0x7fd8, 0x8053, 0x8167,
   0x81d2, 0x8158, 0x8062, 0x8090, 0x8062, 0x80af, 0x812a, 0x8081, 0x8016,
   0x7fd8, 0x7fba, 0x7fd8, 0x8016, 0x8034, 0x7f8c, 0x7f3f, 0x7fe8, 0x8016,
   0x7ff7, 0x7faa, 0x7ee3, 0x7e96, 0x7ef2, 0x7fe8, 0x7fba, 0x7fc9, 0x80a0,
   0x80ec, 0x8016, 0x8016, 0x7f8c, 0x7f11, 0x7f20, 0x7f30, 0x7fc9, 0x7f7c,
   0x7f30, 0x7f5e, 0x7f7c, 0x7fba, 0x8006, 0x7fe8, 0x8072, 0x80ec, 0x810b,
   0x80be, 0x80ec, 0x8034, 0x8044, 0x8006, 0x8072, 0x8062, 0x7f9b, 0x7faa,
   0x7fba, 0x7f7c, 0x8006, 0x8081, 0x8090, 0x80af, 0x8062, 0x80af, 0x80ec,
   0x8072, 0x8006, 0x7f8c, 0x7fe8, 0x8044, 0x8025, 0x8025, 0x8072, 0x80a0,
   0x7fe8, 0x7faa, 0x7f6d, 0x7f20, 0x7faa, 0x8006, 0x7fd8, 0x8025, 0x7fba,
   0x7f8c, 0x7fc9, 0x7fe8, 0x8034, 0x8025, 0x7fc9, 0x7ec4, 0x7f5e, 0x7f6d,
   0x7f9b, 0x7fc9, 0x8016, 0x8044, 0x8090, 0x8053, 0x8025, 0x7fe8, 0x7fd8,
   0x7f6d, 0x7f8c, 0x7fc9, 0x8025, 0x8062, 0x8053, 0x8053, 0x80a0, 0x7ff7,
   0x7fba, 0x7f8c, 0x7fe8, 0x8025, 0x8006, 0x7fc9, 0x7ff7, 0x7f11, 0x7ee3,
   0x7ec4, 0x7f11, 0x7f9b, 0x8044, 0x7f8c, 0x8025, 0x8034, 0x8072, 0x8053,
   0x80be, 0x80a0, 0x8025, 0x7faa, 0x8016, 0x8006, 0x7fba, 0x7eb5, 0x7e59,
   0x7e68, 0x7eb5, 0x7faa, 0x7fba, 0x8006, 0x8006, 0x7ff7, 0x7fe8, 0x8006,
   0x7fd8, 0x8006, 0x8053, 0x8062, 0x8016, 0x7f11, 0x7f11, 0x7f6d, 0x7fba,
   0x8006, 0x8072, 0x80ec, 0x810b, 0x80fc, 0x80dd, 0x8034, 0x80af, 0x8062,
   0x8016, 0x7ff7, 0x7f4e, 0x7f5e, 0x7f3f, 0x7faa, 0x7ff7, 0x8034, 0x8025,
   0x8034, 0x8006, 0x7ff7, 0x8044, 0x8081, 0x80be, 0x80af, 0x80ce, 0x80a0,
   0x8025, 0x8025, 0x8034, 0x80a0, 0x811a, 0x80a0, 0x7f9b, 0x7faa, 0x7fc9,
   0x7ff7, 0x8006, 0x8016, 0x8044, 0x8044, 0x7fd8, 0x7fd8, 0x7f4e, 0x7f20,
   0x7f20, 0x7f20, 0x7f9b, 0x7f8c, 0x8006, 0x8006, 0x8044, 0x8090, 0x7f7c,
   0x7f4e, 0x7ec4, 0x7e78, 0x7ee3, 0x7f11, 0x8006, 0x7fba, 0x7f3f, 0x7ee3,
   0x7f20, 0x7fd8, 0x7fe8, 0x7fe8, 0x7ff7, 0x7fc9, 0x7fe8, 0x8006, 0x7f8c,
   0x7f5e, 0x7fba, 0x8025, 0x8044, 0x8044, 0x8034, 0x7f6d, 0x7e96, 0x7f4e,
   0x7f9b, 0x7f8c, 0x8006, 0x8044, 0x8044, 0x8062, 0x8090, 0x8025, 0x8016,
   0x8053, 0x8062, 0x8044, 0x8016, 0x7ff7, 0x7f7c, 0x7fd8, 0x7f6d, 0x7fba,
   0x8034, 0x8090, 0x8006, 0x8053, 0x7faa, 0x8034, 0x8062, 0x8090, 0x80af,
   0x80be, 0x80ec, 0x80dd, 0x8090, 0x810b, 0x8081, 0x7fd8, 0x7f11, 0x7ee3,
   0x7ee3, 0x7fba, 0x8081, 0x80fc, 0x80a0, 0x80a0, 0x8090, 0x8053, 0x8053,
   0x8025, 0x8006, 0x8062, 0x8006, 0x8025, 0x8006, 0x7f8c, 0x7fba, 0x8044,
   0x7fc9, 0x7ef2, 0x7ea6, 0x7e59, 0x7eb5, 0x7ed4, 0x7f5e, 0x8006, 0x8006,
   0x8090, 0x80a0, 0x8090, 0x7fe8, 0x7f4e, 0x7e96, 0x7ef2, 0x7fba, 0x7f9b,
   0x7ee3, 0x7ed4, 0x7f3f, 0x7f8c, 0x7f8c, 0x8025, 0x8062, 0x8044, 0x8072,
   0x8006, 0x7fd8, 0x8034, 0x8034, 0x8044, 0x8044, 0x8044, 0x8034, 0x8016,
   0x8044, 0x8072, 0x8072, 0x8044, 0x80af, 0x80af, 0x8034, 0x8053, 0x80a0,
   0x8072, 0x7fd8, 0x7fd8, 0x7fc9, 0x7fd8, 0x8025, 0x8006, 0x8090, 0x8081,
   0x80dd, 0x80ec, 0x8090, 0x7ff7, 0x7fba, 0x7ff7, 0x7ff7, 0x7faa, 0x7fe8,
   0x8072, 0x8062, 0x80be, 0x8034, 0x8016, 0x8025, 0x8081, 0x80a0, 0x8072,
   0x8081, 0x8081, 0x80ce, 0x811a, 0x80be, 0x8139, 0x8139, 0x8081, 0x8025,
   0x7fd8, 0x7fd8, 0x7faa, 0x8016, 0x8025, 0x8025, 0x8006, 0x8072, 0x8090,
   0x8072, 0x8053, 0x8034, 0x8025, 0x80dd, 0x812a, 0x80a0, 0x80af, 0x8081,
   0x8072, 0x80dd, 0x8081, 0x80ec, 0x8044, 0x8062, 0x7fe8, 0x7ff7, 0x7fc9,
   0x7ff7, 0x7fd8, 0x7fd8, 0x8034, 0x8053, 0x8090, 0x80a0, 0x80af, 0x8081,
   0x8062, 0x80be, 0x8044, 0x8062, 0x8025, 0x8034, 0x8044, 0x80be, 0x8158,
   0x81d2, 0x81f1, 0x80dd, 0x8006, 0x7fba, 0x7fd8, 0x8062, 0x8006, 0x7fc9,
   0x7f9b, 0x7ed4, 0x7f4e, 0x7f9b, 0x8053, 0x8044, 0x80af, 0x80dd, 0x8006,
   0x7fba, 0x8006, 0x8062, 0x8090, 0x80a0, 0x80a0, 0x80fc, 0x812a, 0x80fc,
   0x80af, 0x8006, 0x8006, 0x7fba, 0x8016, 0x8016, 0x8016, 0x8062, 0x8044,
   0x8016, 0x8034, 0x8081, 0x8025, 0x7fc9, 0x7fc9, 0x8006, 0x8006, 0x8025,
   0x80ce, 0x80be, 0x8081, 0x80dd, 0x80ce, 0x8072, 0x7ff7, 0x7f9b, 0x7f6d,
   0x7fe8, 0x7fc9, 0x7fe8, 0x8062, 0x80af, 0x80dd, 0x8139, 0x811a, 0x8072,
   0x8006, 0x7fc9, 0x7ff7, 0x8025, 0x8016, 0x8062, 0x80ec, 0x8034, 0x7fe8,
   0x7f9b, 0x7f6d, 0x7f9b, 0x7f8c, 0x7f6d, 0x7f8c, 0x8006, 0x8006, 0x8062,
   0x8090, 0x8072, 0x8053, 0x8034, 0x7fd8, 0x7fd8, 0x8025, 0x7fe8, 0x7fc9,
   0x7e78, 0x7ea6, 0x7fba, 0x7fc9, 0x7fc9, 0x7ff7, 0x8081, 0x812a, 0x8139,
   0x80a0, 0x80a0, 0x8034, 0x8062, 0x8016, 0x8044, 0x7ff7, 0x8006, 0x8081,
   0x80af, 0x80ec, 0x810b, 0x812a, 0x811a, 0x812a, 0x80ce, 0x8053, 0x8072,
   0x80a0, 0x8081, 0x80dd, 0x8034, 0x8006, 0x7fd8, 0x8016, 0x8006, 0x7fd8,
   0x7ff7, 0x8006, 0x8025, 0x8034, 0x8025, 0x8090, 0x8034, 0x8025, 0x8006,
   0x7fd8, 0x7fd8, 0x8034, 0x8016, 0x7ff7, 0x7fba, 0x8025, 0x8006, 0x8090,
   0x80ce, 0x8072, 0x7fe8, 0x7f02, 0x7ee3, 0x7f8c, 0x7fba, 0x7fd8, 0x7f8c,
   0x7fc9, 0x7faa, 0x7fba, 0x7fe8, 0x8006, 0x8006, 0x8034, 0x8081, 0x8081,
   0x8006, 0x7fe8, 0x8016, 0x8044, 0x8044, 0x7ff7, 0x7fc9, 0x7fd8, 0x7f7c,
   0x7f30, 0x7f02, 0x7f02, 0x7eb5, 0x7f02, 0x7fe8, 0x8053, 0x8053, 0x80af,
   0x7fe8, 0x7f8c, 0x7f4e, 0x7ee3, 0x7eb5, 0x7f30, 0x8025, 0x7ff7, 0x7ff7,
   0x7f9b, 0x7fc9, 0x7fc9, 0x7ff7, 0x7fc9, 0x8025, 0x7fc9, 0x7fd8, 0x7ff7,
   0x8034, 0x8090, 0x8062, 0x8016, 0x7fc9, 0x7ff7, 0x8044, 0x8025, 0x8053,
   0x7ff7, 0x8006, 0x8016, 0x8081, 0x8072, 0x8053, 0x8016, 0x7fe8, 0x7f11,
   0x7e96, 0x7eb5, 0x7f5e, 0x8034, 0x8025, 0x8006, 0x7fd8, 0x7f6d, 0x7f8c,
   0x7ff7, 0x8044, 0x8044, 0x80a0, 0x80a0, 0x8081, 0x8090, 0x8081, 0x8006,
   0x8016, 0x7fd8, 0x7ff7, 0x7fe8, 0x8006, 0x8016, 0x7ff7, 0x7fe8, 0x7fd8,
   0x8006, 0x8072, 0x8081, 0x8072, 0x8034, 0x80be, 0x8090, 0x8025, 0x7fc9,
   0x7fba, 0x7fd8, 0x7fc9, 0x7fd8, 0x8016, 0x8081, 0x8072, 0x8072, 0x8053,
   0x7fba, 0x7faa, 0x8016, 0x8090, 0x80ec, 0x8158, 0x810b, 0x8053, 0x80af,
   0x80be, 0x8062, 0x7fba, 0x7ee3, 0x7ed4, 0x8006, 0x8025, 0x80a0, 0x8072,
   0x8062, 0x8053, 0x8072, 0x80af, 0x80fc, 0x8081, 0x811a, 0x8044, 0x8090,
   0x8090, 0x8025, 0x7ff7, 0x8053, 0x7ff7, 0x7fd8, 0x7f3f, 0x7fe8, 0x8016,
   0x7f20, 0x7f20, 0x7f02, 0x7ee3, 0x7fba, 0x7ff7, 0x8025, 0x7fe8, 0x7f5e,
   0x7fba, 0x7faa, 0x7fc9, 0x7fd8, 0x7f30, 0x7e87, 0x7e96, 0x7ed4, 0x7ef2,
   0x7f8c, 0x7fc9, 0x8016, 0x8006, 0x7f9b, 0x7faa, 0x8044, 0x8053, 0x8062,
   0x8006, 0x8006, 0x7fd8, 0x7faa, 0x7f30, 0x7f4e, 0x7f20, 0x7f8c, 0x7fd8,
   0x7ff7, 0x8016, 0x8034, 0x80be, 0x80fc, 0x8139, 0x80fc, 0x80af, 0x8025,
   0x7faa, 0x7faa, 0x7fc9, 0x7fd8, 0x7ff7, 0x8034, 0x80a0, 0x8062, 0x8034,
   0x8006, 0x7ee3, 0x7f11, 0x7f6d, 0x7f6d, 0x7f4e, 0x7f8c, 0x7faa, 0x8006,
   0x8016, 0x8006, 0x8044, 0x8053, 0x8025, 0x7fc9, 0x7f7c, 0x7fba, 0x7f9b,
   0x7f9b, 0x8025, 0x8034, 0x8025, 0x8044, 0x8034, 0x7ff7, 0x8006, 0x7fe8,
   0x8006, 0x8053, 0x7fd8, 0x7fba, 0x8016, 0x7fd8, 0x8025, 0x8034, 0x8016,
   0x8044, 0x8044, 0x8006, 0x8006, 0x7fd8, 0x7faa, 0x7faa, 0x7fd8, 0x7faa,
   0x7f30, 0x7f02, 0x7f7c, 0x7f6d, 0x7fba, 0x7fd8, 0x8025, 0x7fe8, 0x8016,
   0x80a0, 0x8081, 0x8044, 0x8053, 0x8053, 0x8034, 0x8034, 0x8006, 0x8016,
   0x7fc9, 0x7fe8, 0x8016, 0x7fe8, 0x7fd8, 0x7fc9, 0x7ed4, 0x7f3f, 0x7f02,
   0x7f5e, 0x7f7c, 0x7f7c, 0x7f4e, 0x7ff7, 0x7fe8, 0x8062, 0x80a0, 0x8072,
   0x8081, 0x8090, 0x8025, 0x7fba, 0x7f5e, 0x8053, 0x8053, 0x8044, 0x80be,
   0x80be, 0x80a0, 0x80be, 0x80fc, 0x80a0, 0x8034, 0x7ff7, 0x8044, 0x8062,
   0x7fba, 0x8090, 0x80dd, 0x80af, 0x80af, 0x8081, 0x8016, 0x7fe8, 0x7fc9,
   0x7fe8, 0x7fe8, 0x8006, 0x7ff7, 0x8044, 0x8044, 0x8025, 0x8006, 0x7f8c,
   0x7fba, 0x7fba, 0x7fe8, 0x7fd8, 0x7fba, 0x7fba, 0x7fc9, 0x7f9b, 0x7fd8,
   0x8006, 0x8025, 0x8016, 0x8016, 0x8006, 0x7f5e, 0x7fc9, 0x80ec, 0x80fc,
   0x810b, 0x80ce, 0x810b, 0x8053, 0x7f20, 0x7eb5, 0x7faa, 0x7ff7, 0x7faa,
   0x7fc9, 0x7fc9, 0x7f9b, 0x7f3f, 0x8025, 0x8006, 0x8025, 0x8034, 0x7f8c,
   0x7f30, 0x7f8c, 0x8006, 0x8034, 0x8062, 0x7f6e, 0x7f31, 0x7f5f, 0x7f3e,
   0x7fc9, 0x8026, 0x8062, 0x80a0, 0x8016, 0x8006, 0x8044, 0x8034, 0x7ff7,
   0x8044, 0x8053, 0x8034, 0x8025, 0x7fba, 0x7fe8, 0x7fba, 0x8053, 0x7fc9,
   0x7fd8, 0x7faa, 0x7fd8, 0x8044, 0x8081, 0x8044, 0x8006, 0x8053, 0x8090,
   0x80a0, 0x8044, 0x8006, 0x8006, 0x8006, 0x7fd8, 0x8034, 0x80fc, 0x8053,
   0x8062, 0x8025, 0x8072, 0x8016, 0x8044, 0x8016, 0x7fba, 0x7f9b, 0x7fc9,
   0x8016, 0x7f6d, 0x7f4e, 0x8006, 0x8081, 0x8081, 0x8044, 0x8006, 0x7f02,
   0x7ed4, 0x7f7c, 0x8006, 0x8025, 0x8034, 0x8053, 0x7faa, 0x7ec4, 0x7e78,
   0x7eb5, 0x7ea6, 0x7ee3, 0x7f9b, 0x8053, 0x8044, 0x8016, 0x8016, 0x8062,
   0x80a0, 0x8072, 0x8072, 0x7fba, 0x7fd8, 0x8034, 0x8006, 0x7fd8, 0x7ff7,
   0x8025, 0x8006, 0x7ff7, 0x8034, 0x7f9b, 0x7fe8, 0x8081, 0x8006, 0x8090,
   0x80a0, 0x7fe8, 0x7f7c, 0x7e96, 0x7ec4, 0x7f6d, 0x7fba, 0x7fba, 0x7fd8,
   0x7f5e, 0x7e96, 0x7e4a, 0x7e78, 0x7f4e, 0x7fc9, 0x8090, 0x80ce, 0x8044,
   0x8053, 0x80fc, 0x80af, 0x8090, 0x8090, 0x8081, 0x7fd8, 0x7ef2, 0x7f02,
   0x7fe8, 0x7f8c, 0x7f4e, 0x7f30, 0x7f20, 0x7f8c, 0x7f7c, 0x7ed4, 0x7f4e,
   0x8062, 0x80af, 0x8090, 0x8062, 0x8025, 0x7ff7, 0x8006, 0x8006, 0x8053,
   0x7faa, 0x7f9b, 0x7faa, 0x7fc9, 0x7fba, 0x7fd8, 0x8025, 0x8053, 0x8044,
   0x7fe8, 0x7f9b, 0x7f8c, 0x7ef2, 0x7fba, 0x7ff7, 0x8025, 0x8006, 0x8053,
   0x7fd8, 0x7faa, 0x7fe8, 0x8006, 0x8006, 0x8006, 0x80a0, 0x80a0, 0x80af,
   0x80a0, 0x8053, 0x8016, 0x8006, 0x7ff7, 0x8006, 0x8053, 0x8053, 0x8072,
   0x8090, 0x8062, 0x8090, 0x8034, 0x8081, 0x80ec, 0x8148, 0x812a, 0x8139,
   0x8081, 0x8034, 0x8072, 0x8034, 0x8034, 0x80a0, 0x8062, 0x8016, 0x8053,
   0x8072, 0x8034, 0x7faa, 0x7fe8, 0x8044, 0x7fe8, 0x7faa, 0x7f02, 0x7ef2,
   0x7ee3, 0x7fba, 0x7f11, 0x7ff7, 0x7faa, 0x7f9b, 0x7f9b, 0x7fc9, 0x7f9b,
   0x7f9b, 0x7fe8, 0x7f7c, 0x7ed4, 0x7f4e, 0x7ff7, 0x8062, 0x80ec, 0x812a,
   0x8072, 0x8044, 0x8006, 0x8072, 0x8025, 0x8016, 0x8034, 0x8044, 0x7f4e,
   0x7ff7, 0x8034, 0x8072, 0x8072, 0x8006, 0x7fba, 0x7ee3, 0x7ef2, 0x7f20,
   0x7fc9, 0x8034, 0x8025, 0x7fe8, 0x8044, 0x7f30, 0x7ef2, 0x7f7c, 0x7fc9,
   0x7fba, 0x8016, 0x8044, 0x8062, 0x80be, 0x7fe8, 0x8006, 0x7ff7, 0x7f11,
   0x7e4a, 0x7e87, 0x7f4e, 0x7eb5, 0x7f7c, 0x7f6d, 0x7f6d, 0x7f9b, 0x7f9b,
   0x7faa, 0x7f9b, 0x7f20, 0x7f02, 0x7f3f, 0x7ef2, 0x7fba, 0x8034, 0x80af,
   0x80a0, 0x8025, 0x7fe8, 0x7f8c, 0x7fba, 0x7fd8, 0x8053, 0x7fe8, 0x8044,
   0x8025, 0x8025, 0x8062, 0x7ff7, 0x7f7c, 0x7e87, 0x7ef2, 0x7ff7, 0x7fe8,
   0x7f6d, 0x7f9b, 0x7faa, 0x7fe8, 0x8016, 0x8090, 0x8139, 0x810b, 0x80a0,
   0x8016, 0x7fc9, 0x7fc9, 0x7fd8, 0x7fd8, 0x7f9b, 0x7f5e, 0x7f9b, 0x7f9b,
   0x8025, 0x7f8c, 0x7f9b, 0x7f9b, 0x7fe8, 0x8062, 0x8044, 0x8081, 0x8034,
   0x80a0, 0x7fd8, 0x7fc9, 0x7ff7, 0x7faa, 0x7f9b, 0x7fd8, 0x7fd8, 0x8006,
   0x8090, 0x8090, 0x80ce, 0x8148, 0x80af, 0x8072, 0x8016, 0x8006, 0x7fe8,
   0x7ff7, 0x7ff7, 0x7f9b, 0x7f6d, 0x7f6d, 0x7ee3, 0x7eb5, 0x7ec4, 0x7ec4,
   0x7f8c, 0x8006, 0x8025, 0x8016, 0x8034, 0x80ce, 0x8062, 0x8044, 0x8044,
   0x8081, 0x80a0, 0x7fba, 0x8025, 0x8016, 0x8081, 0x8044, 0x80af, 0x8044,
   0x8090, 0x8072, 0x7fd8, 0x8025, 0x8006, 0x7fc9, 0x7ff7, 0x7faa, 0x7f20,
   0x7e96, 0x7e68, 0x7e87, 0x7e96, 0x7f4e, 0x7f8c, 0x7faa, 0x7f20, 0x8006,
   0x7fd8, 0x8006, 0x8044, 0x8053, 0x7ff7, 0x8025, 0x8016, 0x8016, 0x8053,
   0x8053, 0x8034, 0x8044, 0x8053, 0x8072, 0x8016, 0x7fe8, 0x7f9b, 0x7faa,
   0x7f7c, 0x7f6d, 0x7f8c, 0x7fd8, 0x7ff7, 0x8016, 0x8016, 0x8025, 0x8072,
   0x80a0, 0x80be, 0x80be, 0x8062, 0x8025, 0x8034, 0x7f8c, 0x7e96, 0x7e59,
   0x7f20, 0x8062, 0x8072, 0x8081, 0x8062, 0x8053, 0x8062, 0x8025, 0x7fba,
   0x7faa, 0x7f6d, 0x7f5e, 0x7f7c, 0x7f6d, 0x7faa, 0x8025, 0x8016, 0x7ff7,
   0x7ff7, 0x7fc9, 0x7fd8, 0x8006, 0x8006, 0x7ff7, 0x7ff7, 0x8044, 0x8006,
   0x7ec4, 0x7e59, 0x7e0c, 0x7e0c, 0x7eb5, 0x7fe8, 0x8025, 0x8072, 0x8006,
   0x8034, 0x8072, 0x8090, 0x7fd8, 0x8006, 0x7fd8, 0x7f9b, 0x7faa, 0x7ef2,
   0x7fba, 0x7fc9, 0x7faa, 0x7f20, 0x7f30, 0x7faa, 0x7f9b, 0x7f8c, 0x7f6d,
   0x7f7c, 0x7ee3, 0x7ed4, 0x7eb5, 0x7f8c, 0x7fe8, 0x7ff7, 0x7fe8, 0x7ff7,
   0x8006, 0x7faa, 0x7fba, 0x7fe8, 0x7fd8, 0x7fd8, 0x7f20, 0x7fc9, 0x7fd8,
   0x7fe8, 0x8006, 0x8062, 0x8081, 0x80ce, 0x80ec, 0x80dd, 0x8090, 0x80a0,
   0x8062, 0x8072, 0x8081, 0x7fba, 0x7ff7, 0x8025, 0x7faa, 0x7f7c, 0x7fc9,
   0x8016, 0x7fd8, 0x7fd8, 0x8044, 0x8053, 0x8081, 0x8090, 0x8053, 0x8006,
   0x8053, 0x7ff7, 0x7fd8, 0x8006, 0x8006, 0x8044, 0x8090, 0x7fc9, 0x7f30,
   0x7f20, 0x7f4e, 0x8006, 0x7ff7, 0x8025, 0x7ff7, 0x8025, 0x7faa, 0x7ee3,
   0x7f20, 0x7fba, 0x8034, 0x8016, 0x7fc9, 0x7fd8, 0x8053, 0x8044, 0x8006,
   0x8062, 0x8072, 0x80a0, 0x80ce, 0x80dd, 0x7ff7, 0x7f4e, 0x7ea6, 0x7ec4,
   0x7f4e, 0x7fba, 0x8006, 0x8062, 0x8044, 0x8006, 0x7fc9, 0x7f7c, 0x7f3f,
   0x7f5e, 0x7f7c, 0x8025, 0x8062, 0x8062, 0x8006, 0x7f7c, 0x7f4e, 0x7fba,
   0x7fba, 0x8016, 0x8090, 0x80fc, 0x8158, 0x80af, 0x80a0, 0x8081, 0x7fd8,
   0x8090, 0x8006, 0x8044, 0x8044, 0x8006, 0x7fba, 0x7f8c, 0x7ff7, 0x7fe8,
   0x8016, 0x7f4e, 0x7ed4, 0x7f6d, 0x7ff7, 0x8016, 0x8044, 0x8044, 0x8006,
   0x8016, 0x8072, 0x8016, 0x7fba, 0x7fc9, 0x7ff7, 0x7fd8, 0x7fd8, 0x8006,
   0x8006, 0x8034, 0x8081, 0x8081, 0x8025, 0x8016, 0x7f5e, 0x7ef2, 0x7ee3,
   0x7f02, 0x7f8c, 0x7fd8, 0x8044, 0x80be, 0x8139, 0x8158, 0x80be, 0x8081,
   0x80dd, 0x80be, 0x8034, 0x8006, 0x7f8c, 0x7f5e, 0x8025, 0x8053, 0x8090,
   0x80ec, 0x80be, 0x8006, 0x7f7c, 0x8025, 0x8044, 0x8081, 0x7fba, 0x7f11,
   0x7f6d, 0x7f02, 0x7f8c, 0x7fd8, 0x8025, 0x8081, 0x7ff7, 0x8006, 0x8034,
   0x8044, 0x8006, 0x7fd8, 0x7f9b, 0x7f9b, 0x7fe8, 0x8081, 0x8044, 0x7ff7,
   0x7fe8, 0x7f3f, 0x7f20, 0x7ef2, 0x7e78, 0x7f30, 0x7f7c, 0x7f7c, 0x7f30,
   0x7f11, 0x7f20, 0x7f9b, 0x8006, 0x8062, 0x8053, 0x8034, 0x8016, 0x8016,
   0x7fc9, 0x7f5e, 0x7f7c, 0x7e68, 0x7ea6, 0x7e87, 0x7ed4, 0x7f7c, 0x7f02,
   0x7f7c, 0x8034, 0x8034, 0x8016, 0x7fd8, 0x7fd8, 0x8016, 0x8062, 0x8090,
   0x80fc, 0x8148, 0x8176, 0x8158, 0x80be, 0x8053, 0x7fe8, 0x8025, 0x8006,
   0x7ff7, 0x7fe8, 0x8053, 0x8062, 0x7fc9, 0x7fba, 0x7ff7, 0x8025, 0x8016,
   0x7fc9, 0x7f5e, 0x7e59, 0x7f30, 0x8006, 0x8006, 0x8025, 0x8025, 0x7ff7,
   0x7ff7, 0x7fe8, 0x8006, 0x7ff7, 0x7fd8, 0x8006, 0x8025, 0x8034, 0x8062,
   0x8062, 0x8016, 0x8034, 0x7ff7, 0x8006, 0x7fe8, 0x7f8c, 0x7fe8, 0x7f6d,
   0x8006, 0x8044, 0x8044, 0x8025, 0x8081, 0x8090, 0x8081, 0x80a0, 0x7fe8,
   0x7fe8, 0x8090, 0x80dd, 0x8081, 0x8034, 0x8006, 0x8044, 0x8081, 0x8090,
   0x80dd, 0x8044, 0x8090, 0x7fe8, 0x7fc9, 0x8006, 0x8006, 0x7fba, 0x7fd8,
   0x7f4e, 0x7f6d, 0x7fc9, 0x7faa, 0x7fe8, 0x8016, 0x7fba, 0x7faa, 0x7f6d,
   0x7ea6, 0x7f02, 0x7ff7, 0x8044, 0x8044, 0x8053, 0x8090, 0x8034, 0x8090,
   0x8062, 0x8053, 0x8025, 0x7fe8, 0x8034, 0x8034, 0x8090, 0x8081, 0x80ce,
   0x8081, 0x8053, 0x7fe8, 0x7faa, 0x7f8c, 0x7ff7, 0x8016, 0x7f7c, 0x7ec4,
   0x7ec4, 0x7fc9, 0x8034, 0x8016, 0x7ff7, 0x7fba, 0x7fc9, 0x8025, 0x8044,
   0x8072, 0x8090, 0x8072, 0x8016, 0x7fba, 0x8006, 0x8053, 0x8034, 0x8053,
   0x8072, 0x8062, 0x8006, 0x7fba, 0x7f4e, 0x7faa, 0x7faa, 0x7fe8, 0x7f9b,
   0x7f5e, 0x7fe8, 0x8006, 0x7fc9, 0x7ff7, 0x8081, 0x8006, 0x8062, 0x7fd8,
   0x7f3f, 0x7e96, 0x7f7c, 0x8006, 0x7fc9, 0x8034, 0x8044, 0x7fe8, 0x8006,
   0x7fc9, 0x7f9b, 0x7f8c, 0x7fd8, 0x7fc9, 0x7fd8, 0x7fc9, 0x8006, 0x8016,
   0x8053, 0x8006, 0x7fe8, 0x8081, 0x80be, 0x8072, 0x8016, 0x7fc9, 0x7fe8,
   0x7faa, 0x7ff7, 0x8053, 0x8090, 0x8081, 0x8016, 0x8016, 0x7f9b, 0x8034,
   0x8025, 0x7faa, 0x8006, 0x7fe8, 0x7f9b, 0x7ee3, 0x7f5e, 0x7f4e, 0x7faa,
   0x7fd8, 0x8025, 0x8034, 0x8025, 0x7fd8, 0x7fba, 0x7fd8, 0x8025, 0x8053,
   0x8072, 0x8053, 0x8044, 0x80dd, 0x80dd, 0x80af, 0x7fe8, 0x7ee3, 0x7f4e,
   0x7f9b, 0x7f8c, 0x7faa, 0x7faa, 0x7fd8, 0x7ff7, 0x7fc9, 0x7fba, 0x7fba,
   0x7fba, 0x8006, 0x8025, 0x7fe8, 0x7fd8, 0x7f9b, 0x7f6d, 0x7f8c, 0x7f8c,
   0x7f8c, 0x7fd8, 0x7fd8, 0x7fba, 0x8016, 0x8053, 0x8034, 0x8044, 0x8034,
   0x8081, 0x8081, 0x8006, 0x8025, 0x8062, 0x8025, 0x8006, 0x7f8c, 0x7e1c,
   0x7db0, 0x7d64, 0x7dcf, 0x7ee3, 0x8006, 0x8081, 0x80be, 0x810b, 0x80ec,
   0x80fc, 0x80fc, 0x8158, 0x812a, 0x80ce, 0x8072, 0x8072, 0x8081, 0x8044,
   0x8053, 0x8044, 0x8044, 0x80a0, 0x80a0, 0x8053, 0x8034, 0x8044, 0x80a0,
   0x8044, 0x8053, 0x8062, 0x8034, 0x7fe8, 0x7f9b, 0x7fba, 0x7fe8, 0x7faa,
   0x7fc9, 0x8044, 0x8062, 0x8053, 0x8034, 0x8090, 0x8034, 0x7fd8, 0x8034,
   0x8025, 0x8053, 0x8025, 0x8006, 0x7fd8, 0x7f8c, 0x8044, 0x80af, 0x8062,
   0x8053, 0x8053, 0x8025, 0x8006, 0x7fe8, 0x7f8c, 0x8006, 0x7faa, 0x7fc9,
   0x8006, 0x7fd8, 0x8034, 0x8006, 0x8006, 0x8016, 0x8034, 0x8034, 0x8006,
   0x8034, 0x7f9b, 0x7fd8, 0x8034, 0x8006, 0x8025, 0x8006, 0x8006, 0x7ff7,
   0x8006, 0x7fc9, 0x7fc9, 0x7fc9, 0x7fd8, 0x8006, 0x7ff7, 0x7fd8, 0x8025,
   0x7fe8, 0x7faa, 0x7ff7, 0x7f8c, 0x7f4e, 0x7f20, 0x7fc9, 0x8053, 0x8044,
   0x7f8c, 0x7eb5, 0x7e96, 0x7f6d, 0x7f4e, 0x8006, 0x7fd8, 0x7fe8, 0x7fe8,
   0x8006, 0x8053, 0x80dd, 0x8062, 0x8016, 0x7f6d, 0x7f5e, 0x7fba, 0x8006,
   0x8034, 0x8006, 0x8034, 0x8072, 0x80ce, 0x810b, 0x80af, 0x7ff7, 0x7f7c,
   0x7f8c, 0x8006, 0x8081, 0x8053, 0x8044, 0x8072, 0x8044, 0x8006, 0x8016,
   0x8016, 0x8016, 0x7fd8, 0x7fba, 0x8006, 0x7f8c, 0x7faa, 0x7fd8, 0x7fba,
   0x8053, 0x7fc9, 0x7f30, 0x7fc9, 0x7ff7, 0x8090, 0x8090, 0x7fd8, 0x7fba,
   0x7fd8, 0x7faa, 0x8025, 0x80ec, 0x80ec, 0x8081, 0x8044, 0x8053, 0x8062,
   0x8081, 0x8072, 0x80a0, 0x80a0, 0x80ce, 0x80ce, 0x812a, 0x8167, 0x8016,
   0x8044, 0x80af, 0x8062, 0x7fba, 0x7f02, 0x7f5e, 0x7f7c, 0x7fd8, 0x8053,
   0x80af, 0x81a4, 0x826d, 0x8176, 0x8025, 0x8006, 0x7f11, 0x7f20, 0x7ea6,
   0x7f30, 0x7fc9, 0x8081, 0x80be, 0x80fc, 0x80a0, 0x7fba, 0x7fd8, 0x8006,
   0x8025, 0x7f9b, 0x7faa, 0x8025, 0x8025, 0x8016, 0x7fd8, 0x8006, 0x8016,
   0x8016, 0x7f7c, 0x7e68, 0x7e2b, 0x7d54, 0x7d64, 0x7e1c, 0x7ee3, 0x7f6d,
   0x8090, 0x80be, 0x80fc, 0x8072, 0x8006, 0x8006, 0x8006, 0x8053, 0x8053,
   0x8025, 0x7ff7, 0x7f8c, 0x7faa, 0x7fe8, 0x7fe8, 0x8016, 0x7ff7, 0x8025,
   0x8044, 0x8090, 0x8081, 0x8072, 0x8090, 0x8016, 0x7fba, 0x8006, 0x8044,
   0x8081, 0x8034, 0x7f9b, 0x7e78, 0x7e68, 0x7eb5, 0x7f02, 0x7fd8, 0x8034,
   0x8053, 0x8025, 0x8044, 0x8062, 0x8006, 0x7fc9, 0x7f6d, 0x7f5e, 0x7f9b,
   0x8006, 0x80be, 0x80fc, 0x80fc, 0x8072, 0x7fc9, 0x8016, 0x8006, 0x8025,
   0x8072, 0x80dd, 0x812a, 0x8034, 0x8006, 0x7ff7, 0x7f5e, 0x7f6d, 0x8062,
   0x80dd, 0x80be, 0x80ce, 0x8062, 0x8006, 0x7fd8, 0x8006, 0x8044, 0x80ec,
   0x8053, 0x8034, 0x7f8c, 0x8034, 0x7ff7, 0x8025, 0x8006, 0x7f7c, 0x7faa,
   0x8034, 0x8016, 0x8006, 0x7f30, 0x7fc9, 0x7fc9, 0x7ff7, 0x7ff7, 0x7f6d,
   0x7f3f, 0x7f8c, 0x8016, 0x8053, 0x8062, 0x8090, 0x7fd8, 0x7f6d, 0x7ee3,
   0x7fc9, 0x8006, 0x8044, 0x7fc9, 0x7fc9, 0x7faa, 0x8006, 0x8025, 0x8081,
   0x80a0, 0x8034, 0x8025, 0x8006, 0x8034, 0x8044, 0x80a0, 0x80af, 0x8062,
   0x8016, 0x8016, 0x8072, 0x80dd, 0x80a0, 0x8090, 0x8062, 0x8062, 0x8044,
   0x8053, 0x7fc9, 0x7f7c, 0x7f7c, 0x7fe8, 0x7ff7, 0x8034, 0x8044, 0x8016,
   0x8006, 0x8044, 0x8053, 0x8006, 0x7f3f, 0x7f3f, 0x7f30, 0x7f30, 0x7faa,
   0x7f5e, 0x7faa, 0x7ff7, 0x7fc9, 0x8025, 0x8044, 0x8053, 0x8053, 0x8053,
   0x8006, 0x8016, 0x8016, 0x8025, 0x80a0, 0x8090, 0x8016, 0x8053, 0x80af,
   0x8148, 0x80fc, 0x8044, 0x8090, 0x80a0, 0x80be, 0x8081, 0x8016, 0x7ff7,
   0x7faa, 0x7f9b, 0x8034, 0x8006, 0x7fe8, 0x7ef2, 0x7f6d, 0x7f8c, 0x7f7c,
   0x7f3f, 0x8053, 0x8006, 0x80be, 0x8072, 0x8006, 0x7fe8, 0x7fe8, 0x7fc9,
   0x7faa, 0x7faa, 0x7fc9, 0x7fe8, 0x8062, 0x8072, 0x8025, 0x7fe8, 0x7fba,
   0x7f5e, 0x7f7c, 0x7f9b, 0x7fe8, 0x7fc9, 0x7f20, 0x7f5e, 0x7f02, 0x7ff7,
   0x7fc9, 0x8006, 0x8006, 0x7fe8, 0x8053, 0x8072, 0x8044, 0x7fe8, 0x7eb5,
   0x7e96, 0x7ed4, 0x7fd8, 0x7f9b, 0x7f6d, 0x7fc9, 0x7fba, 0x7f5e, 0x7f7c,
   0x7f5e, 0x7f5e, 0x7e78, 0x7f20, 0x7fba, 0x7ff7, 0x80af, 0x80ec, 0x8139,
   0x8053, 0x8044, 0x8006, 0x8016, 0x8016, 0x8016, 0x8044, 0x8016, 0x8081,
   0x7ff7, 0x7fc9, 0x8016, 0x8044, 0x8006, 0x8034, 0x8016, 0x8006, 0x8006,
   0x7fd8, 0x7fba, 0x7faa, 0x7ff7, 0x8006, 0x8062, 0x8044, 0x8006, 0x8025,
   0x8034, 0x8062, 0x80ec, 0x80ec, 0x8090, 0x80dd, 0x8044, 0x8016, 0x8016,
   0x7fc9, 0x7f7c, 0x7f7c, 0x7f9b, 0x8090, 0x8053, 0x80a0, 0x8016, 0x7fc9,
   0x7f5e, 0x7fe8, 0x7fe8, 0x8062, 0x8053, 0x8034, 0x8025, 0x8025, 0x8006,
   0x7ff7, 0x8034, 0x8053, 0x8006, 0x7f7c, 0x7fd8, 0x7f5e, 0x7f8c, 0x7fd8,
   0x8072, 0x8081, 0x7fba, 0x7fd8, 0x7fd8, 0x8016, 0x8006, 0x8053, 0x7faa,
   0x7f6d, 0x7f4e, 0x7fe8, 0x7ff7, 0x8081, 0x8006, 0x80a0, 0x80af, 0x8025,
   0x8016, 0x8044, 0x8016, 0x8044, 0x810b, 0x811a, 0x8139, 0x811a, 0x80be,
   0x80a0, 0x80ec, 0x8072, 0x8016, 0x7ff7, 0x8034, 0x8006, 0x7faa, 0x8034,
   0x8072, 0x8072, 0x8053, 0x8006, 0x7ff7, 0x7ff7, 0x8006, 0x8025, 0x8044,
   0x80af, 0x80af, 0x8072, 0x80af, 0x8025, 0x7fe8, 0x7faa, 0x7f5e, 0x7f02,
   0x7eb5, 0x7f30, 0x8006, 0x8016, 0x7ff7, 0x8025, 0x7fe8, 0x8016, 0x7f7c,
   0x7f7c, 0x7f9b, 0x7fba, 0x8006, 0x8062, 0x8072, 0x8034, 0x7fe8, 0x8006,
   0x7fe8, 0x8072, 0x8053, 0x8016, 0x8034, 0x8081, 0x8090, 0x8006, 0x7f8c,
   0x7fd8, 0x7fe8, 0x8006, 0x8006, 0x7faa, 0x7f9b, 0x7fba, 0x7fc9, 0x7faa,
   0x7fba, 0x7f6d, 0x7fe8, 0x7fc9, 0x8006, 0x7fd8, 0x8006, 0x80be, 0x80fc,
   0x8016, 0x8044, 0x8072, 0x8034, 0x8081, 0x8072, 0x8044, 0x8006, 0x8016,
   0x8006, 0x8016, 0x7fe8, 0x8044, 0x8025, 0x8081, 0x8053, 0x7ff7, 0x7ff7,
   0x8044, 0x8034, 0x7ff7, 0x7fe8, 0x7f6d, 0x7f11, 0x7f30, 0x7fe8, 0x8034,
   0x7fd8, 0x7fd8, 0x8025, 0x7fd8, 0x8006, 0x8025, 0x8053, 0x80be, 0x80ec,
   0x8053, 0x7f6d, 0x7ed4, 0x7f20, 0x7fc9, 0x7fc9, 0x7f9b, 0x7fc9, 0x8034,
   0x8006, 0x8072, 0x80be, 0x80be, 0x80a0, 0x7ff7, 0x7f9b, 0x7fe8, 0x8025,
   0x8072, 0x8053, 0x7fc9, 0x8006, 0x7fe8, 0x8025, 0x7fe8, 0x7faa, 0x7fba,
   0x7f8c, 0x7fba, 0x8025, 0x8044, 0x8090, 0x8072, 0x8016, 0x7f6d, 0x7f3f,
   0x7f11, 0x7ee3, 0x7f4e, 0x8025, 0x8062, 0x8025, 0x7ff7, 0x8016, 0x8016,
   0x8044, 0x8044, 0x8081, 0x8090, 0x80a0, 0x8044, 0x8025, 0x7ff7, 0x8016,
   0x7ff7, 0x8006, 0x8006, 0x8053, 0x8081, 0x80af, 0x80ce, 0x8044, 0x8034,
   0x8025, 0x8053, 0x7ff7, 0x7fc9, 0x7f02, 0x7ea6, 0x7f02, 0x7f30, 0x7fe8,
   0x7fe8, 0x7fe8, 0x7ff7, 0x7fc9, 0x7fba, 0x7fd8, 0x7fc9, 0x8025, 0x7fd8,
   0x7fba, 0x7f5e, 0x7f5e, 0x7fc9, 0x7fe8, 0x7ff7, 0x7f7c, 0x7fc9, 0x7faa,
   0x7f9b, 0x7ef2, 0x7f11, 0x7fba, 0x8044, 0x7fe8, 0x8016, 0x8034, 0x8090,
   0x80af, 0x8053, 0x8053, 0x8090, 0x8044, 0x7f9b, 0x7ee3, 0x7f11, 0x7f5e,
   0x8006, 0x8044, 0x8006, 0x7faa, 0x7f8c, 0x7f20, 0x7fe8, 0x8053, 0x8053,
   0x8062, 0x8044, 0x8006, 0x8016, 0x8044, 0x80ce, 0x8053, 0x8016, 0x7fc9,
   0x8025, 0x7faa, 0x7ed4, 0x7f7c, 0x7fe8, 0x7fba, 0x7f7c, 0x7f8c, 0x7fe8,
   0x7f7c, 0x7f5e, 0x7f9b, 0x8034, 0x7fd8, 0x7fd8, 0x7fba, 0x7ef2, 0x7f30,
   0x8006, 0x8062, 0x8006, 0x7f8c, 0x7f5e, 0x7f02, 0x8006, 0x8044, 0x7ff7,
   0x8053, 0x8044, 0x8062, 0x8025, 0x8006, 0x7fd8, 0x7ff7, 0x8006, 0x8025,
   0x8072, 0x8062, 0x7fc9, 0x8006, 0x8034, 0x7fc9, 0x8034, 0x8016, 0x7fe8,
   0x7fe8, 0x8053, 0x8016, 0x8025, 0x8053, 0x7fd8, 0x7fc9, 0x7fba, 0x8062,
   0x8016, 0x8034, 0x7ff7, 0x7fe8, 0x7ff7, 0x8016, 0x8034, 0x8090, 0x8081,
   0x8044, 0x8062, 0x8062, 0x8072, 0x8062, 0x8006, 0x7fc9, 0x7f8c, 0x8025,
   0x8053, 0x7fc9, 0x7fba, 0x8034, 0x8081, 0x7fe8, 0x7dee, 0x7c20, 0x7a26,
   0x7868, 0x79e9, 0x7b2b, 0x7da1, 0x811a, 0x841a, 0x85b8, 0x8652, 0x854d,
   0x8486, 0x8361, 0x82d7, 0x828a, 0x823e, 0x81d2, 0x812a, 0x8044, 0x8072,
   0x8081, 0x8016, 0x7ff7, 0x7fe8, 0x7fba, 0x7f6d, 0x7f5e, 0x8016, 0x8034,
   0x7fe8, 0x7fc9, 0x7fd8, 0x7faa, 0x8025, 0x7fba, 0x7ff7, 0x7fba, 0x8006,
   0x7f9b, 0x7ed4, 0x7f7c, 0x7f20, 0x7fba, 0x8090, 0x8139, 0x8176, 0x8158,
   0x8167, 0x80a0, 0x7f7c, 0x7ed4, 0x7ee3, 0x7f6d, 0x7f8c, 0x7faa, 0x7f4e,
   0x7f3f, 0x7f5e, 0x7ef2, 0x7e68, 0x7e4a, 0x7ea6, 0x7ee3, 0x7fba, 0x8006,
   0x8025, 0x8016, 0x8006, 0x8044, 0x8025, 0x7f30, 0x7ea6, 0x7ed4, 0x7f6d,
   0x7f3f, 0x7ee3, 0x7ef2, 0x7ed4, 0x7f11, 0x7f30, 0x7ee3, 0x7f11, 0x7f4e,
   0x7fc9, 0x7ff7, 0x7ff7, 0x7fd8, 0x7fe8, 0x7fba, 0x7faa, 0x7f20, 0x7faa,
   0x7f9b, 0x7fc9, 0x8006, 0x7ff7, 0x7ff7, 0x7fc9, 0x7f6d, 0x7f7c, 0x7fba,
   0x7faa, 0x7fba, 0x8025, 0x8016, 0x8025, 0x8081, 0x80af, 0x8081, 0x8034,
   0x8016, 0x8053, 0x8053, 0x8044, 0x8062, 0x8025, 0x8044, 0x8072, 0x8053,
   0x7fd8, 0x7f6d, 0x7ea6, 0x7f3f, 0x7f30, 0x7e96, 0x7f4e, 0x7fba, 0x7fc9,
   0x7fba, 0x7faa, 0x7faa, 0x7f8c, 0x7faa, 0x7faa, 0x7fd8, 0x8025, 0x8006,
   0x8016, 0x8016, 0x8016, 0x8006, 0x7faa, 0x7ff7, 0x7fd8, 0x8053, 0x7f9b,
   0x7fba, 0x7ff7, 0x8025, 0x8044, 0x8016, 0x8016, 0x8006, 0x8053, 0x7fd8,
   0x7fd8, 0x7fe8, 0x8006, 0x8053, 0x8006, 0x7fd8, 0x8016, 0x7f9b, 0x7fd8,
   0x7fc9, 0x7fc9, 0x8006, 0x8062, 0x8034, 0x8062, 0x8025, 0x7fba, 0x7f8c,
   0x7f6d, 0x8044, 0x810b, 0x810b, 0x80dd, 0x80ce, 0x80a0, 0x8034, 0x8016,
   0x7ff7, 0x7f9b, 0x7fe8, 0x7fe8, 0x7f6d, 0x7ec4, 0x7f5e, 0x7f7c, 0x7fba,
   0x7faa, 0x80a0, 0x8062, 0x8006, 0x7fe8, 0x7fba, 0x7f9b, 0x7f8c, 0x7f6d,
   0x7ff7, 0x8034, 0x7fd8, 0x8006, 0x7fd8, 0x7f5e, 0x7fba, 0x8025, 0x8016,
   0x7fe8, 0x7fba, 0x7fe8, 0x7ef2, 0x7f8c, 0x7f5e, 0x7f11, 0x7f4e, 0x7fc9,
   0x8034, 0x8053, 0x8025, 0x7f9b, 0x7f8c, 0x7ff7, 0x7fe8, 0x8006, 0x8081,
   0x8044, 0x8062, 0x8044, 0x7ff7, 0x7f6d, 0x7f5e, 0x7fc9, 0x7fc9, 0x7fc9,
   0x7f02, 0x7ff7, 0x7ff7, 0x7fba, 0x7fd8, 0x7ff7, 0x7fba, 0x7fe8, 0x8072,
   0x8044, 0x7fc9, 0x7ff7, 0x8006, 0x7fba, 0x7fd8, 0x8062, 0x8053, 0x8062,
   0x8053, 0x8025, 0x7fc9, 0x7f5e, 0x7f3f, 0x7e78, 0x7f20, 0x7fba, 0x7faa,
   0x8006, 0x8025, 0x8053, 0x8081, 0x8025, 0x8062, 0x8062, 0x8072, 0x8053,
   0x8034, 0x7fd8, 0x80ec, 0x810b, 0x80ce, 0x8053, 0x7faa, 0x7f9b, 0x7f6d,
   0x7ee3, 0x7eb5, 0x7ed4, 0x7f6d, 0x7f5e, 0x7fc9, 0x8006, 0x8044, 0x8081,
   0x8053, 0x8006, 0x8016, 0x7fe8, 0x8025, 0x8006, 0x7f9b, 0x7faa, 0x7f9b,
   0x7f3f, 0x7f8c, 0x7fba, 0x8006, 0x8016, 0x8006, 0x8044, 0x8006, 0x8006,
   0x8016, 0x7faa, 0x7f8c, 0x7f02, 0x7f9b, 0x7faa, 0x7faa, 0x8062, 0x8072,
   0x8053, 0x8062, 0x8044, 0x7fba, 0x8034, 0x8081, 0x80af, 0x812a, 0x811a,
   0x80ce, 0x8081, 0x8044, 0x7fe8, 0x7fc9, 0x7fc9, 0x7f8c, 0x7f30, 0x7fd8,
   0x8034, 0x8025, 0x7ff7, 0x8016, 0x8016, 0x8016, 0x8025, 0x7fd8, 0x8034,
   0x7fba, 0x7fd8, 0x7f9b, 0x7f9b, 0x7f8c, 0x7faa, 0x7fc9, 0x8025, 0x8044,
   0x80be, 0x812a, 0x80dd, 0x8195, 0x80ce, 0x80a0, 0x80af, 0x8072, 0x8044,
   0x8072, 0x80fc, 0x8062, 0x8025, 0x8053, 0x8034, 0x8016, 0x8044, 0x7fe8,
   0x7ff7, 0x8025, 0x8016, 0x8006, 0x8044, 0x7ff7, 0x8006, 0x8006, 0x8053,
   0x8090, 0x8062, 0x8062, 0x80ce, 0x80af, 0x8053, 0x7fd8, 0x7ff7, 0x7f8c,
   0x7fd8, 0x7fe8, 0x7faa, 0x8006, 0x8016, 0x8016, 0x8034, 0x8006, 0x8062,
   0x8006, 0x8016, 0x7fe8, 0x7fe8, 0x7f8c, 0x7fba, 0x7f7c, 0x7fd8, 0x7f8c,
   0x7f5e, 0x7f9b, 0x7fba, 0x7f30, 0x7f8c, 0x7f7c, 0x7faa, 0x8006, 0x7ff7,
   0x8016, 0x7fe8, 0x7ff7, 0x7fc9, 0x7f9b, 0x7f8c, 0x7ee3, 0x7fba, 0x7f9b,
   0x7faa, 0x8006, 0x7fe8, 0x7fba, 0x7faa, 0x7f8c, 0x8006, 0x8062, 0x8081,
   0x8053, 0x8044, 0x80fc, 0x8148, 0x8090, 0x8016, 0x7fba, 0x7fe8, 0x7fba,
   0x7f9b, 0x7faa, 0x7fba, 0x7fd8, 0x7fd8, 0x8006, 0x7ff7, 0x8006, 0x8025,
   0x7f7c, 0x7faa, 0x7f7c, 0x7f7c, 0x7ed4, 0x7ec4, 0x7f8c, 0x7fba, 0x7ff7,
   0x8034, 0x8044, 0x8090, 0x80a0, 0x8081, 0x8081, 0x80be, 0x8090, 0x8044,
   0x8025, 0x8016, 0x7fc9, 0x8025, 0x80a0, 0x8072, 0x8072, 0x7ff7, 0x7fe8,
   0x8006, 0x8006, 0x8006, 0x8025, 0x7ff7, 0x7fe8, 0x7f9b, 0x7f20, 0x7fc9,
   0x7fd8, 0x8006, 0x80af, 0x8081, 0x80ce, 0x80a0, 0x80be, 0x810b, 0x80dd,
   0x80be, 0x8081, 0x8044, 0x8025, 0x8006, 0x7fc9, 0x8006, 0x8062, 0x8053,
   0x80a0, 0x8081, 0x80a0, 0x8025, 0x8044, 0x7f8c, 0x7f7c, 0x8006, 0x8044,
   0x80be, 0x80be, 0x8081, 0x8006, 0x8034, 0x7fba, 0x7f02, 0x7ee3, 0x7f20,
   0x7f30, 0x7fe8, 0x7fc9, 0x8053, 0x8072, 0x7fc9, 0x7ee3, 0x7e2b, 0x7d54,
   0x7cac, 0x7cf8, 0x7e96, 0x8090, 0x81e2, 0x8195, 0x81e2, 0x8139, 0x811a,
   0x80a0, 0x8062, 0x8006, 0x7fe8, 0x8006, 0x8025, 0x80af, 0x8044, 0x80a0,
   0x80a0, 0x8081, 0x8034, 0x7fe8, 0x7f8c, 0x7f6d, 0x7f8c, 0x7f9b, 0x7ff7,
   0x8006, 0x80a0, 0x80be, 0x80af, 0x80ec, 0x811a, 0x8053, 0x8006, 0x8062,
   0x80af, 0x80ec, 0x8148, 0x80fc, 0x812a, 0x80fc, 0x8139, 0x8167, 0x8053,
   0x8006, 0x8006, 0x7ff7, 0x8053, 0x80be, 0x8072, 0x8025, 0x8006, 0x7fd8,
   0x8025, 0x8072, 0x8081, 0x80af, 0x8044, 0x8006, 0x7f9b, 0x7ff7, 0x8006,
   0x7fd8, 0x7fe8, 0x8025, 0x8006, 0x7faa, 0x7fba, 0x7ff7, 0x8016, 0x8062,
   0x8072, 0x8044, 0x80ce, 0x80ce, 0x80ec, 0x8062, 0x7fe8, 0x7fd8, 0x7fe8,
   0x7fd8, 0x7f9b, 0x7f5e, 0x7f8c, 0x8053, 0x8062, 0x80a0, 0x8090, 0x8081,
   0x8053, 0x7fc9, 0x7fe8, 0x7fd8, 0x7fd8, 0x7ff7, 0x8006, 0x7ff7, 0x8025,
   0x8034, 0x8006, 0x8025, 0x8062, 0x8025, 0x80a0, 0x7f9b, 0x7f8c, 0x7f02,
   0x7f02, 0x8006, 0x80af, 0x8072, 0x8062, 0x8090, 0x8044, 0x8006, 0x8044,
   0x7fe8, 0x7fd8, 0x8016, 0x8072, 0x8044, 0x8053, 0x8072, 0x80ec, 0x8006,
   0x7fba, 0x7f11, 0x7ed4, 0x7ea6, 0x7ef2, 0x7faa, 0x8025, 0x8072, 0x80af,
   0x80be, 0x80ec, 0x80dd, 0x80ce, 0x80ce, 0x80fc, 0x8062, 0x8006, 0x8034,
   0x8053, 0x8034, 0x8072, 0x8016, 0x8025, 0x8006, 0x8006, 0x8016, 0x8053,
   0x8006, 0x7fd8, 0x7fe8, 0x7ff7, 0x8016, 0x7ff7, 0x7fd8, 0x7faa, 0x7fe8,
   0x8006, 0x8034, 0x7eb5, 0x7f02, 0x7f5e, 0x7f5e, 0x7f3f, 0x8006, 0x8044,
   0x8090, 0x80a0, 0x8016, 0x8053, 0x8034, 0x8006, 0x7fd8, 0x8062, 0x8044,
   0x8090, 0x8034, 0x8016, 0x8090, 0x80a0, 0x80ec, 0x8090, 0x80a0, 0x8044,
   0x7ff7, 0x7fc9, 0x7f5e, 0x7fe8, 0x8006, 0x7fd8, 0x7fd8, 0x7f6d, 0x7ff7,
   0x7fc9, 0x7faa, 0x7f30, 0x7ed4, 0x7f6d, 0x7f6d, 0x7f7c, 0x7f9b, 0x7faa,
   0x7f7c, 0x7fe8, 0x7fba, 0x7f5e, 0x8016, 0x80a0, 0x80a0, 0x8090, 0x8034,
   0x8006, 0x7f6d, 0x7f9b, 0x7fd8, 0x8053, 0x80ce, 0x80ec, 0x80ec, 0x811a,
   0x8090, 0x8062, 0x8062, 0x8072, 0x8081, 0x8053, 0x7f5e, 0x7eb5, 0x7e78,
   0x7e2b, 0x7ee3, 0x7e87, 0x7f9b, 0x7f8c, 0x7f6d, 0x7fc9, 0x7fe8, 0x7faa,
   0x8044, 0x8044, 0x8025, 0x8034, 0x7fe8, 0x7f8c, 0x7faa, 0x7fe8, 0x8016,
   0x8034, 0x8090, 0x8034, 0x8006, 0x7fc9, 0x7faa, 0x7fe8, 0x7fe8, 0x7fd8,
   0x7fe8, 0x8006, 0x8053, 0x8006, 0x8006, 0x8006, 0x7f30, 0x7f30, 0x7f4e,
   0x7f8c, 0x8016, 0x8016, 0x8090, 0x80be, 0x80dd, 0x80ec, 0x80be, 0x8016,
   0x7fba, 0x7faa, 0x7fe8, 0x8016, 0x7ff7, 0x8072, 0x8053, 0x8090, 0x8081,
   0x80ce, 0x80ec, 0x80af, 0x8044, 0x8053, 0x8025, 0x8053, 0x8044, 0x7fe8,
   0x7ff7, 0x7fd8, 0x7fe8, 0x7fba, 0x8016, 0x80af, 0x80ec, 0x8016, 0x8025,
   0x7fd8, 0x7f3f, 0x7ed4, 0x7ef2, 0x7f02, 0x7ef2, 0x7f20, 0x7fba, 0x7ff7,
   0x8081, 0x80dd, 0x80dd, 0x80ec, 0x80af, 0x8016, 0x7f9b, 0x7f02, 0x7f5e,
   0x7fd8, 0x7ff7, 0x7fba, 0x8006, 0x8053, 0x7ff7, 0x8034, 0x8053, 0x8016,
   0x8034, 0x8016, 0x8034, 0x8044, 0x8062, 0x8006, 0x8006, 0x8006, 0x7fe8,
   0x8016, 0x8062, 0x7faa, 0x7fba, 0x7f9b, 0x7f02, 0x7ef2, 0x7f4e, 0x7f6d,
   0x7f9b, 0x7fd8, 0x7fe8, 0x7faa, 0x7fd8, 0x8062, 0x8062, 0x8016, 0x8081,
   0x8025, 0x7ff7, 0x8016, 0x7fba, 0x8006, 0x8006, 0x8072, 0x80be, 0x8062,
   0x8053, 0x8053, 0x8025, 0x8006, 0x7f7c, 0x7f8c, 0x7f02, 0x7f30, 0x7f30,
   0x8034, 0x8072, 0x8090, 0x8139, 0x81a4, 0x812a, 0x7ff7, 0x7eb5, 0x7e78,
   0x7e0c, 0x7e96, 0x7e87, 0x7f02, 0x7f5e, 0x7faa, 0x8025, 0x8006, 0x8081,
   0x80dd, 0x80ce, 0x8034, 0x7fc9, 0x7f8c, 0x7fc9, 0x8062, 0x80fc, 0x80dd,
   0x8148, 0x8090, 0x8034, 0x7fd8, 0x7fd8, 0x8025, 0x8062, 0x8072, 0x8072,
   0x80fc, 0x8081, 0x8006, 0x7ff7, 0x8016, 0x8053, 0x8062, 0x80a0, 0x812a,
   0x80ec, 0x7faa, 0x7f9b, 0x7f9b, 0x8053, 0x80a0, 0x8090, 0x80a0, 0x8062,
   0x8062, 0x7fba, 0x7fba, 0x7f20, 0x7f7c, 0x7f6d, 0x7f5e, 0x7f7c, 0x7f3f,
   0x7f7c, 0x7fe8, 0x7ff7, 0x8034, 0x80ce, 0x80ec, 0x810b, 0x7fc9, 0x7faa,
   0x7f8c, 0x8006, 0x8062, 0x8016, 0x7fd8, 0x7ed4, 0x7e2b, 0x7e87, 0x7ea6,
   0x7f30, 0x7f9b, 0x7fd8, 0x8025, 0x8006, 0x8034, 0x7f9b, 0x7f3f, 0x7ef2,
   0x7fd8, 0x7fe8, 0x7fba, 0x7fba, 0x8016, 0x8025, 0x8006, 0x7fc9, 0x7fc9,
   0x7fba, 0x7f8c, 0x7f6d, 0x7faa, 0x7f6d, 0x7ff7, 0x7fe8, 0x8025, 0x7fba,
   0x7f7c, 0x7fd8, 0x8081, 0x80a0, 0x80ce, 0x8081, 0x810b, 0x8148, 0x80af,
   0x8062, 0x8044, 0x8034, 0x8044, 0x8006, 0x8034, 0x8034, 0x7fc9, 0x7f02,
   0x7f4e, 0x8034, 0x80fc, 0x80ec, 0x80be, 0x8090, 0x8044, 0x8034, 0x8044,
   0x8034, 0x8044, 0x80ec, 0x8062, 0x7fe8, 0x7ff7, 0x8034, 0x8044, 0x8072,
   0x80be, 0x8044, 0x8062, 0x8053, 0x7fc9, 0x7fba, 0x7fd8, 0x8025, 0x8034,
   0x7ff7, 0x7f9b, 0x7f9b, 0x8006, 0x8090, 0x8081, 0x8062, 0x8044, 0x8044,
   0x8034, 0x8006, 0x8006, 0x7fd8, 0x8006, 0x7f9b, 0x7fc9, 0x7fd8, 0x8062,
   0x8025, 0x7ff7, 0x7f9b, 0x7f6d, 0x7ed4, 0x7ed4, 0x7ee3, 0x7f3f, 0x7fba,
   0x7fc9, 0x8072, 0x7ff7, 0x7ff7, 0x8081, 0x8081, 0x8081, 0x8062, 0x7fd8,
   0x8016, 0x8006, 0x8006, 0x8053, 0x8090, 0x8044, 0x80a0, 0x8016, 0x7fd8,
   0x8016, 0x8081, 0x80a0, 0x8053, 0x8072, 0x7ff7, 0x8025, 0x7ff7, 0x8044,
   0x8006, 0x7ef2, 0x7f20, 0x7f9b, 0x7f11, 0x7faa, 0x7f9b, 0x7faa, 0x7faa,
   0x7faa, 0x8016, 0x80af, 0x8081, 0x8044, 0x8034, 0x8081, 0x80be, 0x8090,
   0x8072, 0x8044, 0x8081, 0x7f9b, 0x7f9b, 0x7fd8, 0x7f20, 0x7f3f, 0x7faa,
   0x7fd8, 0x8006, 0x7fd8, 0x8053, 0x7fba, 0x8006, 0x8044, 0x8044, 0x8016,
   0x7fe8, 0x8006, 0x7ff7, 0x7fd8, 0x7fd8, 0x8006, 0x7fe8, 0x8006, 0x8053,
   0x8072, 0x8053, 0x8090, 0x80fc, 0x8062, 0x7ff7, 0x7fe8, 0x8016, 0x8034,
   0x8053, 0x7fc9, 0x7faa, 0x7faa, 0x7fc9, 0x7fd8, 0x7fe8, 0x8053, 0x8072,
   0x8044, 0x8025, 0x8034, 0x80a0, 0x8081, 0x8025, 0x7fc9, 0x7fd8, 0x8062,
   0x8034, 0x7faa, 0x7f8c, 0x7f3f, 0x7f6d, 0x7f8c, 0x7f5e, 0x7f8c, 0x7fba,
   0x7fba, 0x7faa, 0x7fe8, 0x8016, 0x8016, 0x8044, 0x8062, 0x8016, 0x7ff7,
   0x8006, 0x8006, 0x8062, 0x8072, 0x7fe8, 0x7fba, 0x7fba, 0x7f9b, 0x7fba,
   0x7f7c, 0x7fba, 0x8006, 0x80a0, 0x80fc, 0x8072, 0x7fc9, 0x7fba, 0x7fc9,
   0x7faa, 0x7f8c, 0x7f7c, 0x7ee3, 0x7fba, 0x7ff7, 0x8006, 0x8016, 0x8006,
   0x8025, 0x8025, 0x7fe8, 0x7fba, 0x7f9b, 0x7fc9, 0x7fd8, 0x8016, 0x8006,
   0x7fe8, 0x7ff7, 0x7ff7, 0x8025, 0x7ff7, 0x7fe8, 0x7fc9, 0x7f3f, 0x7ee3,
   0x7f8c, 0x7fc9, 0x7f9b, 0x7f9b, 0x7f11, 0x7f9b, 0x7fba, 0x7ff7, 0x7ff7,
   0x8006, 0x8006, 0x7f5e, 0x7f4e, 0x7f9b, 0x8053, 0x8025, 0x8006, 0x8062,
   0x8034, 0x7fba, 0x7f4e, 0x7f3f, 0x7f7c, 0x7fba, 0x7f7c, 0x8006, 0x7f30,
   0x7e1c, 0x7d73, 0x7c5f, 0x7d92, 0x7f4e, 0x8044, 0x80dd, 0x8090, 0x80a0,
   0x80ec, 0x80ec, 0x80af, 0x8044, 0x7ff7, 0x8025, 0x8016, 0x7fe8, 0x7ff7,
   0x80dd, 0x80a0, 0x80dd, 0x80be, 0x8053, 0x8016, 0x7ff7, 0x7ff7, 0x7f4e,
   0x7f5e, 0x7fc9, 0x7f9b, 0x8006, 0x7f20, 0x7e96, 0x7ed4, 0x7f5e, 0x7faa,
   0x7ff7, 0x8006, 0x8072, 0x80af, 0x80af, 0x8081, 0x8053, 0x8006, 0x8006,
   0x7fd8, 0x7fd8, 0x7fd8, 0x7ee3, 0x7ec4, 0x7ef2, 0x7e2b, 0x7e2b, 0x7f02,
   0x7f02, 0x7f7c, 0x7f4e, 0x7f11, 0x7f3f, 0x7f4e, 0x7f20, 0x7ec4, 0x7fc9,
   0x7fe8, 0x80dd, 0x812a, 0x80dd, 0x8025, 0x8006, 0x7fc9, 0x8006, 0x7f9b,
   0x7f6d, 0x7f8c, 0x7fe8, 0x7ff7, 0x8044, 0x8072, 0x80af, 0x8072, 0x8025,
   0x7ff7, 0x8053, 0x8044, 0x8072, 0x8053, 0x8016, 0x8034, 0x8053, 0x8053,
   0x80af, 0x80af, 0x80af, 0x8034, 0x7ef2, 0x7dee, 0x7e3a, 0x7ef2, 0x8044,
   0x812a, 0x80ec, 0x810b, 0x80dd, 0x8072, 0x80dd, 0x8148, 0x8081, 0x8006,
   0x8034, 0x8044, 0x8072, 0x8016, 0x8006, 0x7f8c, 0x7f30, 0x7ed4, 0x7f3f,
   0x7f6d, 0x8044, 0x8016, 0x7fc9, 0x7f9b, 0x7f02, 0x7f6d, 0x7f5e, 0x7f7c,
   0x8006, 0x8034, 0x8081, 0x8072, 0x8034, 0x8072, 0x8053, 0x8006, 0x7fc9,
   0x7f5e, 0x7f7c, 0x7faa, 0x7f20, 0x7f20, 0x7f9b, 0x7f9b, 0x7f9b, 0x7f6d,
   0x7faa, 0x7faa, 0x7ff7, 0x7fe8, 0x7ff7, 0x8025, 0x8072, 0x8053, 0x7fc9,
   0x7e68, 0x7ea6, 0x7faa, 0x8006, 0x8062, 0x80dd, 0x80dd, 0x80be, 0x80dd,
   0x80ce, 0x8006, 0x7f8c, 0x8062, 0x80af, 0x8016, 0x8016, 0x7fc9, 0x7faa,
   0x8006, 0x8072, 0x8062, 0x8072, 0x8016, 0x8016, 0x8006, 0x8025, 0x80a0,
   0x8081, 0x8090, 0x80be, 0x8062, 0x7f7c, 0x7f6d, 0x7f4e, 0x8006, 0x7faa,
   0x7ed4, 0x7f02, 0x7e78, 0x7e68, 0x7e68, 0x7f20, 0x8016, 0x8016, 0x8090,
   0x8090, 0x8044, 0x8025, 0x7fe8, 0x7f4e, 0x7faa, 0x7faa, 0x8016, 0x8006,
   0x8044, 0x8044, 0x8062, 0x7fd8, 0x7fc9, 0x8034, 0x7fc9, 0x8090, 0x8025,
   0x7fd8, 0x7fd8, 0x7fd8, 0x8006, 0x7f6d, 0x7f8c, 0x8006, 0x7fba, 0x8072,
   0x80a0, 0x80be, 0x8072, 0x8016, 0x7fc9, 0x8006, 0x8034, 0x80dd, 0x80fc,
   0x811a, 0x80ce, 0x8006, 0x7fe8, 0x8006, 0x8062, 0x8016, 0x8016, 0x7fe8,
   0x7fba, 0x7f11, 0x8016, 0x8034, 0x8025, 0x8006, 0x7fc9, 0x8025, 0x8034,
   0x8072, 0x80ec, 0x80dd, 0x8062, 0x8062, 0x8053, 0x8053, 0x810b, 0x810b,
   0x8006, 0x8044, 0x8081, 0x8025, 0x8053, 0x8006, 0x8006, 0x8006, 0x7f3f,
   0x7f8c, 0x7faa, 0x7faa, 0x7f8c, 0x7fd8, 0x7fba, 0x8016, 0x8006, 0x7ff7,
   0x8016, 0x8062, 0x8025, 0x8081, 0x8016, 0x8034, 0x8090, 0x8062, 0x8062,
   0x8016, 0x7fd8, 0x7ff7, 0x8016, 0x8006, 0x7fe8, 0x7fd8, 0x8025, 0x80a0,
   0x811a, 0x8044, 0x8062, 0x7fe8, 0x8016, 0x7faa, 0x7f5e, 0x7f7c, 0x7f7c,
   0x7f30, 0x7f4e, 0x7f3f, 0x7faa, 0x8006, 0x7faa, 0x7fd8, 0x7fe8, 0x8034,
   0x8062, 0x8016, 0x8006, 0x8044, 0x8034, 0x8044, 0x7fe8, 0x8044, 0x8072,
   0x8072, 0x8016, 0x8025, 0x8016, 0x7ff7, 0x7fe8, 0x8044, 0x8016, 0x8062,
   0x80af, 0x80af, 0x80af, 0x8090, 0x8062, 0x8044, 0x8044, 0x8016, 0x7fe8,
   0x7fc9, 0x8006, 0x8006, 0x8053, 0x8006, 0x7faa, 0x7fd8, 0x7ff7, 0x7fe8,
   0x8006, 0x8006, 0x7faa, 0x7fd8, 0x8006, 0x7fba, 0x7f8c, 0x7f8c, 0x7f9b,
   0x7f8c, 0x8025, 0x8025, 0x8025, 0x8044, 0x7fe8, 0x8062, 0x80ec, 0x8072,
   0x80ce, 0x8072, 0x8006, 0x7fd8, 0x7fe8, 0x8006, 0x8044, 0x8081, 0x80a0,
   0x80a0, 0x80dd, 0x8053, 0x7faa, 0x7ef2, 0x7f02, 0x7fc9, 0x7f4e, 0x7f3f,
   0x7fc9, 0x7fe8, 0x8006, 0x8044, 0x8006, 0x7f9b, 0x7f9b, 0x7f4e, 0x7fba,
   0x8016, 0x8053, 0x80a0, 0x8053, 0x8053, 0x8072, 0x80dd, 0x8025, 0x8044,
   0x8006, 0x7faa, 0x7fd8, 0x8006, 0x8016, 0x8006, 0x8053, 0x8006, 0x8025,
   0x8044, 0x8072, 0x80ce, 0x8025, 0x8034, 0x8062, 0x8090, 0x8006, 0x7f9b,
   0x7f30, 0x7f30, 0x7ff7, 0x8034, 0x8044, 0x7fe8, 0x8006, 0x8006, 0x8053,
   0x8016, 0x8006, 0x8053, 0x8081, 0x8081, 0x8081, 0x80af, 0x8062, 0x8034,
   0x7ff7, 0x7fba, 0x7f8c, 0x7f7c, 0x7f8c, 0x7f8c, 0x7fd8, 0x7ff7, 0x7f9b,
   0x7f7c, 0x7faa, 0x7f9b, 0x7fba, 0x8025, 0x8072, 0x8006, 0x7fd8, 0x7fe8,
   0x7f9b, 0x7fc9, 0x7f9b, 0x7f8c, 0x7fc9, 0x7ff7, 0x7ff7, 0x7fe8, 0x7fd8,
   0x7fe8, 0x7f02, 0x7f8c, 0x7f9b, 0x7fba, 0x7ff7, 0x7ff7, 0x7f6d, 0x7f8c,
   0x7fd8, 0x8006, 0x8044, 0x7ff7, 0x8006, 0x8090, 0x80ec, 0x810b, 0x80ec,
   0x80be, 0x80dd, 0x80be, 0x8016, 0x7fe8, 0x7fe8, 0x8044, 0x8062, 0x8016,
   0x8072, 0x8025, 0x7fc9, 0x7f7c, 0x7ed4, 0x7f02, 0x7fba, 0x8025, 0x7faa,
   0x7f8c, 0x7f8c, 0x7fe8, 0x8016, 0x7fc9, 0x7e78, 0x7ef2, 0x7ee3, 0x7ed4,
   0x7ec4, 0x7f30, 0x7fc9, 0x8090, 0x8081, 0x80a0, 0x8090, 0x7fba, 0x7fba,
   0x7f8c, 0x7fe8, 0x7fe8, 0x8081, 0x8090, 0x8034, 0x8006, 0x7faa, 0x7ea6,
   0x7e87, 0x7ef2, 0x7ef2, 0x7ef2, 0x7ef2, 0x7fc9, 0x8034, 0x80af, 0x8044,
   0x8062, 0x8016, 0x7fc9, 0x8025, 0x7fc9, 0x7f8c, 0x7f9b, 0x7faa, 0x7fba,
   0x8006, 0x8006, 0x8042, 0x8044, 0x7fd8, 0x7f4e, 0x7f11, 0x7f02, 0x7f4e,
   0x7fba, 0x7ff7, 0x8072, 0x8016, 0x8034, 0x8006, 0x8016, 0x8044, 0x8006,
   0x8025, 0x8044, 0x8025, 0x7fe8, 0x8016, 0x8016, 0x8090, 0x8053, 0x8044,
   0x8016, 0x8006, 0x8044, 0x8044, 0x7fd8, 0x7f5e, 0x7f5e, 0x7f02, 0x7f3f,
   0x7f5e, 0x7ff7, 0x7fd8, 0x8016, 0x8034, 0x8044, 0x7fe8, 0x7f9b, 0x7f6d,
   0x7f4e, 0x7f30, 0x7fba, 0x7faa, 0x8006, 0x8025, 0x8062, 0x80a0, 0x80dd,
   0x80dd, 0x80a0, 0x8081, 0x8090, 0x8090, 0x8034, 0x8090, 0x8044, 0x8062,
   0x8034, 0x8016, 0x8006, 0x7faa, 0x7f6d, 0x7f20, 0x7f9b, 0x7f6d, 0x7faa,
   0x7f3f, 0x7f9b, 0x7f9c, 0x7f7c, 0x7f3f, 0x7f20, 0x7f11, 0x7f20, 0x7f6e,
   0x80a0, 0x8044, 0x8081, 0x8006, 0x8017, 0x7f9b, 0x7f8c, 0x7fba, 0x7f8c,
   0x7faa, 0x7fba, 0x8016, 0x8081, 0x8053, 0x80a0, 0x8006, 0x8006, 0x8016,
   0x7fe8, 0x7f9b, 0x7f8c, 0x7faa, 0x8006, 0x7fc9, 0x7f7c, 0x7fba, 0x7fba,
   0x8006, 0x80a0, 0x8062, 0x8072, 0x8034, 0x7fc9, 0x8025, 0x8016, 0x8025,
   0x7ff7, 0x8034, 0x7fd8, 0x7ff7, 0x8016, 0x8006, 0x7fc9, 0x7f7c, 0x7f7c,
   0x8034, 0x7fd8, 0x7fc9, 0x7f3f, 0x7f4e, 0x7ef2, 0x7f6d, 0x7ff7, 0x80af,
   0x80dd, 0x811a, 0x811a, 0x8148, 0x8158, 0x812a, 0x8176, 0x80fc, 0x8053,
   0x7ff7, 0x7ff7, 0x7f9b, 0x7faa, 0x7fc9, 0x7faa, 0x7f5e, 0x7f8c, 0x7faa,
   0x7f11, 0x7f6d, 0x7f8c, 0x7f7c, 0x7fe8, 0x8081, 0x80af, 0x7faa, 0x7f8c,
   0x7fc9, 0x7f8c, 0x7f9b, 0x7f02, 0x7f20, 0x7ec4, 0x7eb5, 0x7e78, 0x7ee3,
   0x7f5e, 0x8034, 0x8016, 0x8034, 0x8053, 0x8006, 0x8081, 0x811a, 0x8072,
   0x80a0, 0x7f9b, 0x7f02, 0x7fe8, 0x8053, 0x80a0, 0x8062, 0x8016, 0x7fd8,
   0x8016, 0x8062, 0x8148, 0x8176, 0x80dd, 0x7fc9, 0x7ea6, 0x7e59, 0x7dee,
   0x7e4a, 0x7e96, 0x7f4e, 0x7f6d, 0x7f8c, 0x7fd8, 0x7f02, 0x7f3f, 0x7eb5,
   0x7f3f, 0x7faa, 0x7f6d, 0x7fd8, 0x7faa, 0x7fc9, 0x7faa, 0x8034, 0x80be,
   0x8006, 0x7fe8, 0x7ff7, 0x8025, 0x8062, 0x8034, 0x8062, 0x8006, 0x7fd8,
   0x8016, 0x8072, 0x8081, 0x8025, 0x7fd8, 0x8025, 0x8006, 0x8016, 0x8062,
   0x8025, 0x7fc9, 0x7faa, 0x7fd8, 0x7ff7, 0x8006, 0x8053, 0x80af, 0x80a0,
   0x8072, 0x8062, 0x8062, 0x8034, 0x8034, 0x8034, 0x7f02, 0x7f20, 0x7ed4,
   0x7f02, 0x7f8c, 0x7fd8, 0x8053, 0x8062, 0x8053, 0x8016, 0x8016, 0x8044,
   0x8025, 0x8016, 0x7fc9, 0x7fba, 0x7fe8, 0x8006, 0x7ff7, 0x7fd8, 0x8006,
   0x8062, 0x810b, 0x80be, 0x80dd, 0x80ec, 0x80be, 0x8044, 0x8006, 0x7ff7,
   0x7f5e, 0x7eb5, 0x7f7c, 0x7fe8, 0x8006, 0x8062, 0x8044, 0x8044, 0x7ff7,
   0x7ff7, 0x8006, 0x8016, 0x7f4e, 0x7f7c, 0x7fba, 0x7ff7, 0x8016, 0x8072,
   0x8090, 0x8025, 0x7ff8, 0x7f7c, 0x7fe9, 0x8006, 0x8072, 0x80be, 0x80af,
   0x8062, 0x8053, 0x8070, 0x8081, 0x8034, 0x8006, 0x8025, 0x7f8c, 0x8006,
   0x8081, 0x8072, 0x8053, 0x8034, 0x8016, 0x7faa, 0x7f8c, 0x7faa, 0x7fc9,
   0x7fe8, 0x8034, 0x7f8c, 0x7f8c, 0x7f5e, 0x7f20, 0x7f9b, 0x8034, 0x8062,
   0x8062, 0x80af, 0x8148, 0x80dd, 0x8062, 0x8006, 0x8034, 0x7ff7, 0x8016,
   0x8006, 0x7fba, 0x7faa, 0x7ff7, 0x8006, 0x8006, 0x8016, 0x8006, 0x8006,
   0x8072, 0x8072, 0x8025, 0x7fd8, 0x7f8c, 0x7ff7, 0x8034, 0x80a0, 0x8006,
   0x7fba, 0x80a0, 0x80af, 0x8062, 0x8006, 0x8006, 0x7ff7, 0x7ff7, 0x7f7c,
   0x7faa, 0x7f02, 0x7ec4, 0x7f02, 0x7f11, 0x7f4e, 0x7f6d, 0x8006, 0x8062,
   0x8025, 0x8062, 0x80af, 0x80be, 0x8044, 0x7fe8, 0x8016, 0x7f8c, 0x7f7c,
   0x7f8c, 0x7fc9, 0x7ff7, 0x8025, 0x8006, 0x8053, 0x8016, 0x8006, 0x7fba,
   0x7f8c, 0x7f11, 0x7f8c, 0x7ff7, 0x8006, 0x80a0, 0x8062, 0x8081, 0x80b0,
   0x8072, 0x8016, 0x7fe8, 0x7fc9, 0x8016, 0x8016, 0x8006, 0x7fe8, 0x8053,
   0x8072, 0x8025, 0x8006, 0x7fba, 0x7f4e, 0x7f5e, 0x8034, 0x8090, 0x8072,
   0x8016, 0x7f6d, 0x7f02, 0x7ea6, 0x7f6d, 0x7f9b, 0x7faa, 0x7fba, 0x7f7c,
   0x7f9b, 0x7f6d, 0x7faa, 0x7fe8, 0x8006, 0x7fd8, 0x7ff7, 0x8006, 0x8006,
   0x7fe8, 0x8053, 0x8062, 0x8053, 0x8006, 0x8044, 0x7f5e, 0x7ea6, 0x7e78,
   0x7f6d, 0x7fd8, 0x7fc9, 0x8006, 0x8016, 0x8006, 0x7ff7, 0x7fd8, 0x7fe8,
   0x7ff7, 0x8016, 0x8006, 0x8044, 0x8053, 0x8034, 0x8025, 0x8034, 0x8034,
   0x7ff7, 0x7f6d, 0x7fc9, 0x8034, 0x8044, 0x80be, 0x8062, 0x80af, 0x80ce,
   0x80dd, 0x80ce, 0x8062, 0x8053, 0x7fc9, 0x7fba, 0x7fd8, 0x7f7c, 0x7fd8,
   0x8062, 0x8044, 0x8090, 0x80ce, 0x8062, 0x8016, 0x8044, 0x8062, 0x80af,
   0x8006, 0x7fe8, 0x7ff7, 0x7ff7, 0x8062, 0x8044, 0x8016, 0x8025, 0x7f7c,
   0x7faa, 0x7f9b, 0x7f20, 0x7f3f, 0x7fd8, 0x8044, 0x8062, 0x8025, 0x8062,
   0x8034, 0x8006, 0x7fd8, 0x8006, 0x7fc9, 0x7f9b, 0x7fc9, 0x7fba, 0x7fba,
   0x7fe8, 0x7ff7, 0x80a0, 0x812a, 0x80a0, 0x7fc9, 0x8006, 0x7f3f, 0x7f4e,
   0x7f02, 0x7faa, 0x7f9b, 0x7faa, 0x7f7c, 0x7f4e, 0x7fc9, 0x7f20, 0x7f3f,
   0x8006, 0x7f6d, 0x8016, 0x7fd8, 0x7fe8, 0x8006, 0x8081, 0x8072, 0x8072,
   0x8016, 0x8006, 0x8006, 0x8006, 0x7faa, 0x7ff7, 0x80a0, 0x812a, 0x8139,
   0x80fc, 0x8053, 0x80a0, 0x80ce, 0x80ce, 0x80ce, 0x8062, 0x7f8c, 0x7ef2,
   0x7e0c, 0x7e68, 0x7f11, 0x7fba, 0x8025, 0x8072, 0x8006, 0x7fba, 0x7fba,
   0x7fe8, 0x7f8c, 0x7fba, 0x7f8c, 0x7f8c, 0x7fd8, 0x7fc9, 0x7ff7, 0x7ff7,
   0x8025, 0x7ff7, 0x7faa, 0x7f9b, 0x7faa, 0x7fd8, 0x8016, 0x8025, 0x8025,
   0x7fd8, 0x7faa, 0x7f20, 0x7f11, 0x7ed4, 0x7ef2, 0x7f6d, 0x7f02, 0x7ec4,
   0x7e59, 0x7ff7, 0x8034, 0x80a0, 0x8081, 0x80a0, 0x7fba, 0x7fe8, 0x8006,
   0x80be, 0x812a, 0x8139, 0x811a, 0x810b, 0x80fc, 0x811a, 0x80a0, 0x8090,
   0x8081, 0x8006, 0x7fc9, 0x8006, 0x7f6d, 0x7f5e, 0x7faa, 0x8062, 0x80ce,
   0x80be, 0x80be, 0x8034, 0x8034, 0x7ff7, 0x7f7c, 0x7fd8, 0x7f9b, 0x7f7c,
   0x7fd8, 0x7fc9, 0x7f9b, 0x7f9b, 0x7f6d, 0x7f20, 0x7f3f, 0x7f8c, 0x8006,
   0x8025, 0x7f9b, 0x7f6d, 0x7ec4, 0x7f9b, 0x8006, 0x8062, 0x810b, 0x80ec,
   0x80be, 0x8034, 0x7fe8, 0x7f7c, 0x7f20, 0x7f4e, 0x8034, 0x8006, 0x7f8c,
   0x7f20, 0x7f20, 0x7f9b, 0x7f30, 0x7fba, 0x7fd8, 0x8062, 0x8062, 0x8072,
   0x7ff7, 0x80be, 0x8053, 0x8081, 0x8062, 0x7fd8, 0x7fe8, 0x8044, 0x7faa,
   0x7f6d, 0x7fc9, 0x7fba, 0x7f8c, 0x7fe8, 0x7fc9, 0x8025, 0x8025, 0x7ef2,
   0x7ef2, 0x7f5e, 0x7f4e, 0x8006, 0x8034, 0x8025, 0x8072, 0x8062, 0x8006,
   0x7ff7, 0x7fd8, 0x7f3f, 0x7f4e, 0x7fba, 0x7f9b, 0x7fe8, 0x7fe8, 0x8006,
   0x7fc9, 0x8006, 0x8034, 0x7fe8, 0x7fba, 0x7ff7, 0x7f9b, 0x7ef2, 0x7ed4,
   0x7f5e, 0x7f8c, 0x8025, 0x7fba, 0x7f3f, 0x7f11, 0x7faa, 0x7fba, 0x7f20,
   0x7fba, 0x7fd8, 0x8044, 0x8062, 0x8072, 0x80a0, 0x8025, 0x8053, 0x8081,
   0x8044, 0x80fc, 0x80fc, 0x8081, 0x7fba, 0x7f9b, 0x8006, 0x8016, 0x8034,
   0x8090, 0x812a, 0x8167, 0x80af, 0x8016, 0x7fba, 0x7fd8, 0x8016, 0x8053,
   0x80a0, 0x80fc, 0x8081, 0x8062, 0x8053, 0x8025, 0x8062, 0x80af, 0x8072,
   0x8062, 0x8044, 0x8062, 0x7ff7, 0x7f7c, 0x7f5e, 0x7f11, 0x7f20, 0x7e87,
   0x7ec4, 0x7f02, 0x7f4e, 0x7f7c, 0x7f5e, 0x7f3f, 0x7ee3, 0x7ed4, 0x7f11,
   0x7f6d, 0x7f3f, 0x7f8c, 0x7fba, 0x7f8c, 0x7f7c, 0x7fba, 0x7f9b, 0x80ce,
   0x8072, 0x8090, 0x8016, 0x8025, 0x7fc9, 0x8034, 0x8006, 0x8044, 0x8072,
   0x8081, 0x80ec, 0x812a, 0x81b4, 0x8176, 0x80ec, 0x8081, 0x80a0, 0x80ec,
   0x80ce, 0x80af, 0x8081, 0x8016, 0x7f6d, 0x7fc9, 0x8044, 0x80dd, 0x8044,
   0x7f9b, 0x7f8c, 0x7f8c, 0x7f20, 0x7f6d, 0x7faa, 0x8025, 0x8025, 0x8044,
   0x8081, 0x80be, 0x80af, 0x8006, 0x8025, 0x7fe8, 0x8025, 0x80fc, 0x8139,
   0x8167, 0x8176, 0x8139, 0x80be, 0x8006, 0x7ff7, 0x7fc9, 0x7f8c, 0x7f20,
   0x7f3f, 0x7f5e, 0x7f3f, 0x7f9b, 0x7faa, 0x7fba, 0x8072, 0x8062, 0x8034,
   0x7fe8, 0x8006, 0x8034, 0x8016, 0x8025, 0x7fba, 0x7ef2, 0x7eb5, 0x7faa,
   0x8016, 0x8044, 0x8016, 0x8025, 0x7f9b, 0x7f6d, 0x7f20, 0x7faa, 0x8053,
   0x8090, 0x8139, 0x80fc, 0x80af, 0x812a, 0x8072, 0x8044, 0x80ce, 0x7fd8,
   0x7faa, 0x7fd8, 0x7fba, 0x8034, 0x8062, 0x8016, 0x8053, 0x7fd8, 0x8062,
   0x80a0, 0x7ff7, 0x8025, 0x8016, 0x8016, 0x8044, 0x7fc9, 0x7fe8, 0x7fc9,
   0x8072, 0x8090, 0x80a0, 0x810b, 0x8148, 0x80dd, 0x80a0, 0x80af, 0x80af,
   0x80a0, 0x80dd, 0x8090, 0x80af, 0x8148, 0x811a, 0x80ce, 0x8034, 0x7f6d,
   0x7f5e, 0x7f9b, 0x7f11, 0x7f5e, 0x8053, 0x8034, 0x80a0, 0x8062, 0x8053,
   0x8034, 0x8053, 0x8044, 0x7faa, 0x7fba, 0x7fd8, 0x7fc9, 0x8081, 0x7faa,
   0x7f20, 0x7f7c, 0x7fba, 0x7fd8, 0x7fe8, 0x8006, 0x8044, 0x80ce, 0x8053,
   0x8025, 0x8072, 0x7fc9, 0x7fba, 0x8016, 0x7fc9, 0x7fd8, 0x8006, 0x8053,
   0x8006, 0x8006, 0x8034, 0x7ff7, 0x8016, 0x7fe8, 0x8025, 0x8062, 0x7f9b,
   0x7f7c, 0x7f4e, 0x7ec4, 0x7f7c, 0x7faa, 0x7fe8, 0x8034, 0x8072, 0x8090,
   0x8053, 0x7f6d, 0x7fba, 0x7f9b, 0x7fba, 0x8081, 0x80af, 0x8044, 0x8006,
   0x7fd8, 0x7fd8, 0x7ef2, 0x7f6d, 0x7f7c, 0x7fba, 0x7f9b, 0x7f8c, 0x7f6d,
   0x8006, 0x8016, 0x80be, 0x80dd, 0x8081, 0x8062, 0x8053, 0x7fd8, 0x7f6d,
   0x7f9b, 0x7fd8, 0x7faa, 0x7fd8, 0x7ff7, 0x8006, 0x8034, 0x8062, 0x80fc,
   0x812a, 0x810b, 0x80a0, 0x8044, 0x8072, 0x8016, 0x7fc9, 0x7fc9, 0x8053,
   0x80ce, 0x7f8c, 0x7ec4, 0x7ee3, 0x7f02, 0x7f30, 0x7f30, 0x7fe8, 0x7fba,
   0x7fd8, 0x7fc9, 0x7f6d, 0x7ef2, 0x7f5e, 0x8016, 0x8006, 0x80af, 0x8006,
   0x8053, 0x8016, 0x8016, 0x8006, 0x7fc9, 0x7f20, 0x7ef2, 0x7f8c, 0x7f5e,
   0x8025, 0x80a0, 0x812a, 0x80ec, 0x8090, 0x8081, 0x8034, 0x8025, 0x8034,
   0x8081, 0x8072, 0x8090, 0x80be, 0x8090, 0x8053, 0x80a0, 0x80ce, 0x811a,
   0x8139, 0x80dd, 0x8053, 0x8034, 0x8044, 0x7ff7, 0x7fe8, 0x7fd8, 0x7f7c,
   0x7f5e, 0x7fba, 0x8006, 0x8090, 0x8044, 0x7faa, 0x8006, 0x8034, 0x8016,
   0x8053, 0x80af, 0x80dd, 0x8090, 0x7ff7, 0x7fba, 0x7fba, 0x7fd8, 0x8006,
   0x8006, 0x8006, 0x8006, 0x7fc9, 0x8006, 0x8006, 0x7fe8, 0x8006, 0x7f6d,
   0x7f3f, 0x7fc9, 0x7fe8, 0x8025, 0x8006, 0x7fba, 0x7ed4, 0x7faa, 0x7f3f,
   0x7f11, 0x7ed4, 0x7faa, 0x8025, 0x8072, 0x8034, 0x80a0, 0x80a0, 0x8072,
   0x8006, 0x7ff7, 0x7faa, 0x7ff7, 0x7fe8, 0x8016, 0x8025, 0x8006, 0x8062,
   0x8072, 0x8044, 0x8044, 0x8044, 0x80a0, 0x80af, 0x8034, 0x8062, 0x8006,
   0x8053, 0x8072, 0x80a0, 0x8053, 0x8006, 0x7f9b, 0x8034, 0x8025, 0x7ff7,
   0x8006, 0x8034, 0x8053, 0x8025, 0x8081, 0x80a0, 0x80ec, 0x8072, 0x7ff7,
   0x7f8c, 0x7f02, 0x7ec4, 0x7f20, 0x7f20, 0x7fe8, 0x7fd8, 0x8044, 0x80a0,
   0x80af, 0x811a, 0x80fc, 0x80ce, 0x80a0, 0x8062, 0x7fe8, 0x7ff7, 0x8025,
   0x80dd, 0x8090, 0x8053
};

static const uint16_t SPIKESMF[30000] = {
   0x8012, 0x7f69, 0x7fe4, 0x8012, 0x80ac, 0x806e, 0x80ca, 0x7ff3, 0x7efe,
   0x7f3b, 0x7fa7, 0x7fe4, 0x8003, 0x8012, 0x8022, 0x8012, 0x8031, 0x8012,
   0x7fe4, 0x7fe4, 0x7f69, 0x7f88, 0x8003, 0x7f79, 0x7efe, 0x7f2c, 0x7f97,
   0x7f3b, 0x7fc5, 0x7ff3, 0x8031, 0x8003, 0x7fa7, 0x7f97, 0x7fb6, 0x805f,
   0x8031, 0x7fb6, 0x8031, 0x809c, 0x80bb, 0x805f, 0x8003, 0x7efe, 0x7eef,
   0x7efe, 0x7ed0, 0x7f3b, 0x7fa7, 0x8040, 0x8012, 0x8050, 0x80e9, 0x80bb,
   0x80f8, 0x80ca, 0x7ff3, 0x805f, 0x809c, 0x809c, 0x805f, 0x8022, 0x8040,
   0x8050, 0x7fd5, 0x7edf, 0x7ea2, 0x7edf, 0x7ed0, 0x7edf, 0x7f0d, 0x7f88,
   0x809c, 0x80ca, 0x7f69, 0x7f97, 0x7f88, 0x7fd5, 0x7f69, 0x7f5a, 0x8003,
   0x808d, 0x8126, 0x8154, 0x8108, 0x808d, 0x7fc5, 0x7fe4, 0x7fa7, 0x7fe4,
   0x7ff3, 0x8031, 0x8040, 0x8003, 0x8022, 0x806e, 0x80bb, 0x8050, 0x7ff3,
   0x806e, 0x8012, 0x7fa7, 0x7ff3, 0x8040, 0x805f, 0x8040, 0x7fd5, 0x7f2c,
   0x7fe4, 0x7f5a, 0x7f97, 0x7f2c, 0x7f0d, 0x7f2c, 0x7f3b, 0x7f2c, 0x7ed0,
   0x7f88, 0x8050, 0x809c, 0x80da, 0x806e, 0x808d, 0x8050, 0x807e, 0x7fb6,
   0x7fd5, 0x7f79, 0x7fb6, 0x7f97, 0x8031, 0x80ac, 0x808d, 0x7fb6, 0x7fb6,
   0x7fc5, 0x8031, 0x8031, 0x808d, 0x80ca, 0x8108, 0x80f8, 0x809c, 0x8050,
   0x806e, 0x8050, 0x807e, 0x80da, 0x806e, 0x8012, 0x806e, 0x7fb6, 0x7fb6,
   0x7f88, 0x7f88, 0x7f88, 0x7fe4, 0x7ff3, 0x7f79, 0x7f69, 0x7fd5, 0x8012,
   0x805f, 0x808d, 0x8012, 0x7f1d, 0x7f2c, 0x7f4b, 0x7f79, 0x7fa7, 0x7fd5,
   0x8050, 0x8003, 0x7fc5, 0x8012, 0x7fb6, 0x7fe4, 0x7f2c, 0x7ddb, 0x7a13,
   0x7883, 0x7855, 0x7979, 0x7c79, 0x7f1d, 0x80ac, 0x82b5, 0x8492, 0x84a1,
   0x8445, 0x837e, 0x8278, 0x823a, 0x81cf, 0x8182, 0x80ca, 0x8040, 0x806e,
   0x8050, 0x808d, 0x8154, 0x8192, 0x80da, 0x8164, 0x80ca, 0x8145, 0x8117,
   0x8117, 0x80da, 0x809c, 0x8031, 0x7f88, 0x7f79, 0x7f79, 0x8022, 0x7f69,
   0x7f3b, 0x7edf, 0x7f2c, 0x7efe, 0x7f4b, 0x806e, 0x8117, 0x80e9, 0x8117,
   0x8126, 0x80e9, 0x806e, 0x807e, 0x8108, 0x8022, 0x807e, 0x80e9, 0x805f,
   0x7f1d, 0x7ed0, 0x7eef, 0x7f1d, 0x7f3b, 0x7fd5, 0x8040, 0x8031, 0x8031,
   0x7f97, 0x7f69, 0x7ed0, 0x7e55, 0x7ec1, 0x805f, 0x81b0, 0x821c, 0x81cf,
   0x81c0, 0x8192, 0x80ac, 0x8012, 0x7fe4, 0x7ff3, 0x8040, 0x8050, 0x8022,
   0x8012, 0x8022, 0x8050, 0x7eef, 0x7e46, 0x7e46, 0x7ed0, 0x7fb6, 0x808d,
   0x806e, 0x80bb, 0x80ac, 0x809c, 0x8040, 0x807e, 0x808d, 0x80bb, 0x80ac,
   0x8050, 0x8003, 0x8040, 0x7fc5, 0x8012, 0x8003, 0x807e, 0x80ca, 0x8136,
   0x8117, 0x8031, 0x7f97, 0x7f3b, 0x7f97, 0x7ff3, 0x8022, 0x7fd5, 0x8031,
   0x805f, 0x7fb6, 0x7f79, 0x7fd5, 0x8022, 0x7ff3, 0x8012, 0x8003, 0x7efe,
   0x7f1d, 0x7f97, 0x8031, 0x8050, 0x806e, 0x806e, 0x807e, 0x806e, 0x80da,
   0x80ca, 0x809c, 0x808d, 0x80e9, 0x80bb, 0x806e, 0x8012, 0x8012, 0x8012,
   0x8003, 0x7fe4, 0x7f88, 0x7f88, 0x8031, 0x808d, 0x8040, 0x80ac, 0x80ca,
   0x80bb, 0x809c, 0x809c, 0x806e, 0x7fe4, 0x7f79, 0x7f97, 0x7fb6, 0x8012,
   0x8050, 0x8031, 0x7fe4, 0x7f5a, 0x8012, 0x7fd5, 0x7f4b, 0x7f69, 0x8003,
   0x8040, 0x806e, 0x8040, 0x809c, 0x806e, 0x8012, 0x8003, 0x8012, 0x7ff3,
   0x7fa7, 0x7efe, 0x7e55, 0x7f1d, 0x7fd5, 0x808d, 0x806e, 0x8031, 0x80f8,
   0x80bb, 0x806e, 0x8012, 0x8012, 0x7f97, 0x7f79, 0x7f97, 0x7fb6, 0x8022,
   0x805f, 0x805f, 0x8012, 0x7fe4, 0x7fe4, 0x8012, 0x7fe4, 0x8003, 0x8040,
   0x80ca, 0x80f8, 0x80da, 0x807e, 0x806e, 0x8031, 0x8012, 0x807e, 0x7fe4,
   0x7f3b, 0x7fb6, 0x8022, 0x8003, 0x7fa7, 0x7fa7, 0x7fc5, 0x7f97, 0x8012,
   0x8003, 0x8003, 0x8012, 0x805f, 0x806e, 0x8022, 0x7f79, 0x7eef, 0x7efe,
   0x7f1d, 0x8022, 0x7f88, 0x7fb6, 0x8031, 0x7f1d, 0x7f3b, 0x7f2c, 0x7fd5,
   0x8022, 0x8022, 0x7ff3, 0x8003, 0x8022, 0x8012, 0x7fe4, 0x7f79, 0x7f1d,
   0x7f97, 0x7f5a, 0x7eef, 0x7f97, 0x806e, 0x80bb, 0x807e, 0x8031, 0x7fa7,
   0x7f88, 0x7fb6, 0x7fc5, 0x8050, 0x7fc5, 0x7fc5, 0x7fe4, 0x8012, 0x806e,
   0x809c, 0x8022, 0x8012, 0x8012, 0x806e, 0x7fb6, 0x7fb6, 0x7ff3, 0x7fd5,
   0x8003, 0x8022, 0x8040, 0x807e, 0x806e, 0x8012, 0x8012, 0x8003, 0x8003,
   0x8022, 0x8003, 0x7f69, 0x7f2c, 0x7f79, 0x7f3b, 0x8031, 0x8050, 0x8117,
   0x80f8, 0x80bb, 0x80da, 0x80ac, 0x80bb, 0x80bb, 0x807e, 0x8022, 0x7fc5,
   0x7f0d, 0x7eef, 0x7f69, 0x7ff3, 0x8040, 0x805f, 0x807e, 0x7fb6, 0x7f79,
   0x7fb6, 0x8022, 0x8012, 0x807e, 0x80bb, 0x8136, 0x80e9, 0x80ca, 0x806e,
   0x80bb, 0x8012, 0x8012, 0x7fe4, 0x8012, 0x8022, 0x805f, 0x8031, 0x808d,
   0x80bb, 0x80da, 0x808d, 0x8031, 0x7fd5, 0x7ff3, 0x7fd5, 0x806e, 0x8108,
   0x8040, 0x7fd5, 0x7fc5, 0x7fc5, 0x7fd5, 0x8012, 0x7fe4, 0x8003, 0x8126,
   0x8040, 0x7f88, 0x7f5a, 0x7fd5, 0x8022, 0x809c, 0x8117, 0x80ac, 0x805f,
   0x806e, 0x8050, 0x8012, 0x7f88, 0x7fa7, 0x7fa7, 0x8040, 0x7fb6, 0x8050,
   0x80ca, 0x8040, 0x806e, 0x7fb6, 0x8012, 0x7f88, 0x7fa7, 0x7f97, 0x7ff3,
   0x8040, 0x7fe4, 0x7fd5, 0x8031, 0x8050, 0x8022, 0x8022, 0x8012, 0x8012,
   0x8031, 0x8012, 0x8040, 0x808d, 0x807e, 0x8040, 0x7fa7, 0x7f79, 0x7fd5,
   0x806e, 0x7fe4, 0x8050, 0x806e, 0x80ac, 0x808d, 0x807e, 0x8003, 0x8003,
   0x7fc5, 0x7fe4, 0x7f97, 0x7fa7, 0x7f4b, 0x7fa7, 0x7f97, 0x7f4b, 0x7f79,
   0x7f88, 0x8040, 0x7fe4, 0x7fc5, 0x7fd5, 0x8012, 0x8003, 0x7fe4, 0x7fd5,
   0x7fe4, 0x7fb6, 0x8003, 0x8003, 0x7fa7, 0x8003, 0x8040, 0x8003, 0x7f97,
   0x8003, 0x8003, 0x8022, 0x8031, 0x7fe4, 0x7f69, 0x7fd5, 0x8031, 0x7fd5,
   0x7fd5, 0x7fc5, 0x8040, 0x80da, 0x8040, 0x8040, 0x80bb, 0x808d, 0x8050,
   0x7fe4, 0x8003, 0x7ff3, 0x8012, 0x805f, 0x8040, 0x8050, 0x80bb, 0x809c,
   0x808d, 0x8050, 0x8040, 0x7fb6, 0x7fe4, 0x807e, 0x807e, 0x7fe4, 0x7f5a,
   0x7f0d, 0x7f69, 0x7fa7, 0x8022, 0x8040, 0x8108, 0x80bb, 0x806e, 0x8003,
   0x7f3b, 0x7efe, 0x7ec1, 0x7eef, 0x8022, 0x808d, 0x80ac, 0x809c, 0x8126,
   0x81c0, 0x8145, 0x8012, 0x7f97, 0x7f79, 0x8012, 0x805f, 0x80bb, 0x808d,
   0x808d, 0x80ac, 0x8108, 0x80f8, 0x8003, 0x7f97, 0x7f88, 0x7f3b, 0x7f2c,
   0x7f2c, 0x8012, 0x807e, 0x7ff3, 0x7f1d, 0x7efe, 0x7f3b, 0x7efe, 0x7f5a,
   0x8012, 0x8022, 0x806e, 0x807e, 0x806e, 0x807e, 0x807e, 0x808d, 0x7f97,
   0x7f79, 0x7ed0, 0x7edf, 0x7f1d, 0x7f3b, 0x7f1d, 0x7fd5, 0x8012, 0x8012,
   0x8012, 0x806e, 0x806e, 0x7f5a, 0x7f69, 0x7f79, 0x8022, 0x8040, 0x805f,
   0x806e, 0x8050, 0x8050, 0x8050, 0x807e, 0x7f79, 0x7f4b, 0x7fc5, 0x805f,
   0x7fc5, 0x7fd5, 0x808d, 0x80f8, 0x80ca, 0x80bb, 0x807e, 0x8031, 0x7fd5,
   0x7f5a, 0x7f5a, 0x7f79, 0x7f97, 0x7fe4, 0x8012, 0x806e, 0x806e, 0x8040,
   0x7ff3, 0x7ff3, 0x7fe4, 0x8012, 0x806e, 0x80bb, 0x808d, 0x80da, 0x8031,
   0x8003, 0x8050, 0x7fb6, 0x7f2c, 0x7f3b, 0x8003, 0x8022, 0x7f88, 0x8012,
   0x7f97, 0x7f88, 0x7f3b, 0x7f3b, 0x7f2c, 0x7ff3, 0x7f97, 0x7f69, 0x7f5a,
   0x7f88, 0x7efe, 0x7eef, 0x7f88, 0x7f1d, 0x7f97, 0x7f97, 0x7f4b, 0x7f3b,
   0x7f3b, 0x80ac, 0x822b, 0x821c, 0x8298, 0x820c, 0x81fd, 0x8182, 0x80f8,
   0x80bb, 0x80bb, 0x809c, 0x8040, 0x8031, 0x808d, 0x80ac, 0x809c, 0x8031,
   0x8040, 0x8022, 0x8012, 0x8050, 0x8003, 0x7fd5, 0x8003, 0x7ff3, 0x7f5a,
   0x7f3b, 0x7efe, 0x7f2c, 0x7f2c, 0x7f0d, 0x7ed0, 0x7f2c, 0x7f3b, 0x7f97,
   0x7fd5, 0x7ff3, 0x8012, 0x8012, 0x8050, 0x8022, 0x8012, 0x8040, 0x8012,
   0x808d, 0x80ca, 0x806e, 0x8031, 0x806e, 0x8108, 0x8136, 0x8164, 0x8117,
   0x8145, 0x8126, 0x8164, 0x80da, 0x806e, 0x8040, 0x8040, 0x7f97, 0x7fa7,
   0x7f97, 0x8050, 0x8031, 0x807e, 0x80f8, 0x80ac, 0x8012, 0x7f79, 0x7fa7,
   0x7f97, 0x7f5a, 0x7f97, 0x7fa7, 0x7fa7, 0x7fb6, 0x7fd5, 0x7f88, 0x7f88,
   0x7f69, 0x7f2c, 0x7f97, 0x7f2c, 0x7efe, 0x7f2c, 0x7f79, 0x7f79, 0x7f5a,
   0x7f4b, 0x7f0d, 0x7f2c, 0x7fa7, 0x7f3b, 0x7eef, 0x7efe, 0x7edf, 0x7efe,
   0x7f0d, 0x7efe, 0x7eef, 0x7eef, 0x7f79, 0x8022, 0x806e, 0x8040, 0x8022,
   0x7fe4, 0x7f79, 0x8050, 0x806e, 0x7f97, 0x7f1d, 0x7f79, 0x8040, 0x807e,
   0x809c, 0x807e, 0x8040, 0x8012, 0x7fc5, 0x8003, 0x7fb6, 0x7f88, 0x7fa7,
   0x7f69, 0x7f97, 0x7f5a, 0x7f2c, 0x8012, 0x8022, 0x8003, 0x7fe4, 0x809c,
   0x80bb, 0x80da, 0x8040, 0x807e, 0x8031, 0x8003, 0x8012, 0x7fd5, 0x7eef,
   0x7f2c, 0x8003, 0x8012, 0x8031, 0x7f97, 0x7fe4, 0x8022, 0x8022, 0x8022,
   0x7fb6, 0x7f2c, 0x7f79, 0x7fb6, 0x8012, 0x8003, 0x8012, 0x8022, 0x8012,
   0x808d, 0x809c, 0x807e, 0x8022, 0x8040, 0x806e, 0x8022, 0x8031, 0x806e,
   0x8126, 0x80bb, 0x8050, 0x8022, 0x8022, 0x8040, 0x7ff3, 0x7ec1, 0x7e83,
   0x7e65, 0x7ed0, 0x7f3b, 0x8022, 0x809c, 0x806e, 0x807e, 0x80ca, 0x80e9,
   0x80da, 0x805f, 0x8031, 0x8012, 0x8012, 0x8012, 0x7fd5, 0x7f79, 0x7f3b,
   0x7fa7, 0x7f79, 0x7f1d, 0x7f79, 0x8012, 0x8050, 0x80e9, 0x8126, 0x808d,
   0x808d, 0x80ac, 0x80f8, 0x80f8, 0x80f8, 0x8022, 0x7fb6, 0x7f3b, 0x7efe,
   0x7efe, 0x7f69, 0x7fe4, 0x8022, 0x8012, 0x8031, 0x806e, 0x808d, 0x808d,
   0x805f, 0x7fc5, 0x7f69, 0x7f97, 0x7fc5, 0x7fa7, 0x7fa7, 0x7fa7, 0x7ff3,
   0x807e, 0x8003, 0x7fc5, 0x805f, 0x80ca, 0x808d, 0x805f, 0x8012, 0x8012,
   0x7ff3, 0x8012, 0x8031, 0x8003, 0x7fb6, 0x8022, 0x8050, 0x8022, 0x8012,
   0x8050, 0x8031, 0x7fc5, 0x7fa7, 0x7fd5, 0x7f0d, 0x7fb6, 0x7f97, 0x7fd5,
   0x7fe4, 0x8012, 0x8012, 0x8031, 0x805f, 0x8003, 0x8022, 0x805f, 0x8050,
   0x8003, 0x7fe4, 0x7fc5, 0x8012, 0x7f5a, 0x7dea, 0x7d6f, 0x7ddb, 0x7eb1,
   0x7f69, 0x8012, 0x8040, 0x7fb6, 0x7f3b, 0x7f4b, 0x7fd5, 0x8022, 0x8031,
   0x806e, 0x808d, 0x80ac, 0x8022, 0x8003, 0x8003, 0x8040, 0x8012, 0x7fe4,
   0x8012, 0x7ff3, 0x8003, 0x8022, 0x8050, 0x808d, 0x808d, 0x8040, 0x7f97,
   0x7f69, 0x7f97, 0x7f88, 0x7fb6, 0x7ff3, 0x8022, 0x8012, 0x806e, 0x80e9,
   0x80bb, 0x808d, 0x80ca, 0x805f, 0x80e9, 0x80ac, 0x808d, 0x8012, 0x8012,
   0x7fb6, 0x8003, 0x8022, 0x8031, 0x8022, 0x806e, 0x8003, 0x7f79, 0x8003,
   0x7f5a, 0x7f1d, 0x7f88, 0x7ff3, 0x807e, 0x806e, 0x809c, 0x80bb, 0x808d,
   0x80ac, 0x8012, 0x7ff3, 0x7f4b, 0x7f69, 0x7f5a, 0x7f4b, 0x7f3b, 0x7eef,
   0x7efe, 0x7f79, 0x7ff3, 0x8031, 0x7fd5, 0x8031, 0x80ca, 0x8012, 0x7fd5,
   0x7f79, 0x7f69, 0x7fd5, 0x8003, 0x8040, 0x80ca, 0x809c, 0x7f0d, 0x7ec1,
   0x7f2c, 0x7fc5, 0x8022, 0x806e, 0x8031, 0x7fb6, 0x7f4b, 0x7eef, 0x7f1d,
   0x7f79, 0x7fc5, 0x8022, 0x806e, 0x806e, 0x80bb, 0x807e, 0x8040, 0x8003,
   0x7fc5, 0x7f97, 0x7f0d, 0x7f0d, 0x7f79, 0x7fb6, 0x7f88, 0x7fa7, 0x7f3b,
   0x7f0d, 0x7f3b, 0x8012, 0x806e, 0x80ac, 0x80ac, 0x8040, 0x8050, 0x809c,
   0x80ca, 0x808d, 0x80bb, 0x8117, 0x807e, 0x7ff3, 0x7f3b, 0x7edf, 0x7e55,
   0x7ec1, 0x7efe, 0x7f69, 0x7fa7, 0x7f69, 0x806e, 0x805f, 0x809c, 0x8012,
   0x809c, 0x8108, 0x80bb, 0x805f, 0x8050, 0x809c, 0x806e, 0x80da, 0x80ac,
   0x809c, 0x80ac, 0x809c, 0x8050, 0x8012, 0x8012, 0x7ff3, 0x8012, 0x8040,
   0x8050, 0x8012, 0x8003, 0x7f3b, 0x7f69, 0x7f2c, 0x7f3b, 0x7fc5, 0x8003,
   0x7ff3, 0x8031, 0x8003, 0x7ff3, 0x8022, 0x8012, 0x7fd5, 0x7edf, 0x7eef,
   0x7f2c, 0x807e, 0x8031, 0x8040, 0x806e, 0x8022, 0x7fd5, 0x7f97, 0x7f88,
   0x7f97, 0x7f79, 0x7fe4, 0x7fd5, 0x7ff3, 0x807e, 0x808d, 0x808d, 0x80ac,
   0x8050, 0x7fc5, 0x7f1d, 0x7f79, 0x7fb6, 0x808d, 0x8012, 0x7fb6, 0x7fc5,
   0x8031, 0x8012, 0x8012, 0x8031, 0x806e, 0x807e, 0x8022, 0x7ff3, 0x7ff3,
   0x8022, 0x7fe4, 0x8012, 0x7ff3, 0x7f4b, 0x7f79, 0x8031, 0x8040, 0x8012,
   0x7f69, 0x7eb1, 0x7f4b, 0x7fa7, 0x7f79, 0x7fd5, 0x8003, 0x80ac, 0x80ac,
   0x7fe4, 0x7fd5, 0x8003, 0x8003, 0x8003, 0x7fb6, 0x807e, 0x8022, 0x8003,
   0x7fe4, 0x8022, 0x8022, 0x7f4b, 0x7f5a, 0x7f3b, 0x7f79, 0x808d, 0x8022,
   0x7f79, 0x7f2c, 0x7eef, 0x7ed0, 0x7f69, 0x7f79, 0x8012, 0x805f, 0x8117,
   0x8117, 0x80da, 0x806e, 0x7ff3, 0x7f88, 0x7fe4, 0x7fe4, 0x8012, 0x7f4b,
   0x7ed0, 0x7edf, 0x7f3b, 0x7f5a, 0x7f0d, 0x7fb6, 0x805f, 0x8040, 0x807e,
   0x8022, 0x807e, 0x80da, 0x805f, 0x8031, 0x8012, 0x7fc5, 0x8040, 0x8050,
   0x807e, 0x80f8, 0x80bb, 0x8117, 0x80da, 0x80da, 0x80ca, 0x8050, 0x808d,
   0x806e, 0x8040, 0x808d, 0x808d, 0x809c, 0x807e, 0x806e, 0x809c, 0x8031,
   0x8012, 0x7ff3, 0x7f3b, 0x7f2c, 0x7f2c, 0x7f97, 0x7fc5, 0x7f97, 0x8031,
   0x7ff3, 0x7fb6, 0x7ff3, 0x7fd5, 0x7fe4, 0x7f88, 0x7f4b, 0x7f3b, 0x7ff3,
   0x8012, 0x805f, 0x8012, 0x8012, 0x7efe, 0x7f3b, 0x7f69, 0x7fb6, 0x8050,
   0x80ac, 0x808d, 0x8031, 0x807e, 0x805f, 0x807e, 0x7ff3, 0x8022, 0x8003,
   0x8040, 0x8040, 0x7fe4, 0x8022, 0x8003, 0x7fe4, 0x7f97, 0x7f4b, 0x7fc5,
   0x8031, 0x8012, 0x8022, 0x8040, 0x8022, 0x8012, 0x7ff3, 0x7fb6, 0x7f5a,
   0x7f0d, 0x7f2c, 0x7f79, 0x7f97, 0x7f79, 0x7f1d, 0x7f0d, 0x7f0d, 0x7efe,
   0x7eef, 0x7efe, 0x7f97, 0x7ff3, 0x8003, 0x8003, 0x8003, 0x8031, 0x8040,
   0x8012, 0x806e, 0x806e, 0x80ca, 0x8050, 0x7f79, 0x7f79, 0x7f5a, 0x7fa7,
   0x7f5a, 0x7f5a, 0x7eef, 0x7edf, 0x7f4b, 0x7f79, 0x7fc5, 0x8022, 0x8031,
   0x7f79, 0x8003, 0x7fb6, 0x8040, 0x8003, 0x7fc5, 0x806e, 0x80ac, 0x7ff3,
   0x8012, 0x8012, 0x7f88, 0x7f88, 0x8040, 0x80da, 0x80f8, 0x80e9, 0x80da,
   0x807e, 0x808d, 0x80da, 0x8050, 0x7fe4, 0x7f88, 0x7e93, 0x7e93, 0x7ed0,
   0x7f69, 0x7f88, 0x7fb6, 0x7fc5, 0x8012, 0x80ca, 0x8050, 0x8031, 0x805f,
   0x8012, 0x7fe4, 0x7ff3, 0x807e, 0x807e, 0x80da, 0x8126, 0x80e9, 0x808d,
   0x8050, 0x7fb6, 0x7edf, 0x7eb1, 0x7f2c, 0x7ff3, 0x8022, 0x8031, 0x8012,
   0x7f97, 0x7fa7, 0x7fa7, 0x7edf, 0x7eef, 0x7f69, 0x7fa7, 0x8003, 0x8012,
   0x806e, 0x80da, 0x80ca, 0x80ac, 0x8031, 0x7ff3, 0x8031, 0x807e, 0x8031,
   0x7ff3, 0x8022, 0x7fd5, 0x7efe, 0x7f3b, 0x8050, 0x8050, 0x806e, 0x806e,
   0x8022, 0x8031, 0x8022, 0x8040, 0x807e, 0x8031, 0x7fc5, 0x7f3b, 0x7f4b,
   0x7f4b, 0x7f97, 0x8040, 0x7ff3, 0x805f, 0x809c, 0x8031, 0x807e, 0x806e,
   0x8012, 0x8012, 0x7f97, 0x7f4b, 0x7f4b, 0x7f88, 0x7fa7, 0x7f4b, 0x7f69,
   0x7fa7, 0x7f88, 0x7f97, 0x7fa7, 0x7f88, 0x7fa7, 0x7f69, 0x8031, 0x8012,
   0x7f3b, 0x7fa7, 0x7fb6, 0x7f4b, 0x7f5a, 0x7ff3, 0x8003, 0x8022, 0x7f79,
   0x7ff3, 0x8031, 0x8031, 0x7fd5, 0x7efe, 0x7efe, 0x7e93, 0x7f69, 0x7f97,
   0x7f97, 0x7f1d, 0x7eef, 0x7e27, 0x7d51, 0x7e09, 0x7fe4, 0x80f8, 0x8182,
   0x8164, 0x81ee, 0x8173, 0x8164, 0x80da, 0x808d, 0x8050, 0x805f, 0x80da,
   0x807e, 0x80ac, 0x80bb, 0x80ac, 0x807e, 0x8022, 0x7fc5, 0x8003, 0x8003,
   0x8003, 0x7ff3, 0x8040, 0x8031, 0x80ac, 0x8117, 0x8164, 0x8117, 0x80ac,
   0x809c, 0x8040, 0x807e, 0x8003, 0x8003, 0x7ff3, 0x8050, 0x80e9, 0x80ac,
   0x80ac, 0x7fa7, 0x7fb6, 0x7fd5, 0x7f5a, 0x7f97, 0x7f88, 0x7f2c, 0x7fc5,
   0x7f97, 0x7e93, 0x7e27, 0x7edf, 0x7eef, 0x7f97, 0x805f, 0x80da, 0x80bb,
   0x808d, 0x8040, 0x805f, 0x8050, 0x80f8, 0x8117, 0x80da, 0x806e, 0x8012,
   0x7fc5, 0x7fb6, 0x8003, 0x8022, 0x8012, 0x8040, 0x806e, 0x80ac, 0x805f,
   0x8050, 0x8012, 0x8003, 0x8012, 0x7fd5, 0x7f69, 0x7f97, 0x7fb6, 0x7fb6,
   0x8022, 0x7fc5, 0x7fb6, 0x7ff3, 0x7fd5, 0x7ff3, 0x8050, 0x809c, 0x8022,
   0x7f97, 0x7f88, 0x8012, 0x8040, 0x8031, 0x8012, 0x8003, 0x8022, 0x8164,
   0x8164, 0x8136, 0x80f8, 0x808d, 0x807e, 0x808d, 0x805f, 0x8031, 0x8012,
   0x8022, 0x8022, 0x8003, 0x7f4b, 0x7f88, 0x7fd5, 0x7f88, 0x7fb6, 0x7f69,
   0x7ff3, 0x7ff3, 0x8031, 0x8012, 0x7fe4, 0x8022, 0x8022, 0x7fb6, 0x7f5a,
   0x7fd5, 0x8022, 0x808d, 0x7ff3, 0x7f69, 0x7f5a, 0x7fa7, 0x7fc5, 0x8022,
   0x807e, 0x7fa7, 0x8012, 0x8031, 0x807e, 0x80f8, 0x80ca, 0x80bb, 0x80ac,
   0x8022, 0x7ff3, 0x808d, 0x8108, 0x80ca, 0x8108, 0x80da, 0x8117, 0x80ac,
   0x8050, 0x7f69, 0x7fd5, 0x8040, 0x806e, 0x807e, 0x7fe4, 0x7fd5, 0x8040,
   0x807e, 0x8012, 0x8003, 0x8003, 0x7ed0, 0x7e27, 0x7e74, 0x7f88, 0x808d,
   0x806e, 0x7ff3, 0x7f69, 0x7fe4, 0x7fc5, 0x806e, 0x80bb, 0x806e, 0x80ca,
   0x80bb, 0x80ca, 0x8108, 0x80ca, 0x809c, 0x8040, 0x8040, 0x808d, 0x808d,
   0x806e, 0x8012, 0x7f88, 0x7eef, 0x7f0d, 0x7f5a, 0x7f4b, 0x7f79, 0x7f2c,
   0x7f88, 0x8031, 0x7ff3, 0x8022, 0x8050, 0x806e, 0x7fc5, 0x7fd5, 0x7fd5,
   0x8022, 0x7fd5, 0x8003, 0x8031, 0x8012, 0x808d, 0x806e, 0x8050, 0x805f,
   0x8012, 0x7f97, 0x7f4b, 0x7f2c, 0x7fc5, 0x7ff3, 0x7fb6, 0x7f69, 0x7fd5,
   0x7fe4, 0x8050, 0x805f, 0x8040, 0x7fc5, 0x7fb6, 0x7f69, 0x8031, 0x805f,
   0x80f8, 0x8040, 0x7f4b, 0x7eb1, 0x7ec1, 0x7edf, 0x7fd5, 0x805f, 0x806e,
   0x808d, 0x8012, 0x7f4b, 0x7f79, 0x7fa7, 0x7fe4, 0x7fe4, 0x7fd5, 0x7f97,
   0x7fd5, 0x7fc5, 0x7f69, 0x7f0d, 0x7efe, 0x7f3b, 0x7fb6, 0x8031, 0x8012,
   0x806e, 0x7f88, 0x7f79, 0x7ff3, 0x8012, 0x8031, 0x7f88, 0x7f5a, 0x7f97,
   0x7f1d, 0x7f2c, 0x7f4b, 0x7f69, 0x7fe4, 0x7fe4, 0x7f0d, 0x7f0d, 0x7f1d,
   0x7fb6, 0x80ac, 0x8117, 0x80ac, 0x8040, 0x8012, 0x7fb6, 0x7fb6, 0x7f5a,
   0x7efe, 0x7f1d, 0x7edf, 0x7f3b, 0x7f79, 0x7f4b, 0x7fe4, 0x8040, 0x808d,
   0x8003, 0x7f5a, 0x7f2c, 0x7fa7, 0x7f79, 0x7f79, 0x7f88, 0x7e93, 0x7f5a,
   0x7fb6, 0x8031, 0x7ff3, 0x7fd5, 0x7ff3, 0x7ff3, 0x805f, 0x805f, 0x8022,
   0x8003, 0x80ca, 0x8173, 0x8164, 0x8117, 0x8117, 0x8012, 0x8050, 0x7fb6,
   0x8012, 0x805f, 0x808d, 0x805f, 0x80ac, 0x8050, 0x805f, 0x8031, 0x7ff3,
   0x8003, 0x8012, 0x7f97, 0x7f88, 0x7ff3, 0x805f, 0x806e, 0x80bb, 0x8108,
   0x80ac, 0x805f, 0x8040, 0x8031, 0x8050, 0x8031, 0x8031, 0x8050, 0x7ff3,
   0x7fa7, 0x7f2c, 0x7edf, 0x7f1d, 0x7f88, 0x7fb6, 0x805f, 0x805f, 0x8003,
   0x8012, 0x7fa7, 0x7f5a, 0x7f4b, 0x7f79, 0x8012, 0x8003, 0x806e, 0x8031,
   0x7fc5, 0x7eef, 0x7eb1, 0x7f2c, 0x7fd5, 0x805f, 0x805f, 0x8050, 0x8012,
   0x7fc5, 0x7fc5, 0x8012, 0x7f79, 0x7f1d, 0x7e83, 0x7d9d, 0x7dea, 0x7f0d,
   0x7ff3, 0x8031, 0x806e, 0x8050, 0x7fc5, 0x7fa7, 0x7f69, 0x7f69, 0x7f0d,
   0x7f69, 0x7fb6, 0x7fe4, 0x8012, 0x8040, 0x7fe4, 0x7ff3, 0x7f97, 0x805f,
   0x8022, 0x8050, 0x806e, 0x809c, 0x805f, 0x8031, 0x8040, 0x8012, 0x7fc5,
   0x8031, 0x807e, 0x8050, 0x805f, 0x8136, 0x8108, 0x805f, 0x8031, 0x7ff3,
   0x7ff3, 0x7f97, 0x7f79, 0x7f4b, 0x7f2c, 0x7f88, 0x7f97, 0x7fd5, 0x7f88,
   0x7ec1, 0x7e27, 0x7ea2, 0x7f97, 0x807e, 0x8012, 0x8050, 0x7fa7, 0x7fb6,
   0x8031, 0x80ac, 0x8117, 0x80ca, 0x80ca, 0x8012, 0x7ff3, 0x7f79, 0x7f4b,
   0x7f3b, 0x8022, 0x8031, 0x8040, 0x805f, 0x806e, 0x805f, 0x807e, 0x8050,
   0x8050, 0x8012, 0x8022, 0x8050, 0x8012, 0x7fc5, 0x7fc5, 0x7f79, 0x7fa7,
   0x8031, 0x8022, 0x8031, 0x7f5a, 0x7efe, 0x7ed0, 0x7f2c, 0x7f3b, 0x7f97,
   0x7f79, 0x7fd5, 0x809c, 0x807e, 0x8031, 0x8108, 0x8117, 0x8126, 0x8108,
   0x80bb, 0x808d, 0x805f, 0x8050, 0x8022, 0x8012, 0x8040, 0x8050, 0x8040,
   0x806e, 0x808d, 0x8040, 0x8012, 0x8022, 0x8012, 0x8050, 0x807e, 0x807e,
   0x8040, 0x7fc5, 0x7fb6, 0x7fa7, 0x7fa7, 0x7f79, 0x8031, 0x7fa7, 0x7f3b,
   0x7fd5, 0x8003, 0x8022, 0x805f, 0x8012, 0x8012, 0x8012, 0x8003, 0x805f,
   0x806e, 0x809c, 0x8040, 0x7ff3, 0x8040, 0x8022, 0x8022, 0x7fe4, 0x8003,
   0x8012, 0x806e, 0x809c, 0x8050, 0x8012, 0x7f79, 0x7fb6, 0x806e, 0x807e,
   0x8040, 0x7fe4, 0x8031, 0x80ca, 0x8117, 0x807e, 0x7fa7, 0x8012, 0x805f,
   0x808d, 0x807e, 0x8012, 0x7f79, 0x7fe4, 0x7f1d, 0x7fa7, 0x8022, 0x8050,
   0x7f69, 0x7f3b, 0x7eb1, 0x7efe, 0x7f2c, 0x7f97, 0x8031, 0x8040, 0x806e,
   0x8050, 0x7f88, 0x7fa7, 0x7fe4, 0x7fa7, 0x7f97, 0x7ff3, 0x7fc5, 0x7f88,
   0x7ed0, 0x7eb1, 0x7f1d, 0x7fd5, 0x807e, 0x80e9, 0x80f8, 0x80e9, 0x80f8,
   0x806e, 0x806e, 0x8012, 0x809c, 0x805f, 0x805f, 0x80da, 0x8022, 0x8012,
   0x80ac, 0x8145, 0x8145, 0x80bb, 0x809c, 0x8050, 0x8040, 0x7fc5, 0x7fa7,
   0x7eef, 0x7f2c, 0x8003, 0x7fe4, 0x8012, 0x7fd5, 0x7ff3, 0x7fb6, 0x7f5a,
   0x7fa7, 0x7fc5, 0x7fd5, 0x7fd5, 0x7fb6, 0x7f88, 0x7fe4, 0x8050, 0x8022,
   0x8012, 0x7fa7, 0x8012, 0x7fd5, 0x7f69, 0x7e09, 0x7969, 0x77bc, 0x77cb,
   0x791d, 0x7b65, 0x7e55, 0x80bb, 0x8268, 0x8482, 0x851c, 0x84de, 0x83f8,
   0x837e, 0x8331, 0x8287, 0x823a, 0x80f8, 0x809c, 0x805f, 0x808d, 0x8012,
   0x8031, 0x80e9, 0x8126, 0x8154, 0x8117, 0x8145, 0x80da, 0x8050, 0x8012,
   0x7fd5, 0x7fb6, 0x7f79, 0x7fe4, 0x7fc5, 0x8022, 0x805f, 0x807e, 0x8050,
   0x806e, 0x7ff3, 0x7fe4, 0x7f0d, 0x7f3b, 0x7f1d, 0x7f2c, 0x7fe4, 0x808d,
   0x8136, 0x80da, 0x80da, 0x80e9, 0x8031, 0x7f4b, 0x7f0d, 0x7efe, 0x7f1d,
   0x7fa7, 0x806e, 0x7ff3, 0x805f, 0x8022, 0x808d, 0x8154, 0x8145, 0x80f8,
   0x809c, 0x8031, 0x7f4b, 0x7edf, 0x7f97, 0x7f88, 0x7f79, 0x8050, 0x805f,
   0x8012, 0x7ff3, 0x7fe4, 0x7fe4, 0x8003, 0x7fd5, 0x7ff3, 0x7fd5, 0x7fe4,
   0x8012, 0x80bb, 0x80e9, 0x80ca, 0x8012, 0x8012, 0x7f97, 0x8022, 0x8040,
   0x808d, 0x8040, 0x8050, 0x8012, 0x8040, 0x809c, 0x809c, 0x80bb, 0x8050,
   0x805f, 0x8040, 0x805f, 0x7fb6, 0x7f4b, 0x7f88, 0x8012, 0x7f88, 0x7f3b,
   0x7f5a, 0x7f79, 0x7fd5, 0x8003, 0x8022, 0x8003, 0x8012, 0x7fd5, 0x8022,
   0x8012, 0x8012, 0x8012, 0x8003, 0x8040, 0x80bb, 0x7ff3, 0x7f69, 0x7f5a,
   0x7fc5, 0x7f97, 0x7f97, 0x805f, 0x8040, 0x8031, 0x8050, 0x7fa7, 0x8003,
   0x8003, 0x7fd5, 0x7ff3, 0x8012, 0x8022, 0x8050, 0x80da, 0x8126, 0x80ac,
   0x8012, 0x8012, 0x8003, 0x8031, 0x805f, 0x805f, 0x8022, 0x7fb6, 0x7f2c,
   0x7f97, 0x7f79, 0x7fb6, 0x8040, 0x8031, 0x8003, 0x8012, 0x8022, 0x8003,
   0x7fd5, 0x7f79, 0x7f79, 0x7f88, 0x7f97, 0x7f5a, 0x7f2c, 0x7f2c, 0x7f4b,
   0x7f88, 0x7fb6, 0x7f79, 0x7f3b, 0x7f1d, 0x7fa7, 0x7f79, 0x7f97, 0x7f88,
   0x7fc5, 0x7fd5, 0x806e, 0x8050, 0x8031, 0x8022, 0x7fb6, 0x7fd5, 0x8012,
   0x8050, 0x805f, 0x806e, 0x8040, 0x8003, 0x8012, 0x7f79, 0x7f3b, 0x7fa7,
   0x8022, 0x8012, 0x7fa7, 0x7f69, 0x8031, 0x805f, 0x8022, 0x8012, 0x805f,
   0x8012, 0x7fc5, 0x7f4b, 0x7f1d, 0x7fc5, 0x7f79, 0x8012, 0x8040, 0x806e,
   0x809c, 0x80ca, 0x8040, 0x807e, 0x807e, 0x807e, 0x807e, 0x806e, 0x8040,
   0x8003, 0x7f3b, 0x7f69, 0x7f79, 0x7f4b, 0x7fc5, 0x8050, 0x80ac, 0x809c,
   0x806e, 0x8012, 0x7fa7, 0x7f4b, 0x7f5a, 0x7f5a, 0x7f88, 0x7fc5, 0x8003,
   0x8040, 0x7ff3, 0x7f88, 0x7f69, 0x7f3b, 0x7f3b, 0x7fa7, 0x7fb6, 0x7fb6,
   0x8040, 0x8022, 0x8012, 0x7f97, 0x7f97, 0x7f79, 0x7fc5, 0x807e, 0x808d,
   0x8040, 0x8050, 0x8012, 0x7fd5, 0x7fa7, 0x8012, 0x8003, 0x7fd5, 0x8003,
   0x8012, 0x7fd5, 0x7fc5, 0x8022, 0x8031, 0x7ff3, 0x8012, 0x8050, 0x8022,
   0x8031, 0x807e, 0x8050, 0x8050, 0x8040, 0x8031, 0x7f97, 0x7eef, 0x7f5a,
   0x7f3b, 0x7f2c, 0x7f4b, 0x7f88, 0x7f3b, 0x7f97, 0x8040, 0x7fb6, 0x7f1d,
   0x7ea2, 0x7e55, 0x7f69, 0x7fa7, 0x8040, 0x8050, 0x7fa7, 0x7fa7, 0x7f0d,
   0x7f1d, 0x7ec1, 0x7eef, 0x7f69, 0x8040, 0x7ff3, 0x7fd5, 0x8003, 0x8012,
   0x8031, 0x808d, 0x806e, 0x8050, 0x8050, 0x7ff3, 0x7f69, 0x7f69, 0x8012,
   0x8050, 0x806e, 0x8050, 0x80bb, 0x80bb, 0x80f8, 0x80f8, 0x806e, 0x80bb,
   0x8050, 0x7fb6, 0x7f69, 0x7ed0, 0x7f2c, 0x7f69, 0x807e, 0x8050, 0x7fc5,
   0x8012, 0x8040, 0x8022, 0x7f79, 0x7f2c, 0x7f5a, 0x7ff3, 0x7fa7, 0x8012,
   0x8003, 0x7f88, 0x7f97, 0x7fd5, 0x7fd5, 0x8012, 0x805f, 0x80bb, 0x80ac,
   0x8022, 0x7f97, 0x7efe, 0x7f0d, 0x7f0d, 0x7f1d, 0x7f88, 0x7f69, 0x7f3b,
   0x7fb6, 0x7fe4, 0x7ff3, 0x8040, 0x7f88, 0x7fa7, 0x7f97, 0x8012, 0x8022,
   0x8040, 0x805f, 0x8040, 0x8031, 0x8040, 0x808d, 0x80bb, 0x80ca, 0x805f,
   0x806e, 0x80da, 0x807e, 0x805f, 0x8003, 0x7f97, 0x7efe, 0x7f79, 0x7fc5,
   0x7f69, 0x7f69, 0x7ff3, 0x8012, 0x8003, 0x8012, 0x808d, 0x80ac, 0x808d,
   0x80ac, 0x80ac, 0x8022, 0x8003, 0x8003, 0x7f0d, 0x7ec1, 0x7ed0, 0x7f88,
   0x8012, 0x8050, 0x807e, 0x80ac, 0x8012, 0x7fa7, 0x7fb6, 0x8040, 0x807e,
   0x809c, 0x8022, 0x8012, 0x8031, 0x806e, 0x806e, 0x809c, 0x8040, 0x8022,
   0x7fb6, 0x7f4b, 0x7f4b, 0x7f5a, 0x7f88, 0x7f1d, 0x7f88, 0x8003, 0x808d,
   0x80e9, 0x80f8, 0x80bb, 0x8012, 0x7fe4, 0x8031, 0x8031, 0x8012, 0x7fd5,
   0x7f5a, 0x7f4b, 0x7f3b, 0x7f97, 0x7fa7, 0x7fc5, 0x8040, 0x8040, 0x8012,
   0x8012, 0x8012, 0x7ff3, 0x807e, 0x80bb, 0x806e, 0x8012, 0x7ff3, 0x8040,
   0x806e, 0x807e, 0x8126, 0x80f8, 0x809c, 0x8040, 0x7ff3, 0x7eef, 0x7f3b,
   0x7ff3, 0x80ac, 0x80e9, 0x80bb, 0x80ca, 0x80f8, 0x808d, 0x8050, 0x805f,
   0x8031, 0x8050, 0x8031, 0x7fe4, 0x7f5a, 0x7f88, 0x8012, 0x8031, 0x8031,
   0x8050, 0x8040, 0x7f97, 0x805f, 0x8003, 0x8012, 0x7ff3, 0x8050, 0x8031,
   0x8022, 0x7f69, 0x7f3b, 0x7edf, 0x7f0d, 0x7e74, 0x7e93, 0x7f97, 0x7ff3,
   0x7fe4, 0x8040, 0x8003, 0x8040, 0x8031, 0x8012, 0x8040, 0x807e, 0x8040,
   0x7fc5, 0x8022, 0x807e, 0x808d, 0x8031, 0x8012, 0x8040, 0x805f, 0x7fe4,
   0x7fa7, 0x7fc5, 0x7ff3, 0x8040, 0x8003, 0x80bb, 0x807e, 0x8050, 0x8022,
   0x8040, 0x809c, 0x809c, 0x8022, 0x8012, 0x8003, 0x8003, 0x8022, 0x806e,
   0x8031, 0x7fe4, 0x7f0d, 0x7efe, 0x7fb6, 0x8050, 0x809c, 0x8108, 0x8145,
   0x8117, 0x80ca, 0x806e, 0x806e, 0x806e, 0x8022, 0x8031, 0x808d, 0x80e9,
   0x8050, 0x8012, 0x8031, 0x809c, 0x80da, 0x80ac, 0x80bb, 0x8012, 0x8012,
   0x7ff3, 0x7fd5, 0x7f4b, 0x7fe4, 0x8003, 0x8040, 0x807e, 0x80bb, 0x80ca,
   0x80bb, 0x809c, 0x8050, 0x80ac, 0x805f, 0x7ff3, 0x7f69, 0x7fb6, 0x7ff3,
   0x7fd5, 0x7fc5, 0x7f0d, 0x7fe4, 0x805f, 0x80f8, 0x80f8, 0x8050, 0x7fb6,
   0x7f79, 0x7f0d, 0x7ec1, 0x7f69, 0x8003, 0x8022, 0x807e, 0x8040, 0x8012,
   0x8012, 0x8050, 0x8031, 0x805f, 0x8012, 0x7ff3, 0x807e, 0x808d, 0x809c,
   0x808d, 0x8031, 0x806e, 0x8012, 0x7fc5, 0x7f97, 0x7f79, 0x7fe4, 0x8003,
   0x8012, 0x8050, 0x805f, 0x8050, 0x807e, 0x8012, 0x7fd5, 0x805f, 0x807e,
   0x8031, 0x7fc5, 0x7efe, 0x7ed0, 0x7eef, 0x7f2c, 0x7f2c, 0x7fb6, 0x8003,
   0x8040, 0x8040, 0x8012, 0x8012, 0x7fb6, 0x7f79, 0x7f0d, 0x7edf, 0x7f4b,
   0x7f88, 0x7f97, 0x7f3b, 0x7fd5, 0x805f, 0x80ac, 0x8003, 0x7f4b, 0x7f1d,
   0x7efe, 0x7f4b, 0x7fc5, 0x8012, 0x8022, 0x805f, 0x8003, 0x805f, 0x80ac,
   0x808d, 0x807e, 0x8050, 0x8050, 0x808d, 0x807e, 0x8012, 0x8040, 0x8031,
   0x806e, 0x8003, 0x7f69, 0x7fd5, 0x7ff3, 0x8003, 0x7fc5, 0x7fc5, 0x7f97,
   0x8012, 0x8022, 0x7fc5, 0x7fa7, 0x7f97, 0x7f97, 0x8022, 0x80ac, 0x80e9,
   0x808d, 0x7fd5, 0x7f79, 0x7f3b, 0x7ea2, 0x7eb1, 0x7f3b, 0x7fb6, 0x8012,
   0x8022, 0x8003, 0x805f, 0x8050, 0x808d, 0x80da, 0x80da, 0x8173, 0x8164,
   0x80f8, 0x805f, 0x807e, 0x809c, 0x809c, 0x806e, 0x8003, 0x8050, 0x8012,
   0x807e, 0x8108, 0x8031, 0x8050, 0x7fd5, 0x7f1d, 0x7eef, 0x7eef, 0x7eef,
   0x7fd5, 0x8040, 0x805f, 0x805f, 0x8012, 0x7fc5, 0x8003, 0x7ff3, 0x8031,
   0x8003, 0x7fe4, 0x8050, 0x805f, 0x7f97, 0x7f4b, 0x7f2c, 0x7fa7, 0x7fc5,
   0x8022, 0x8003, 0x809c, 0x8040, 0x7fe4, 0x7f79, 0x7f5a, 0x7f79, 0x7fb6,
   0x8012, 0x8050, 0x80da, 0x80da, 0x80ac, 0x806e, 0x7f97, 0x7f97, 0x7f79,
   0x8022, 0x8050, 0x8050, 0x8040, 0x8040, 0x8012, 0x8022, 0x809c, 0x80e9,
   0x809c, 0x8050, 0x7f79, 0x7f97, 0x7f3b, 0x7fe4, 0x8050, 0x8108, 0x8154,
   0x8136, 0x80bb, 0x7fe4, 0x805f, 0x7fe4, 0x7f97, 0x7fc5, 0x7f0d, 0x7f4b,
   0x7f79, 0x7f2c, 0x7e74, 0x7e93, 0x7f5a, 0x8012, 0x807e, 0x8050, 0x809c,
   0x80ca, 0x809c, 0x809c, 0x7fe4, 0x8022, 0x8012, 0x7fe4, 0x7ff3, 0x7fd5,
   0x8050, 0x8031, 0x806e, 0x80ca, 0x809c, 0x806e, 0x8031, 0x8012, 0x8022,
   0x8050, 0x806e, 0x8012, 0x8003, 0x7f69, 0x7f97, 0x7f69, 0x7f5a, 0x8012,
   0x809c, 0x808d, 0x80e9, 0x808d, 0x7fe4, 0x7f69, 0x7f5a, 0x8040, 0x80ca,
   0x80ac, 0x8136, 0x80e9, 0x809c, 0x808d, 0x805f, 0x8012, 0x806e, 0x8031,
   0x8003, 0x8012, 0x807e, 0x80ca, 0x8145, 0x8126, 0x80e9, 0x80ac, 0x8050,
   0x8012, 0x7ff3, 0x8003, 0x8050, 0x8012, 0x7f2c, 0x7f5a, 0x8040, 0x80bb,
   0x80bb, 0x8117, 0x80bb, 0x80ac, 0x80da, 0x80bb, 0x809c, 0x805f, 0x807e,
   0x8031, 0x8012, 0x7f97, 0x7f2c, 0x7f79, 0x7fb6, 0x7fb6, 0x7fc5, 0x7fe4,
   0x7fb6, 0x7fb6, 0x7f2c, 0x7ed0, 0x7fa7, 0x7f79, 0x7f69, 0x7f4b, 0x7f5a,
   0x7f69, 0x7f97, 0x8050, 0x8022, 0x8003, 0x7f5a, 0x7fb6, 0x7f88, 0x7efe,
   0x7edf, 0x7f4b, 0x7f88, 0x7fb6, 0x7ff3, 0x8022, 0x808d, 0x8108, 0x80e9,
   0x809c, 0x808d, 0x7fd5, 0x7f69, 0x7f4b, 0x7fa7, 0x8022, 0x8040, 0x806e,
   0x806e, 0x7fb6, 0x7f3b, 0x7f69, 0x7fa7, 0x7fd5, 0x7f79, 0x7fe4, 0x8003,
   0x808d, 0x8022, 0x8031, 0x8003, 0x7f5a, 0x7f69, 0x7f0d, 0x8003, 0x8012,
   0x7f97, 0x7ff3, 0x7fc5, 0x7fd5, 0x80e9, 0x80e9, 0x806e, 0x8031, 0x8003,
   0x7fb6, 0x7fb6, 0x8003, 0x80bb, 0x8117, 0x80f8, 0x7fb6, 0x7f0d, 0x7f0d,
   0x7eb1, 0x7ed0, 0x7f97, 0x8022, 0x8050, 0x8022, 0x8012, 0x7fc5, 0x7fb6,
   0x7f69, 0x7f88, 0x7f3b, 0x7fb6, 0x7f97, 0x8003, 0x7f97, 0x7fd5, 0x7fd5,
   0x7ff3, 0x806e, 0x805f, 0x80e9, 0x80ca, 0x80ca, 0x808d, 0x8012, 0x7f97,
   0x7f79, 0x7fe4, 0x7fc5, 0x8031, 0x80ac, 0x809c, 0x809c, 0x8040, 0x7ff3,
   0x8031, 0x8040, 0x8012, 0x7fd5, 0x7ff3, 0x8003, 0x7f97, 0x7f1d, 0x7f0d,
   0x7fa7, 0x805f, 0x80da, 0x80ac, 0x809c, 0x806e, 0x8031, 0x8022, 0x8012,
   0x805f, 0x8003, 0x7f69, 0x7f4b, 0x7eef, 0x7eef, 0x7edf, 0x7ed0, 0x7f4b,
   0x8012, 0x808d, 0x8031, 0x7ff3, 0x7fb6, 0x7f97, 0x8003, 0x8040, 0x8022,
   0x7ff3, 0x7f97, 0x7f5a, 0x7f88, 0x8031, 0x806e, 0x808d, 0x8022, 0x8031,
   0x8050, 0x805f, 0x7f97, 0x7efe, 0x7e74, 0x7ea2, 0x7eef, 0x7f97, 0x7ff3,
   0x809c, 0x808d, 0x809c, 0x8050, 0x8022, 0x807e, 0x8040, 0x80ac, 0x80bb,
   0x80da, 0x8145, 0x80ca, 0x8126, 0x80e9, 0x8117, 0x808d, 0x8012, 0x7f5a,
   0x7fd5, 0x8012, 0x7fb6, 0x8031, 0x8050, 0x8022, 0x7fd5, 0x7fc5, 0x7f88,
   0x8012, 0x7f88, 0x7f97, 0x8012, 0x8040, 0x7fa7, 0x7fc5, 0x7eef, 0x7efe,
   0x7f5a, 0x7fa7, 0x8031, 0x8040, 0x8040, 0x7f79, 0x8031, 0x805f, 0x805f,
   0x806e, 0x8031, 0x8031, 0x8022, 0x806e, 0x809c, 0x80bb, 0x80f8, 0x80bb,
   0x808d, 0x807e, 0x7fd5, 0x7fb6, 0x7fa7, 0x7f4b, 0x7fb6, 0x806e, 0x806e,
   0x809c, 0x8050, 0x8050, 0x7fd5, 0x7f1d, 0x7edf, 0x7f1d, 0x7fa7, 0x7fb6,
   0x7f69, 0x7f3b, 0x8031, 0x7f97, 0x7f69, 0x7fb6, 0x8012, 0x8022, 0x805f,
   0x805f, 0x80da, 0x80da, 0x8136, 0x805f, 0x7fd5, 0x7f5a, 0x7f1d, 0x7fd5,
   0x8050, 0x8050, 0x805f, 0x7fb6, 0x7ff3, 0x7fe4, 0x8022, 0x8050, 0x8022,
   0x8050, 0x8022, 0x8003, 0x8012, 0x8012, 0x8031, 0x8022, 0x808d, 0x8050,
   0x809c, 0x80ac, 0x7fd5, 0x7eef, 0x7fa7, 0x7fd5, 0x8003, 0x7fd5, 0x8031,
   0x8022, 0x805f, 0x805f, 0x8040, 0x8012, 0x8012, 0x8012, 0x8012, 0x8022,
   0x8012, 0x8040, 0x805f, 0x807e, 0x8022, 0x805f, 0x809c, 0x7fa7, 0x7f3b,
   0x7f0d, 0x7f69, 0x8012, 0x8012, 0x7fd5, 0x7fb6, 0x7f4b, 0x8022, 0x80ac,
   0x806e, 0x8022, 0x7f97, 0x7f1d, 0x7fe4, 0x8022, 0x80ac, 0x80da, 0x80e9,
   0x80da, 0x808d, 0x8050, 0x805f, 0x8012, 0x7fa7, 0x7f4b, 0x7f69, 0x7f79,
   0x7fd5, 0x7fd5, 0x7fa7, 0x7eef, 0x7dea, 0x7df9, 0x7ec1, 0x7f5a, 0x7fa7,
   0x808d, 0x80da, 0x81c0, 0x8182, 0x80f8, 0x80bb, 0x805f, 0x8022, 0x7fb6,
   0x7fc5, 0x806e, 0x80f8, 0x8022, 0x7ff3, 0x8050, 0x806e, 0x8012, 0x8012,
   0x809c, 0x80bb, 0x8108, 0x80da, 0x807e, 0x806e, 0x805f, 0x806e, 0x8012,
   0x7fc5, 0x7f88, 0x805f, 0x808d, 0x80bb, 0x809c, 0x80ac, 0x8117, 0x80da,
   0x80bb, 0x8012, 0x7ff3, 0x805f, 0x8050, 0x8040, 0x8012, 0x805f, 0x7fb6,
   0x7f97, 0x7f88, 0x7f97, 0x8012, 0x8012, 0x8040, 0x807e, 0x8003, 0x806e,
   0x80ca, 0x808d, 0x808d, 0x808d, 0x806e, 0x807e, 0x8031, 0x8050, 0x8040,
   0x8031, 0x8003, 0x7fa7, 0x8022, 0x7f79, 0x7f5a, 0x7ff3, 0x7fb6, 0x8031,
   0x80ac, 0x805f, 0x805f, 0x8022, 0x8040, 0x805f, 0x807e, 0x7fc5, 0x7fa7,
   0x7fa7, 0x7f1d, 0x7f1d, 0x7f4b, 0x7f4b, 0x7f2c, 0x7f5a, 0x7f79, 0x7f2c,
   0x7f97, 0x7fe4, 0x8012, 0x7f97, 0x7f79, 0x7f88, 0x7ec1, 0x7e93, 0x7f2c,
   0x7fb6, 0x8012, 0x8031, 0x8022, 0x8050, 0x7fa7, 0x7eef, 0x7fe4, 0x8031,
   0x806e, 0x7fd5, 0x7f97, 0x7f79, 0x7ff3, 0x8003, 0x7fb6, 0x7fa7, 0x7f4b,
   0x7fc5, 0x8050, 0x807e, 0x808d, 0x8050, 0x8050, 0x8050, 0x807e, 0x80bb,
   0x80ca, 0x8050, 0x7fd5, 0x7f3b, 0x7f79, 0x7f0d, 0x8012, 0x8012, 0x7efe,
   0x7f69, 0x7f88, 0x7fd5, 0x7f5a, 0x7f79, 0x7fc5, 0x8012, 0x805f, 0x809c,
   0x806e, 0x8040, 0x8022, 0x8012, 0x809c, 0x80da, 0x809c, 0x8050, 0x8050,
   0x805f, 0x7fe4, 0x7fb6, 0x7fe4, 0x7f79, 0x7f5a, 0x7fa7, 0x7f88, 0x7f4b,
   0x7eef, 0x7f69, 0x7f69, 0x7f88, 0x808d, 0x80da, 0x809c, 0x80e9, 0x80f8,
   0x80e9, 0x808d, 0x807e, 0x8003, 0x8031, 0x8050, 0x8003, 0x7f4b, 0x7efe,
   0x7f3b, 0x7fa7, 0x7fc5, 0x806e, 0x809c, 0x806e, 0x808d, 0x8012, 0x8012,
   0x8031, 0x8031, 0x8040, 0x8040, 0x805f, 0x8022, 0x7fb6, 0x8022, 0x808d,
   0x809c, 0x808d, 0x80da, 0x80da, 0x806e, 0x808d, 0x806e, 0x80ca, 0x80bb,
   0x80ca, 0x80f8, 0x8136, 0x8031, 0x7f0d, 0x7eb1, 0x7ec1, 0x7e93, 0x7eb1,
   0x7f4b, 0x7f97, 0x8022, 0x8012, 0x8012, 0x7f5a, 0x7ff3, 0x7fd5, 0x7fd5,
   0x7fb6, 0x8022, 0x7fe4, 0x7fd5, 0x8050, 0x8012, 0x7fb6, 0x807e, 0x8050,
   0x8031, 0x7f69, 0x7f69, 0x7fb6, 0x8040, 0x808d, 0x805f, 0x8003, 0x7fc5,
   0x7fe4, 0x7fb6, 0x7fb6, 0x7fe4, 0x8040, 0x7fc5, 0x8031, 0x7fd5, 0x7eb1,
   0x7a04, 0x77cb, 0x7751, 0x77ea, 0x7aad, 0x7dcb, 0x809c, 0x82b5, 0x8454,
   0x852b, 0x84a1, 0x84cf, 0x8482, 0x8473, 0x838d, 0x8296, 0x820c, 0x81c0,
   0x8117, 0x8164, 0x80ca, 0x80da, 0x809c, 0x809c, 0x8031, 0x8031, 0x808d,
   0x805f, 0x8022, 0x808d, 0x8012, 0x805f, 0x808d, 0x8040, 0x8012, 0x805f,
   0x807e, 0x80ac, 0x8040, 0x8050, 0x7ff3, 0x8050, 0x80da, 0x809c, 0x807e,
   0x7f79, 0x7efe, 0x7f5a, 0x7f88, 0x7fc5, 0x7fb6, 0x8040, 0x80ac, 0x80bb,
   0x80ca, 0x80ca, 0x8040, 0x7fe4, 0x7f0d, 0x7f1d, 0x7eef, 0x7efe, 0x7f1d,
   0x7fc5, 0x8031, 0x7ff3, 0x7fe4, 0x7fa7, 0x8003, 0x808d, 0x8012, 0x7f5a,
   0x7ec1, 0x7f2c, 0x7f1d, 0x7f2c, 0x7f2c, 0x7fd5, 0x8050, 0x8040, 0x7fb6,
   0x7fe4, 0x7fd5, 0x8031, 0x80ca, 0x8126, 0x80f8, 0x80e9, 0x80ca, 0x8050,
   0x805f, 0x807e, 0x8022, 0x7fc5, 0x7f5a, 0x7f97, 0x8003, 0x7fb6, 0x7f97,
   0x7f88, 0x7f69, 0x7f79, 0x7ff3, 0x7f97, 0x7f3b, 0x7f88, 0x7f69, 0x7fd5,
   0x7fc5, 0x7f79, 0x8022, 0x8003, 0x7ff3, 0x8040, 0x809c, 0x806e, 0x8012,
   0x7fb6, 0x8012, 0x805f, 0x806e, 0x80e9, 0x806e, 0x805f, 0x8012, 0x8012,
   0x7fe4, 0x8012, 0x806e, 0x7ff3, 0x7f4b, 0x7f5a, 0x7f3b, 0x7f2c, 0x7f0d,
   0x7fd5, 0x7ff3, 0x8012, 0x8012, 0x8050, 0x80ac, 0x805f, 0x7f88, 0x7fc5,
   0x7ff3, 0x80ac, 0x809c, 0x80da, 0x808d, 0x8031, 0x807e, 0x809c, 0x807e,
   0x8022, 0x808d, 0x80da, 0x80f8, 0x7ff3, 0x7fe4, 0x805f, 0x80f8, 0x805f,
   0x7fe4, 0x7f2c, 0x7efe, 0x7f5a, 0x7fb6, 0x806e, 0x80bb, 0x80e9, 0x7ff3,
   0x7fd5, 0x7fb6, 0x7f3b, 0x7f97, 0x7f79, 0x8012, 0x8050, 0x8040, 0x80ac,
   0x806e, 0x807e, 0x8031, 0x8003, 0x8031, 0x7ff3, 0x7fb6, 0x7f88, 0x8012,
   0x8022, 0x806e, 0x80ac, 0x808d, 0x805f, 0x809c, 0x809c, 0x8136, 0x80ac,
   0x80ac, 0x80f8, 0x806e, 0x7ff3, 0x7fd5, 0x7fd5, 0x7f88, 0x7fb6, 0x7fc5,
   0x805f, 0x8012, 0x8003, 0x7f79, 0x7f4b, 0x7f3b, 0x7f88, 0x7f88, 0x7f3b,
   0x7fb6, 0x7fe4, 0x7f4b, 0x7f88, 0x7fc5, 0x8022, 0x8012, 0x7f4b, 0x8003,
   0x80ca, 0x80ca, 0x805f, 0x8031, 0x80ac, 0x80f8, 0x8050, 0x8012, 0x8012,
   0x8003, 0x8022, 0x8012, 0x805f, 0x809c, 0x806e, 0x806e, 0x7f88, 0x7f3b,
   0x7fe4, 0x7f97, 0x8022, 0x7ff3, 0x8012, 0x7fb6, 0x8031, 0x8031, 0x8012,
   0x8012, 0x8050, 0x808d, 0x8022, 0x8003, 0x8012, 0x80ca, 0x8117, 0x8031,
   0x7f97, 0x7fd5, 0x80f8, 0x8050, 0x7f79, 0x7f4b, 0x7f88, 0x7f2c, 0x7eef,
   0x7e93, 0x7ea2, 0x7ea2, 0x7edf, 0x7e93, 0x7e74, 0x7e27, 0x7f1d, 0x7f79,
   0x7fd5, 0x80ac, 0x80e9, 0x8022, 0x8003, 0x7fd5, 0x8022, 0x8012, 0x8040,
   0x7f88, 0x7fa7, 0x7f97, 0x7f88, 0x7f69, 0x7efe, 0x7efe, 0x7f3b, 0x7f88,
   0x8031, 0x805f, 0x805f, 0x807e, 0x80ca, 0x8154, 0x8126, 0x8108, 0x80bb,
   0x8126, 0x8050, 0x8012, 0x7f5a, 0x7f5a, 0x7fa7, 0x7fe4, 0x8050, 0x807e,
   0x8012, 0x8012, 0x8050, 0x8050, 0x8040, 0x8040, 0x80ac, 0x808d, 0x8003,
   0x7ff3, 0x8031, 0x80ac, 0x809c, 0x807e, 0x808d, 0x80ca, 0x80f8, 0x8108,
   0x80f8, 0x80e9, 0x807e, 0x805f, 0x8050, 0x8003, 0x8050, 0x805f, 0x8050,
   0x807e, 0x8040, 0x80bb, 0x8022, 0x8012, 0x7f88, 0x7f88, 0x7f4b, 0x7f4b,
   0x7f3b, 0x7edf, 0x7ed0, 0x7edf, 0x7f1d, 0x7e93, 0x7e93, 0x7f4b, 0x7fd5,
   0x8050, 0x805f, 0x80ac, 0x8031, 0x7fe4, 0x7ff3, 0x7fc5, 0x7ff3, 0x7ff3,
   0x7fe4, 0x7f4b, 0x7fe4, 0x8003, 0x7f69, 0x7f1d, 0x7f69, 0x7f69, 0x7fb6,
   0x7fc5, 0x7fd5, 0x8040, 0x806e, 0x8040, 0x80ac, 0x80e9, 0x80bb, 0x808d,
   0x8022, 0x8022, 0x8022, 0x7f97, 0x7f79, 0x7f5a, 0x7efe, 0x7ed0, 0x7f5a,
   0x7fa7, 0x80ac, 0x807e, 0x8108, 0x809c, 0x7f88, 0x7f5a, 0x7f3b, 0x7f88,
   0x808d, 0x80da, 0x8050, 0x8022, 0x7f69, 0x7f69, 0x7f4b, 0x7f1d, 0x7ec1,
   0x7efe, 0x7fa7, 0x8012, 0x80e9, 0x80e9, 0x8136, 0x80bb, 0x8022, 0x7ff3,
   0x7ff3, 0x8003, 0x7ff3, 0x8040, 0x806e, 0x806e, 0x7f88, 0x7edf, 0x7e55,
   0x7ea2, 0x7ed0, 0x8012, 0x80bb, 0x80da, 0x806e, 0x8040, 0x7fa7, 0x7f1d,
   0x7ff3, 0x8031, 0x807e, 0x80ac, 0x80bb, 0x8040, 0x8003, 0x7fd5, 0x7f79,
   0x7f4b, 0x7fd5, 0x805f, 0x8040, 0x8050, 0x7ff3, 0x7fe4, 0x7f97, 0x7fc5,
   0x7fa7, 0x7fe4, 0x7fe4, 0x8108, 0x80f8, 0x80ca, 0x80bb, 0x807e, 0x807e,
   0x8022, 0x8022, 0x7fb6, 0x7fc5, 0x7f88, 0x8040, 0x805f, 0x8031, 0x8003,
   0x7f5a, 0x7f4b, 0x7fa7, 0x7f4b, 0x7eef, 0x7f3b, 0x7f1d, 0x7f3b, 0x7ff3,
   0x8012, 0x805f, 0x8050, 0x8031, 0x7ff3, 0x7fb6, 0x7f4b, 0x7f69, 0x7f79,
   0x7f79, 0x7fc5, 0x8012, 0x7ff3, 0x8031, 0x7ff3, 0x8031, 0x8040, 0x8050,
   0x8031, 0x806e, 0x8050, 0x80ca, 0x80da, 0x80da, 0x8050, 0x8022, 0x7f88,
   0x7fa7, 0x8012, 0x7f79, 0x7f79, 0x7fd5, 0x8031, 0x8040, 0x8031, 0x805f,
   0x80ac, 0x806e, 0x808d, 0x8040, 0x7fe4, 0x7fc5, 0x7fe4, 0x806e, 0x80ac,
   0x807e, 0x7fa7, 0x8003, 0x7fd5, 0x7ff3, 0x8050, 0x8050, 0x809c, 0x806e,
   0x805f, 0x806e, 0x8022, 0x807e, 0x809c, 0x809c, 0x808d, 0x8012, 0x7f5a,
   0x7f69, 0x7f1d, 0x7fb6, 0x7fc5, 0x7ff3, 0x7ff3, 0x7f88, 0x7f69, 0x7fb6,
   0x8003, 0x8012, 0x7fe4, 0x809c, 0x8050, 0x7f0d, 0x7eef, 0x7eb1, 0x7f3b,
   0x8031, 0x806e, 0x8108, 0x80bb, 0x8040, 0x8003, 0x7f88, 0x7f88, 0x8012,
   0x8031, 0x80bb, 0x8108, 0x80e9, 0x805f, 0x8022, 0x8003, 0x7fe4, 0x8040,
   0x8031, 0x8040, 0x7fc5, 0x7f3b, 0x7f79, 0x7ff3, 0x8108, 0x8145, 0x8136,
   0x8136, 0x80bb, 0x809c, 0x806e, 0x8012, 0x8003, 0x8050, 0x806e, 0x809c,
   0x80bb, 0x806e, 0x805f, 0x8003, 0x8050, 0x806e, 0x80ac, 0x80bb, 0x805f,
   0x7fd5, 0x8040, 0x7fb6, 0x7ff3, 0x8012, 0x8040, 0x8117, 0x80e9, 0x8040,
   0x806e, 0x80da, 0x809c, 0x80e9, 0x80f8, 0x8136, 0x80f8, 0x80e9, 0x807e,
   0x7f88, 0x7f2c, 0x7ed0, 0x7f5a, 0x7f79, 0x8012, 0x8012, 0x8022, 0x8040,
   0x8031, 0x7fd5, 0x7f88, 0x8012, 0x808d, 0x80f8, 0x80ac, 0x8003, 0x7f97,
   0x7fe4, 0x7fd5, 0x8108, 0x80e9, 0x80bb, 0x80bb, 0x8031, 0x8022, 0x8040,
   0x8022, 0x808d, 0x809c, 0x80ac, 0x80f8, 0x80f8, 0x8145, 0x8117, 0x80bb,
   0x805f, 0x80ac, 0x809c, 0x80da, 0x807e, 0x7f4b, 0x8003, 0x80bb, 0x809c,
   0x8022, 0x8040, 0x7ff3, 0x8012, 0x8022, 0x7fd5, 0x8022, 0x8003, 0x8040,
   0x808d, 0x80bb, 0x8126, 0x8117, 0x80da, 0x807e, 0x809c, 0x80da, 0x805f,
   0x7ff3, 0x7f88, 0x7f4b, 0x8012, 0x7ff3, 0x7fe4, 0x7f4b, 0x7fc5, 0x8003,
   0x8003, 0x7fd5, 0x7fd5, 0x8012, 0x7fb6, 0x8050, 0x808d, 0x8012, 0x7fe4,
   0x7f5a, 0x7f79, 0x7f5a, 0x7fa7, 0x8022, 0x7fe4, 0x7ea1, 0x7e92, 0x7f2c,
   0x7f97, 0x8012, 0x807e, 0x8022, 0x7fc5, 0x8012, 0x8040, 0x8031, 0x8050,
   0x8003, 0x8003, 0x7fd5, 0x7fa7, 0x8012, 0x809c, 0x80bb, 0x808d, 0x8050,
   0x80ca, 0x8031, 0x7fc5, 0x7fc5, 0x7fd5, 0x7fc5, 0x8012, 0x8040, 0x8012,
   0x805f, 0x8022, 0x8050, 0x805f, 0x7fb6, 0x7fe4, 0x7fe4, 0x7f4b, 0x7f1d,
   0x7fd5, 0x8031, 0x7fb6, 0x7ff3, 0x7fd5, 0x7f69, 0x7f69, 0x8022, 0x8022,
   0x8022, 0x8012, 0x8022, 0x806e, 0x805f, 0x806e, 0x8050, 0x806e, 0x808d,
   0x809c, 0x809c, 0x8012, 0x7f97, 0x7fb6, 0x7f2c, 0x7f88, 0x7f88, 0x7fb6,
   0x7fe4, 0x7f79, 0x7f69, 0x7f1d, 0x7f88, 0x7f4b, 0x7f4b, 0x7fc5, 0x808d,
   0x808d, 0x80ac, 0x8012, 0x8040, 0x7fe4, 0x7f97, 0x7fd5, 0x7fe4, 0x7fe4,
   0x7fb6, 0x7f97, 0x7ff3, 0x7fd5, 0x7ff3, 0x8012, 0x7fc5, 0x8012, 0x8050,
   0x8040, 0x8022, 0x809c, 0x805f, 0x807e, 0x8050, 0x806e, 0x8040, 0x8012,
   0x7fe4, 0x7fe4, 0x8012, 0x7f97, 0x7ff3, 0x8022, 0x8040, 0x8031, 0x8040,
   0x8022, 0x808d, 0x8040, 0x805f, 0x8031, 0x8003, 0x7fa7, 0x7fe4, 0x7f88,
   0x7fa7, 0x7f0d, 0x7f2c, 0x7fd5, 0x7ff3, 0x7fd5, 0x8022, 0x7f69, 0x7f88,
   0x7f88, 0x8022, 0x7ff3, 0x7fd5, 0x8003, 0x7f69, 0x7fc5, 0x7fe4, 0x7fd5,
   0x7fd5, 0x7f69, 0x7f4b, 0x7eef, 0x7ec1, 0x7f0d, 0x7f69, 0x7fc5, 0x7f3b,
   0x7f69, 0x7f4b, 0x7f69, 0x7edf, 0x7ed0, 0x7fe4, 0x8040, 0x8012, 0x7fc5,
   0x7f2c, 0x7f5a, 0x7fe4, 0x8012, 0x8031, 0x806e, 0x80bb, 0x809c, 0x807e,
   0x809c, 0x80ca, 0x8012, 0x7fc5, 0x7fa7, 0x7f69, 0x7fb6, 0x7fa7, 0x8012,
   0x8012, 0x7f88, 0x8040, 0x8012, 0x8040, 0x7ff3, 0x8012, 0x8031, 0x806e,
   0x8022, 0x7fa7, 0x7fa7, 0x7fa7, 0x8022, 0x8050, 0x8040, 0x8040, 0x805f,
   0x805f, 0x8031, 0x7f97, 0x8003, 0x8012, 0x8012, 0x7fc5, 0x8022, 0x807e,
   0x806e, 0x806e, 0x8022, 0x7fd5, 0x7f88, 0x7f4b, 0x7f4b, 0x7f79, 0x7f5a,
   0x7f97, 0x7f2c, 0x7fe4, 0x7fd5, 0x7f5a, 0x7fa7, 0x7f97, 0x7ff3, 0x8003,
   0x8012, 0x7fd5, 0x7f69, 0x7efe, 0x7ec1, 0x7f2c, 0x7f4b, 0x7fe4, 0x807e,
   0x8022, 0x7ff3, 0x7fe4, 0x8003, 0x7ff3, 0x806e, 0x8136, 0x8192, 0x8126,
   0x80e9, 0x80bb, 0x8003, 0x7f1d, 0x7f5a, 0x7f3b, 0x8022, 0x7fb6, 0x8031,
   0x80bb, 0x80ac, 0x80bb, 0x80ac, 0x80bb, 0x7fc5, 0x7fc5, 0x7ff3, 0x7ff3,
   0x80da, 0x8126, 0x809c, 0x8031, 0x8108, 0x8031, 0x80ac, 0x809c, 0x808d,
   0x80e9, 0x809c, 0x807e, 0x806e, 0x80ac, 0x7fd5, 0x7efe, 0x7ea2, 0x7f2c,
   0x7f5a, 0x7f97, 0x7fb6, 0x8050, 0x80bb, 0x8145, 0x809c, 0x8022, 0x8031,
   0x7ff3, 0x7f1d, 0x7f0d, 0x7f4b, 0x7f69, 0x7f88, 0x7f79, 0x7f88, 0x7f97,
   0x7fa7, 0x7f1d, 0x7f1d, 0x7f2c, 0x7f3b, 0x7f1d, 0x7f5a, 0x8040, 0x808d,
   0x80bb, 0x80bb, 0x80da, 0x80f8, 0x8145, 0x8154, 0x8154, 0x80ca, 0x8031,
   0x7f4b, 0x7f0d, 0x7f5a, 0x7f3b, 0x7f79, 0x80ac, 0x80e9, 0x80bb, 0x808d,
   0x8136, 0x8173, 0x8108, 0x80da, 0x805f, 0x80e9, 0x8173, 0x8126, 0x8117,
   0x80da, 0x8012, 0x7ff3, 0x8012, 0x808d, 0x80da, 0x80bb, 0x805f, 0x8012,
   0x7f5a, 0x7f4b, 0x7f79, 0x7fe4, 0x8022, 0x8003, 0x8022, 0x8003, 0x806e,
   0x80bb, 0x80f8, 0x80ca, 0x807e, 0x80bb, 0x80f8, 0x80ac, 0x80e9, 0x809c,
   0x80bb, 0x80ca, 0x806e, 0x806e, 0x8050, 0x805f, 0x7fc5, 0x7fc5, 0x7fb6,
   0x7f97, 0x8012, 0x8040, 0x8040, 0x8050, 0x8012, 0x8003, 0x7f97, 0x7fa7,
   0x809c, 0x809c, 0x80da, 0x805f, 0x7f5a, 0x7e27, 0x7a6f, 0x7760, 0x7741,
   0x7809, 0x7a60, 0x7dcb, 0x80ac, 0x82e3, 0x8417, 0x8436, 0x84b0, 0x8492,
   0x8436, 0x8408, 0x82e4, 0x8259, 0x81fd, 0x8182, 0x80f8, 0x80e9, 0x8108,
   0x8108, 0x80e9, 0x8117, 0x807e, 0x805f, 0x8022, 0x8003, 0x8050, 0x7f5a,
   0x7f3b, 0x7fe4, 0x8031, 0x8012, 0x8003, 0x807e, 0x80ac, 0x80ca, 0x80ac,
   0x80ac, 0x809c, 0x80ac, 0x8040, 0x8031, 0x7ff3, 0x806e, 0x8040, 0x8022,
   0x809c, 0x808d, 0x8050, 0x805f, 0x8031, 0x8050, 0x806e, 0x8031, 0x7f79,
   0x7f3b, 0x7efe, 0x7f97, 0x7fd5, 0x7fb6, 0x7fe4, 0x7fc5, 0x7f69, 0x7f3b,
   0x7fc5, 0x8012, 0x805f, 0x80f8, 0x8126, 0x809c, 0x7fd5, 0x7f97, 0x7f2c,
   0x7f79, 0x7fb6, 0x7ff3, 0x7ff3, 0x7fc5, 0x8003, 0x8031, 0x7fd5, 0x7f5a,
   0x7efe, 0x7f3b, 0x7ff3, 0x7fc5, 0x7fb6, 0x7fb6, 0x8003, 0x8040, 0x80ac,
   0x8003, 0x7ff3, 0x8003, 0x7fe4, 0x7ea2, 0x7e55, 0x7e74, 0x7f4b, 0x7f3b,
   0x7f4b, 0x8012, 0x8012, 0x7fc5, 0x7fc5, 0x7fd5, 0x8040, 0x8022, 0x8012,
   0x8022, 0x807e, 0x8117, 0x80bb, 0x807e, 0x8012, 0x8003, 0x7ff3, 0x7fb6,
   0x7f5a, 0x7f4b, 0x7fd5, 0x7fd5, 0x8031, 0x7fc5, 0x7f97, 0x8022, 0x8003,
   0x7f69, 0x7fa7, 0x7fe4, 0x8031, 0x8003, 0x8050, 0x7ff3, 0x80ac, 0x809c,
   0x806e, 0x806e, 0x805f, 0x807e, 0x8031, 0x809c, 0x8012, 0x805f, 0x80ac,
   0x80f8, 0x8050, 0x8040, 0x809c, 0x8154, 0x807e, 0x8031, 0x7f97, 0x7fa7,
   0x7f88, 0x7fa7, 0x7f0d, 0x7f69, 0x7f69, 0x7f5a, 0x7f1d, 0x7f1d, 0x7eef,
   0x7f1d, 0x7f88, 0x8003, 0x8022, 0x807e, 0x7fb6, 0x8022, 0x805f, 0x805f,
   0x7f79, 0x8031, 0x806e, 0x806e, 0x807e, 0x8050, 0x807e, 0x805f, 0x8040,
   0x7fe4, 0x7fe4, 0x7f5a, 0x7efe, 0x7eb1, 0x7f5a, 0x8040, 0x806e, 0x8050,
   0x8003, 0x7fb6, 0x8022, 0x8012, 0x805f, 0x7fa7, 0x7fb6, 0x7ff3, 0x7fc5,
   0x7fc5, 0x7fb6, 0x7fd5, 0x8022, 0x7fc5, 0x7fa7, 0x8012, 0x8022, 0x7f88,
   0x7ff3, 0x7fe4, 0x8003, 0x80ac, 0x8126, 0x80bb, 0x8050, 0x8012, 0x8012,
   0x8003, 0x808d, 0x80f8, 0x805f, 0x7f4b, 0x7f4b, 0x7f1d, 0x8022, 0x808d,
   0x80e9, 0x805f, 0x8012, 0x8022, 0x8022, 0x7fb6, 0x8012, 0x7fa7, 0x7fa7,
   0x7ff3, 0x7ff3, 0x8003, 0x7fb6, 0x7fa7, 0x7fb6, 0x7fb6, 0x7f69, 0x7f97,
   0x7f2c, 0x7f69, 0x7fd5, 0x7ff3, 0x8012, 0x8108, 0x807e, 0x7ff3, 0x8040,
   0x8012, 0x805f, 0x8117, 0x8164, 0x808d, 0x7fd5, 0x7fb6, 0x7f4b, 0x7f0d,
   0x7f0d, 0x7ff3, 0x807e, 0x809c, 0x80ca, 0x8040, 0x7f69, 0x7fc5, 0x809c,
   0x807e, 0x808d, 0x8012, 0x7fc5, 0x7f4b, 0x7f4b, 0x7f5a, 0x7fe4, 0x8022,
   0x7fd5, 0x8022, 0x7fc5, 0x8031, 0x8050, 0x805f, 0x806e, 0x8003, 0x7fd5,
   0x7fb6, 0x7fc5, 0x8012, 0x8012, 0x8040, 0x8022, 0x8031, 0x805f, 0x8022,
   0x7ff3, 0x7fc5, 0x7f0d, 0x8022, 0x7fd5, 0x8031, 0x806e, 0x7fe4, 0x8012,
   0x7f88, 0x7f79, 0x7ff3, 0x805f, 0x809c, 0x807e, 0x8022, 0x8012, 0x7f97,
   0x7f69, 0x7eef, 0x7ed0, 0x7ed0, 0x7f5a, 0x7f4b, 0x8012, 0x805f, 0x7f97,
   0x7f79, 0x8003, 0x8050, 0x808d, 0x805f, 0x8012, 0x7f4b, 0x7f5a, 0x7fe4,
   0x7ff3, 0x806e, 0x809c, 0x80da, 0x80bb, 0x807e, 0x7ff3, 0x7f69, 0x7f5a,
   0x8022, 0x7f88, 0x7f88, 0x7f69, 0x7fd5, 0x806e, 0x807e, 0x805f, 0x8022,
   0x8012, 0x8031, 0x8031, 0x8012, 0x8050, 0x8050, 0x806e, 0x805f, 0x808d,
   0x80bb, 0x806e, 0x809c, 0x809c, 0x8012, 0x7f79, 0x7f4b, 0x7f0d, 0x7efe,
   0x7f1d, 0x7eb1, 0x7ff3, 0x8031, 0x8022, 0x7ff3, 0x8022, 0x8031, 0x806e,
   0x80ac, 0x80da, 0x8117, 0x80ca, 0x8040, 0x8050, 0x80ac, 0x809c, 0x806e,
   0x809c, 0x8050, 0x7f79, 0x7f2c, 0x8012, 0x805f, 0x80ac, 0x80bb, 0x80ca,
   0x8154, 0x8117, 0x8050, 0x7fc5, 0x8012, 0x8003, 0x8003, 0x8012, 0x8012,
   0x806e, 0x805f, 0x8022, 0x8022, 0x7ff3, 0x7f97, 0x7fc5, 0x7fb6, 0x8003,
   0x8040, 0x8031, 0x8040, 0x7f5a, 0x7f3b, 0x7f2c, 0x8003, 0x8022, 0x8022,
   0x8050, 0x8050, 0x806e, 0x8012, 0x7f69, 0x7f4b, 0x7f0d, 0x7f3b, 0x7f5a,
   0x808d, 0x80ac, 0x806e, 0x8022, 0x806e, 0x8003, 0x7f97, 0x8040, 0x808d,
   0x805f, 0x7fe4, 0x7f0d, 0x7fb6, 0x8003, 0x7fd5, 0x7f69, 0x7f0d, 0x7f4b,
   0x7fc5, 0x809c, 0x80bb, 0x809c, 0x809c, 0x8022, 0x7f1d, 0x7f3b, 0x7f79,
   0x8012, 0x7f69, 0x7f4b, 0x7f79, 0x7ff3, 0x7fe4, 0x7ff3, 0x8012, 0x8050,
   0x80ac, 0x80da, 0x80ca, 0x8050, 0x7ff3, 0x8031, 0x7ff3, 0x8012, 0x7f79,
   0x7f0d, 0x7f69, 0x8031, 0x8050, 0x8031, 0x8022, 0x7fd5, 0x7ff3, 0x7f1d,
   0x7eb1, 0x7efe, 0x7fc5, 0x8012, 0x808d, 0x80bb, 0x80f8, 0x80da, 0x8050,
   0x7f1d, 0x7efe, 0x7fa7, 0x7fe4, 0x7fe4, 0x7f5a, 0x7f1d, 0x7fc5, 0x805f,
   0x807e, 0x805f, 0x7fd5, 0x7f4b, 0x7f2c, 0x7fc5, 0x8022, 0x7fe4, 0x8031,
   0x808d, 0x7fa7, 0x7f88, 0x7f97, 0x7f88, 0x7fe4, 0x80ac, 0x808d, 0x80bb,
   0x80da, 0x7ff3, 0x7fc5, 0x7fd5, 0x8040, 0x7fb6, 0x7f79, 0x7fd5, 0x7fd5,
   0x8050, 0x8031, 0x80f8, 0x8012, 0x807e, 0x7fe4, 0x7fa7, 0x7fa7, 0x7fc5,
   0x7fd5, 0x7f97, 0x7f79, 0x8003, 0x8003, 0x7ff3, 0x8031, 0x80f8, 0x806e,
   0x806e, 0x809c, 0x805f, 0x808d, 0x8126, 0x808d, 0x805f, 0x80ca, 0x80ac,
   0x806e, 0x809c, 0x80bb, 0x808d, 0x806e, 0x7fa7, 0x7f88, 0x7f97, 0x8012,
   0x8050, 0x808d, 0x8031, 0x8022, 0x7fc5, 0x7fc5, 0x8022, 0x8012, 0x807e,
   0x80ca, 0x806e, 0x80ac, 0x807e, 0x8040, 0x8022, 0x8031, 0x8022, 0x8012,
   0x8003, 0x807e, 0x806e, 0x7fa7, 0x7f4b, 0x7efe, 0x7f0d, 0x7f79, 0x7fe4,
   0x806e, 0x80ac, 0x80ac, 0x80da, 0x80e9, 0x8031, 0x8012, 0x8050, 0x8031,
   0x805f, 0x8012, 0x8012, 0x7fd5, 0x7f5a, 0x7fd5, 0x7f4b, 0x8003, 0x8003,
   0x7fc5, 0x7fe4, 0x7f2c, 0x8022, 0x8022, 0x80bb, 0x80e9, 0x80da, 0x807e,
   0x7f4b, 0x7f4b, 0x7f97, 0x8012, 0x808d, 0x806e, 0x7fe4, 0x8050, 0x808d,
   0x7fa7, 0x7f88, 0x7fc5, 0x807e, 0x8040, 0x7fc5, 0x7fb6, 0x7fb6, 0x7f79,
   0x7fe4, 0x7f97, 0x7f3b, 0x7eef, 0x7ed0, 0x7efe, 0x7f1d, 0x7fa7, 0x7f79,
   0x8012, 0x7fe4, 0x8003, 0x7fe4, 0x7fe4, 0x8012, 0x7f88, 0x7f2c, 0x7f4b,
   0x7f1d, 0x7f69, 0x7efe, 0x7f79, 0x7fa7, 0x7f2c, 0x7f3b, 0x7f69, 0x7f79,
   0x7f88, 0x7f5a, 0x7f79, 0x7ed0, 0x7efe, 0x7f79, 0x7f88, 0x7f88, 0x7f97,
   0x7f79, 0x7f69, 0x7f69, 0x7fe4, 0x7fa7, 0x8031, 0x8022, 0x805f, 0x8022,
   0x7f5a, 0x7f4b, 0x7f5a, 0x8050, 0x8003, 0x805f, 0x807e, 0x80bb, 0x8003,
   0x805f, 0x807e, 0x806e, 0x805f, 0x809c, 0x80ca, 0x8154, 0x8126, 0x80f8,
   0x80bb, 0x80e9, 0x80bb, 0x805f, 0x8012, 0x7f69, 0x7f1d, 0x7f5a, 0x7f69,
   0x7f5a, 0x7fb6, 0x7fb6, 0x7fb6, 0x7ff3, 0x8022, 0x8003, 0x7ff3, 0x8012,
   0x8040, 0x8031, 0x8022, 0x8012, 0x807e, 0x80ac, 0x805f, 0x80ac, 0x806e,
   0x8040, 0x7ff3, 0x8031, 0x8012, 0x7ec1, 0x7efe, 0x7f2c, 0x7f0d, 0x7f0d,
   0x7f69, 0x7fb6, 0x8012, 0x7ff3, 0x7f69, 0x7fe4, 0x8012, 0x8022, 0x8012,
   0x8022, 0x808d, 0x805f, 0x8012, 0x7ff3, 0x805f, 0x808d, 0x80da, 0x808d,
   0x8022, 0x8003, 0x7f88, 0x7fd5, 0x8022, 0x8040, 0x8040, 0x7fa7, 0x7f97,
   0x7eef, 0x7eef, 0x7f88, 0x8022, 0x8031, 0x8040, 0x8003, 0x7fe4, 0x8031,
   0x8040, 0x8040, 0x8040, 0x80da, 0x80e9, 0x808d, 0x8050, 0x805f, 0x808d,
   0x807e, 0x809c, 0x8003, 0x7f79, 0x7f3b, 0x7f4b, 0x7f69, 0x7f2c, 0x7f0d,
   0x7f5a, 0x7fd5, 0x8040, 0x7fa7, 0x7f5a, 0x7f2c, 0x7f0d, 0x7fa7, 0x7fc5,
   0x7ff3, 0x7fd5, 0x8003, 0x8050, 0x8012, 0x8050, 0x80da, 0x80da, 0x7fd5,
   0x7fb6, 0x7f88, 0x7f5a, 0x7f88, 0x7fe4, 0x8012, 0x8031, 0x8003, 0x8031,
   0x7fe4, 0x8050, 0x8031, 0x8022, 0x8040, 0x805f, 0x806e, 0x805f, 0x8050,
   0x8040, 0x809c, 0x809c, 0x809c, 0x8040, 0x7f69, 0x7fb6, 0x7fe4, 0x805f,
   0x7f97, 0x7f79, 0x7f4b, 0x7f79, 0x7fe4, 0x7fb6, 0x8012, 0x809c, 0x8022,
   0x8050, 0x8031, 0x8012, 0x8050, 0x808d, 0x807e, 0x7f97, 0x7f97, 0x7f1d,
   0x7f88, 0x7f97, 0x806e, 0x8012, 0x7eb1, 0x7f1d, 0x7f4b, 0x7f88, 0x7fe4,
   0x7ff3, 0x8040, 0x8022, 0x8022, 0x8012, 0x7fd5, 0x8022, 0x8022, 0x8012,
   0x7fc5, 0x8003, 0x8012, 0x7ff3, 0x7ff3, 0x7fd5, 0x7fb6, 0x8012, 0x8031,
   0x8003, 0x8031, 0x8050, 0x808d, 0x8022, 0x809c, 0x80bb, 0x80ac, 0x809c,
   0x806e, 0x8040, 0x8012, 0x7fd5, 0x8012, 0x7fe4, 0x7fe4, 0x8012, 0x8031,
   0x807e, 0x806e, 0x80ac, 0x809c, 0x806e, 0x8050, 0x8012, 0x8022, 0x8050,
   0x8050, 0x809c, 0x8040, 0x806e, 0x8031, 0x7fe4, 0x7f2c, 0x7f2c, 0x7f69,
   0x7fd5, 0x7fd5, 0x8031, 0x8012, 0x8031, 0x7f79, 0x7f4b, 0x7f5a, 0x7f5a,
   0x7f79, 0x7fe4, 0x8050, 0x808d, 0x8050, 0x8012, 0x7fb6, 0x7f79, 0x7f97,
   0x7fc5, 0x8050, 0x808d, 0x805f, 0x8031, 0x8012, 0x7f88, 0x7f5a, 0x8050,
   0x8040, 0x8031, 0x8012, 0x8012, 0x7fe4, 0x80bb, 0x8164, 0x807e, 0x7fc5,
   0x7f88, 0x7f88, 0x7f79, 0x8040, 0x8050, 0x8003, 0x7f5a, 0x7fd5, 0x8050,
   0x80bb, 0x80f8, 0x80bb, 0x8031, 0x7fd5, 0x7f5a, 0x7f97, 0x8012, 0x806e,
   0x8031, 0x8022, 0x7fd5, 0x8012, 0x8050, 0x807e, 0x7fc5, 0x7fb6, 0x7fb6,
   0x7f88, 0x7ff3, 0x805f, 0x80f8, 0x807e, 0x807e, 0x7ff3, 0x8031, 0x8003,
   0x7f97, 0x7f97, 0x7f79, 0x7fb6, 0x7fa7, 0x7f5a, 0x7fe4, 0x806e, 0x805f,
   0x8108, 0x808d, 0x808d, 0x80da, 0x8108, 0x808d, 0x8031, 0x8040, 0x8003,
   0x808d, 0x8003, 0x8012, 0x7ff3, 0x7fd5, 0x7ff3, 0x7fb6, 0x7f69, 0x7fb6,
   0x7fd5, 0x7fb6, 0x7fe4, 0x8012, 0x7fe4, 0x8022, 0x8012, 0x7ff3, 0x7ff3,
   0x7fe4, 0x7f69, 0x7f88, 0x8040, 0x8012, 0x7f79, 0x7f79, 0x7f69, 0x7fd5,
   0x8022, 0x806e, 0x807e, 0x809c, 0x805f, 0x805f, 0x805f, 0x809c, 0x8012,
   0x8003, 0x7ff3, 0x7f88, 0x7fd5, 0x7ed0, 0x7e93, 0x7ea2, 0x7eb1, 0x7e83,
   0x7b09, 0x7818, 0x77ad, 0x78d0, 0x7b09, 0x7dbc, 0x8012, 0x81c0, 0x837e,
   0x84c0, 0x8426, 0x83ca, 0x83da, 0x836e, 0x8303, 0x82d5, 0x8288, 0x820c,
   0x8154, 0x8126, 0x8182, 0x81de, 0x8145, 0x80bb, 0x8022, 0x8050, 0x808d,
   0x80ac, 0x807e, 0x7fe4, 0x8003, 0x8012, 0x8040, 0x808d, 0x8126, 0x8154,
   0x80ca, 0x80ca, 0x808d, 0x8040, 0x8012, 0x7f79, 0x7fb6, 0x8012, 0x7fc5,
   0x8022, 0x808d, 0x80da, 0x8117, 0x80e9, 0x80f8, 0x8108, 0x809c, 0x8003,
   0x8031, 0x8040, 0x7ff3, 0x8022, 0x7fd5, 0x7f97, 0x8022, 0x7ff3, 0x80ac,
   0x8012, 0x7fe4, 0x8003, 0x7fb6, 0x7f97, 0x8031, 0x8031, 0x807e, 0x80e9,
   0x80ca, 0x8117, 0x80ac, 0x807e, 0x8022, 0x7fd5, 0x7fc5, 0x8012, 0x80da,
   0x80ca, 0x805f, 0x7fc5, 0x7eef, 0x7f0d, 0x7fa7, 0x7fd5, 0x8040, 0x8003,
   0x807e, 0x809c, 0x807e, 0x809c, 0x806e, 0x8040, 0x805f, 0x806e, 0x8040,
   0x80da, 0x80f8, 0x8108, 0x808d, 0x8050, 0x8022, 0x807e, 0x8040, 0x8003,
   0x8003, 0x806e, 0x8050, 0x807e, 0x8003, 0x7f3b, 0x7f3b, 0x8003, 0x8012,
   0x7fd5, 0x7f97, 0x7f79, 0x7f88, 0x8031, 0x805f, 0x8040, 0x807e, 0x80ca,
   0x80bb, 0x805f, 0x8003, 0x8012, 0x7f79, 0x7fe4, 0x805f, 0x8108, 0x806e,
   0x8031, 0x8012, 0x8012, 0x8012, 0x805f, 0x80bb, 0x808d, 0x8012, 0x7f97,
   0x7f97, 0x7ff3, 0x8003, 0x8012, 0x8012, 0x8040, 0x7ff3, 0x8012, 0x808d,
   0x80ca, 0x8126, 0x80e9, 0x80bb, 0x808d, 0x8012, 0x8003, 0x7f97, 0x7efe,
   0x7f0d, 0x7f3b, 0x7fd5, 0x8050, 0x8050, 0x8108, 0x8136, 0x80da, 0x8050,
   0x8012, 0x8012, 0x8050, 0x7ff3, 0x7f79, 0x7f5a, 0x7f3b, 0x7f5a, 0x7f1d,
   0x7f5a, 0x7f5a, 0x7f79, 0x7fc5, 0x7fa7, 0x7fe4, 0x7fe4, 0x7fa7, 0x7fc5,
   0x7fb6, 0x7fe4, 0x8022, 0x809c, 0x80da, 0x8136, 0x8117, 0x8108, 0x80bb,
   0x808d, 0x80bb, 0x8126, 0x80ca, 0x8012, 0x7f79, 0x7f3b, 0x7fd5, 0x7f97,
   0x7fd5, 0x7fd5, 0x7fa7, 0x7f5a, 0x7ec1, 0x7eef, 0x7f3b, 0x8012, 0x807e,
   0x807e, 0x80ca, 0x80e9, 0x8154, 0x8050, 0x8040, 0x8003, 0x7fa7, 0x7f4b,
   0x7f0d, 0x7f3b, 0x7f4b, 0x7edf, 0x7fa7, 0x7fe4, 0x807e, 0x7fe4, 0x7fb6,
   0x7fa7, 0x7fb6, 0x8012, 0x806e, 0x80ac, 0x807e, 0x808d, 0x8050, 0x8050,
   0x8031, 0x808d, 0x7ff3, 0x7ff3, 0x7f88, 0x7fb6, 0x806e, 0x807e, 0x806e,
   0x808d, 0x8040, 0x7fa7, 0x7fd5, 0x7fe4, 0x7f69, 0x7f5a, 0x7f79, 0x7f97,
   0x7f2c, 0x7f4b, 0x7f79, 0x8040, 0x8050, 0x806e, 0x8012, 0x7fd5, 0x7fa7,
   0x8040, 0x807e, 0x808d, 0x8012, 0x8031, 0x8050, 0x7fe4, 0x7f97, 0x7fb6,
   0x8022, 0x7fc5, 0x8012, 0x7ff3, 0x7fe4, 0x7fe4, 0x8031, 0x7fa7, 0x8012,
   0x8012, 0x8003, 0x7f88, 0x7fa7, 0x8022, 0x809c, 0x809c, 0x80ac, 0x805f,
   0x8050, 0x8031, 0x8022, 0x8040, 0x809c, 0x805f, 0x8031, 0x805f, 0x805f,
   0x809c, 0x808d, 0x80bb, 0x80da, 0x806e, 0x8040, 0x80ca, 0x809c, 0x807e,
   0x8031, 0x7fc5, 0x8003, 0x8022, 0x808d, 0x8040, 0x7ff3, 0x7ff3, 0x8031,
   0x807e, 0x80ac, 0x808d, 0x80ca, 0x807e, 0x8022, 0x8040, 0x8012, 0x7f97,
   0x8022, 0x8012, 0x7fe4, 0x8012, 0x80ca, 0x80ca, 0x8117, 0x80da, 0x80f8,
   0x8040, 0x7ff3, 0x8040, 0x80bb, 0x808d, 0x80ac, 0x808d, 0x8050, 0x8012,
   0x7ff3, 0x7fb6, 0x7fc5, 0x7fb6, 0x7f5a, 0x7edf, 0x7f3b, 0x7f79, 0x7fd5,
   0x8012, 0x807e, 0x805f, 0x808d, 0x80ac, 0x8136, 0x8145, 0x8173, 0x8182,
   0x80da, 0x808d, 0x808d, 0x8022, 0x8012, 0x7f79, 0x7fb6, 0x7ff3, 0x8040,
   0x7fa7, 0x7f5a, 0x8040, 0x8012, 0x8031, 0x80ac, 0x808d, 0x7fc5, 0x7ff3,
   0x7fc5, 0x8050, 0x7ff3, 0x7fe4, 0x7f69, 0x7ff3, 0x805f, 0x80da, 0x80e9,
   0x807e, 0x805f, 0x808d, 0x80e9, 0x808d, 0x8050, 0x805f, 0x808d, 0x805f,
   0x7f5a, 0x7ed0, 0x7f79, 0x7ff3, 0x8012, 0x7f97, 0x808d, 0x808d, 0x805f,
   0x7fd5, 0x7fd5, 0x7fc5, 0x7fe4, 0x7f97, 0x808d, 0x807e, 0x808d, 0x80ac,
   0x808d, 0x809c, 0x8040, 0x80bb, 0x8108, 0x80ca, 0x8050, 0x8040, 0x8050,
   0x8012, 0x7fc5, 0x7fa7, 0x7f1d, 0x7f88, 0x7f97, 0x7f79, 0x7fb6, 0x8031,
   0x7ff3, 0x805f, 0x806e, 0x8012, 0x7f79, 0x7f5a, 0x7f88, 0x808d, 0x80ca,
   0x80ca, 0x809c, 0x7fc5, 0x7f88, 0x7f1d, 0x7f2c, 0x7f4b, 0x7f3b, 0x7f0d,
   0x7f2c, 0x7f1d, 0x7ec1, 0x7f1d, 0x7f97, 0x7fb6, 0x7fa7, 0x8012, 0x8003,
   0x7fe4, 0x8031, 0x7f79, 0x7f1d, 0x7eb1, 0x7e09, 0x7eb1, 0x7f1d, 0x7f0d,
   0x7f79, 0x7fa7, 0x7f4b, 0x7f4b, 0x7f1d, 0x7f4b, 0x7fb6, 0x7f69, 0x7f88,
   0x7f69, 0x7f5a, 0x8012, 0x7f4b, 0x7fd5, 0x7fc5, 0x7fb6, 0x7f88, 0x7f69,
   0x7fa7, 0x7fd5, 0x7fa7, 0x7f69, 0x7f79, 0x7fe4, 0x8022, 0x8003, 0x7fb6,
   0x7f97, 0x7f88, 0x7f1d, 0x8040, 0x808d, 0x809c, 0x80ca, 0x80da, 0x805f,
   0x807e, 0x807e, 0x807e, 0x809c, 0x808d, 0x80e9, 0x8145, 0x80ca, 0x805f,
   0x7fa7, 0x7f5a, 0x7f3b, 0x7f0d, 0x7fa7, 0x7f79, 0x7f79, 0x7fb6, 0x8040,
   0x8031, 0x8003, 0x7ff3, 0x7f97, 0x7f69, 0x7fe4, 0x8012, 0x8012, 0x7ff3,
   0x7ff3, 0x7f1d, 0x7f79, 0x7f5a, 0x8050, 0x807e, 0x805f, 0x809c, 0x807e,
   0x807e, 0x80ac, 0x807e, 0x8031, 0x8012, 0x7fb6, 0x7fd5, 0x8022, 0x805f,
   0x7fa7, 0x7fa7, 0x7f3b, 0x7f5a, 0x7f88, 0x8012, 0x809c, 0x808d, 0x80f8,
   0x80da, 0x80ca, 0x808d, 0x8031, 0x8022, 0x805f, 0x8040, 0x8031, 0x7fe4,
   0x7fd5, 0x8012, 0x8012, 0x7f79, 0x7ed0, 0x7ec1, 0x7f1d, 0x7f1d, 0x7f88,
   0x7fc5, 0x7fc5, 0x7f69, 0x7f0d, 0x7fd5, 0x7f79, 0x7f3b, 0x7f5a, 0x7fd5,
   0x7f79, 0x7f69, 0x7f4b, 0x7fe4, 0x8003, 0x8012, 0x806e, 0x807e, 0x80ca,
   0x807e, 0x8012, 0x7ff3, 0x8022, 0x808d, 0x80ca, 0x805f, 0x7fd5, 0x7fe4,
   0x7f69, 0x8050, 0x80ac, 0x8031, 0x7ff3, 0x7f79, 0x8031, 0x808d, 0x809c,
   0x8050, 0x809c, 0x809c, 0x8117, 0x8117, 0x80e9, 0x80da, 0x808d, 0x7fb6,
   0x7f4b, 0x7fe4, 0x8031, 0x7ff3, 0x7f3b, 0x7b18, 0x78df, 0x7883, 0x794b,
   0x7c0d, 0x7ed0, 0x8108, 0x8278, 0x83f8, 0x8473, 0x83e9, 0x83ac, 0x8312,
   0x81ee, 0x81cf, 0x8173, 0x81a1, 0x8164, 0x8108, 0x80f8, 0x80f8, 0x808d,
   0x80e9, 0x80ca, 0x80bb, 0x80e9, 0x806e, 0x7f97, 0x7f0d, 0x7f5a, 0x8031,
   0x805f, 0x809c, 0x80f8, 0x8108, 0x8050, 0x8050, 0x8031, 0x8012, 0x8040,
   0x808d, 0x8050, 0x8050, 0x8040, 0x8012, 0x8031, 0x8040, 0x805f, 0x805f,
   0x8031, 0x8031, 0x80f8, 0x80da, 0x80da, 0x806e, 0x8031, 0x7fc5, 0x7f97,
   0x7f79, 0x7fa7, 0x7fd5, 0x807e, 0x8012, 0x7f2c, 0x7e93, 0x7f2c, 0x7f3b,
   0x7f5a, 0x7f69, 0x7f97, 0x7ff3, 0x7fe4, 0x8012, 0x80bb, 0x80f8, 0x8012,
   0x8022, 0x7ff3, 0x7ff3, 0x8012, 0x7ff3, 0x7f79, 0x8012, 0x8012, 0x8012,
   0x8022, 0x8040, 0x7f1d, 0x7f5a, 0x7f2c, 0x7f69, 0x7ed0, 0x7f69, 0x7f79,
   0x7fe4, 0x8031, 0x80ac, 0x80da, 0x805f, 0x8031, 0x805f, 0x805f, 0x8164,
   0x8182, 0x80da, 0x7fd5, 0x7f4b, 0x7f4b, 0x7f5a, 0x7f1d, 0x7f79, 0x7fa7,
   0x7fe4, 0x8022, 0x8012, 0x8050, 0x8031, 0x7fe4, 0x7f1d, 0x7f4b, 0x7f2c,
   0x7fc5, 0x8022, 0x807e, 0x8012, 0x8012, 0x7f97, 0x7fe4, 0x7ff3, 0x7f3b,
   0x7f5a, 0x7fa7, 0x7ff3, 0x7ff3, 0x8012, 0x7ff3, 0x7ff3, 0x8003, 0x8050,
   0x805f, 0x805f, 0x8031, 0x805f, 0x7ff3, 0x7fb6, 0x8012, 0x8040, 0x808d,
   0x8108, 0x80ca, 0x806e, 0x8050, 0x8050, 0x80da, 0x8117, 0x8145, 0x80f8,
   0x805f, 0x8012, 0x7fa7, 0x7fb6, 0x8031, 0x8003, 0x7f88, 0x7f4b, 0x7eef,
   0x7f69, 0x7f69, 0x7f79, 0x7ff3, 0x7fa7, 0x7fe4, 0x8012, 0x8012, 0x805f,
   0x8040, 0x807e, 0x8040, 0x80bb, 0x807e, 0x8022, 0x8050, 0x8012, 0x7fa7,
   0x7fb6, 0x8003, 0x8012, 0x809c, 0x8012, 0x7f97, 0x7f2c, 0x7f3b, 0x7fd5,
   0x7f79, 0x8012, 0x8012, 0x806e, 0x8012, 0x7fe4, 0x7f5a, 0x7f79, 0x7f0d,
   0x7edf, 0x7eef, 0x7f97, 0x808d, 0x80f8, 0x80f8, 0x80bb, 0x807e, 0x8031,
   0x7fa7, 0x7f79, 0x7f5a, 0x7f2c, 0x7fc5, 0x809c, 0x80e9, 0x80bb, 0x809c,
   0x80bb, 0x8050, 0x8040, 0x7f4b, 0x7f0d, 0x7f88, 0x7fa7, 0x8012, 0x8003,
   0x8012, 0x80bb, 0x806e, 0x7fe4, 0x7fb6, 0x7f69, 0x7f3b, 0x7f1d, 0x7f3b,
   0x7f3b, 0x7f3b, 0x7f1d, 0x7e93, 0x7f0d, 0x7f79, 0x805f, 0x807e, 0x8117,
   0x809c, 0x8031, 0x7ff3, 0x8050, 0x806e, 0x80bb, 0x8117, 0x8136, 0x80bb,
   0x8040, 0x8012, 0x8003, 0x7fa7, 0x7fb6, 0x7fc5, 0x7fd5, 0x808d, 0x8031,
   0x8003, 0x7f5a, 0x7fd5, 0x7fa7, 0x7f79, 0x7f5a, 0x7f0d, 0x7f5a, 0x7f4b,
   0x7f3b, 0x7f3b, 0x7f88, 0x7f1d, 0x7f79, 0x7f97, 0x7fd5, 0x7f4b, 0x7f2c,
   0x7f0d, 0x7edf, 0x7f79, 0x7fe4, 0x8012, 0x80f8, 0x7fe4, 0x7f2c, 0x7f2c,
   0x7f5a, 0x7f5a, 0x7fc5, 0x807e, 0x809c, 0x7fc5, 0x7fc5, 0x7fb6, 0x7f79,
   0x8040, 0x8031, 0x7ff3, 0x7f97, 0x7fa7, 0x7f2c, 0x7fb6, 0x8012, 0x7fa7,
   0x8003, 0x8012, 0x8031, 0x8050, 0x7fe4, 0x7e93, 0x7e18, 0x7edf, 0x7fa7,
   0x806e, 0x806e, 0x807e, 0x80ac, 0x805f, 0x8003, 0x8003, 0x8003, 0x8022,
   0x8040, 0x8040, 0x8012, 0x806e, 0x808d, 0x8012, 0x7f88, 0x7f88, 0x7fd5,
   0x8003, 0x7f3b, 0x7efe, 0x7f3b, 0x7efe, 0x7f0d, 0x7f88, 0x809c, 0x8050,
   0x805f, 0x80bb, 0x809c, 0x8031, 0x808d, 0x806e, 0x8050, 0x807e, 0x8012,
   0x8003, 0x7fd5, 0x8022, 0x8003, 0x8012, 0x8012, 0x8003, 0x7fe4, 0x7fe4,
   0x8003, 0x8012, 0x808d, 0x80bb, 0x8126, 0x8117, 0x8136, 0x8108, 0x80ca,
   0x8117, 0x8022, 0x7f3b, 0x7ec1, 0x7ea2, 0x7f0d, 0x7fa7, 0x7f97, 0x7fe4,
   0x7fa7, 0x7f79, 0x7f69, 0x7f97, 0x7f97, 0x7f97, 0x7fe4, 0x8031, 0x8031,
   0x7fa7, 0x7f97, 0x7f2c, 0x7f3b, 0x7f0d, 0x7efe, 0x7f79, 0x7f97, 0x8012,
   0x806e, 0x7fd5, 0x7f5a, 0x7f3b, 0x7fa7, 0x7ff3, 0x7ff3, 0x7fb6, 0x7fb6,
   0x8022, 0x8012, 0x80ac, 0x8031, 0x7f3b, 0x7f69, 0x7f1d, 0x7fa7, 0x7ff3,
   0x8003, 0x7fe4, 0x8012, 0x7fd5, 0x8003, 0x7fe4, 0x7fc5, 0x7fb6, 0x7ff3,
   0x808d, 0x80ac, 0x80f8, 0x806e, 0x805f, 0x7ff3, 0x7ff3, 0x8040, 0x8003,
   0x8022, 0x8040, 0x8050, 0x8012, 0x7f69, 0x7ec1, 0x7f5a, 0x7f88, 0x806e,
   0x805f, 0x80ca, 0x80ac, 0x80ca, 0x8108, 0x8117, 0x8173, 0x80f8, 0x807e,
   0x8012, 0x7fe4, 0x8022, 0x8022, 0x807e, 0x805f, 0x8040, 0x808d, 0x805f,
   0x806e, 0x8012, 0x8050, 0x80ac, 0x808d, 0x80ac, 0x8012, 0x7f3b, 0x7f1d,
   0x7f1d, 0x7f79, 0x7fd5, 0x807e, 0x80ac, 0x7fd5, 0x7f4b, 0x7f5a, 0x7f97,
   0x7fe4, 0x805f, 0x8031, 0x8022, 0x8040, 0x7fc5, 0x7f88, 0x7f69, 0x7f79,
   0x7fb6, 0x7f97, 0x7f97, 0x7fc5, 0x7fc5, 0x806e, 0x805f, 0x7fc5, 0x7fc5,
   0x8050, 0x8031, 0x8012, 0x7f79, 0x7f88, 0x7f97, 0x8003, 0x805f, 0x809c,
   0x80ca, 0x8022, 0x8040, 0x8012, 0x7fb6, 0x7f69, 0x7f97, 0x7fb6, 0x8012,
   0x7fe4, 0x7f79, 0x7f2c, 0x7f5a, 0x7f3b, 0x7fe4, 0x7fc5, 0x809c, 0x80ca,
   0x808d, 0x805f, 0x8050, 0x8031, 0x7fa7, 0x8022, 0x8050, 0x8040, 0x8050,
   0x8012, 0x7f97, 0x7f5a, 0x7f4b, 0x7fe4, 0x8022, 0x8031, 0x8022, 0x7fc5,
   0x7fc5, 0x8022, 0x805f, 0x8022, 0x7fd5, 0x7f2c, 0x7f3b, 0x7fa7, 0x7fd5,
   0x7f4b, 0x7fa7, 0x8050, 0x805f, 0x80e9, 0x809c, 0x80ac, 0x8012, 0x8012,
   0x7ff3, 0x7f5a, 0x7fb6, 0x7f79, 0x7f3b, 0x7fd5, 0x7fc5, 0x8003, 0x8012,
   0x7ff3, 0x8012, 0x8012, 0x7ff3, 0x806e, 0x808d, 0x8012, 0x8003, 0x7ff3,
   0x7fd5, 0x7fc5, 0x8031, 0x8050, 0x8040, 0x8022, 0x7fc5, 0x7f4b, 0x8022,
   0x8022, 0x806e, 0x807e, 0x806e, 0x7fb6, 0x7fb6, 0x7f3b, 0x7efe, 0x7eef,
   0x7f5a, 0x8003, 0x808d, 0x806e, 0x7fd5, 0x7f4b, 0x7f2c, 0x7fd5, 0x80ac,
   0x7fd5, 0x7fb6, 0x7f69, 0x8012, 0x80bb, 0x80ca, 0x806e, 0x8003, 0x7f97,
   0x7f97, 0x7fb6, 0x7fb6, 0x8050, 0x8040, 0x8003, 0x7fb6, 0x7fa7, 0x7f79,
   0x7f69, 0x7fb6, 0x7fc5, 0x7ff3, 0x7fe4, 0x7ff3, 0x7fb6, 0x7fe4, 0x8050,
   0x7fa7, 0x7f97, 0x7fe4, 0x8022, 0x8022, 0x7ff3, 0x8012, 0x8050, 0x807e,
   0x8003, 0x8050, 0x8012, 0x7f79, 0x7f79, 0x7f97, 0x7f5a, 0x8022, 0x7fa7,
   0x7f88, 0x7f79, 0x7ff3, 0x7fb6, 0x7eef, 0x7f5a, 0x7f5a, 0x7fd5, 0x7fb6,
   0x7f3b, 0x7e93, 0x7e09, 0x7dcb, 0x7e55, 0x7e65, 0x7ea2, 0x7f4b, 0x7f79,
   0x7fb6, 0x7f97, 0x8012, 0x7f97, 0x7fe4, 0x7f69, 0x8012, 0x7ff3, 0x8050,
   0x8012, 0x805f, 0x80ac, 0x805f, 0x8031, 0x8022, 0x806e, 0x7fb6, 0x7f69,
   0x7f1d, 0x7eb1, 0x7eef, 0x7f5a, 0x7f79, 0x7f97, 0x7f88, 0x7fb6, 0x8012,
   0x7f4b, 0x7eef, 0x7eef, 0x7f2c, 0x7f88, 0x7f79, 0x7fc5, 0x7fc5, 0x8031,
   0x7fd5, 0x8031, 0x805f, 0x8031, 0x8050, 0x809c, 0x80ca, 0x807e, 0x8050,
   0x8031, 0x805f, 0x806e, 0x8040, 0x8012, 0x8050, 0x807e, 0x80ac, 0x8012,
   0x808d, 0x806e, 0x8022, 0x8003, 0x7f3b, 0x7f0d, 0x7f79, 0x8031, 0x809c,
   0x808d, 0x8040, 0x8050, 0x806e, 0x80ac, 0x8050, 0x8050, 0x8031, 0x7fd5,
   0x7ff3, 0x8012, 0x808d, 0x8050, 0x8050, 0x80ac, 0x809c, 0x8136, 0x80da,
   0x806e, 0x7fe4, 0x7fd5, 0x8012, 0x80ca, 0x808d, 0x80ac, 0x808d, 0x80ac,
   0x7ff3, 0x8012, 0x7fe4, 0x7f97, 0x7f4b, 0x7f97, 0x8040, 0x8003, 0x7f97,
   0x7f1d, 0x7f3b, 0x8012, 0x8040, 0x806e, 0x80ca, 0x8040, 0x805f, 0x8022,
   0x7f3b, 0x7f1d, 0x7f88, 0x7fb6, 0x7fd5, 0x8012, 0x8050, 0x7fd5, 0x8012,
   0x8012, 0x7fe4, 0x7fe4, 0x7fc5, 0x7eef, 0x7eef, 0x7f3b, 0x7ff3, 0x8003,
   0x805f, 0x8050, 0x8031, 0x8003, 0x8031, 0x8012, 0x8012, 0x8012, 0x8040,
   0x8040, 0x809c, 0x808d, 0x806e, 0x8022, 0x8003, 0x7f69, 0x7fd5, 0x7fb6,
   0x7f69, 0x7f97, 0x7f97, 0x8003, 0x7fb6, 0x8022, 0x7fa7, 0x7f69, 0x7f5a,
   0x7f5a, 0x7f5a, 0x7fa7, 0x7f3b, 0x7f88, 0x7ff3, 0x7fe4, 0x8012, 0x8051,
   0x7ff3, 0x8012, 0x7ff3, 0x7fd4, 0x7f96, 0x7fa7, 0x7f79, 0x7f79, 0x7f69,
   0x7f2c, 0x7eef, 0x7f2c, 0x7f5a, 0x7fa7, 0x7fa7, 0x7fe4, 0x7ff3, 0x7f3b,
   0x7eef, 0x7e93, 0x7f69, 0x7fd5, 0x7fb6, 0x8012, 0x7ff3, 0x8040, 0x80ca,
   0x80f8, 0x8022, 0x8031, 0x8050, 0x7fd5, 0x7ff3, 0x8012, 0x8012, 0x808d,
   0x8031, 0x80ca, 0x805f, 0x7fe4, 0x7f69, 0x7eef, 0x7f79, 0x7fa7, 0x7f88,
   0x7fd5, 0x805f, 0x8022, 0x7fe4, 0x7f97, 0x7f79, 0x7f5a, 0x7f79, 0x8022,
   0x8040, 0x7fd5, 0x7f79, 0x7fa7, 0x7f79, 0x7fa7, 0x7fb6, 0x8012, 0x7f4b,
   0x8031, 0x8003, 0x8040, 0x8040, 0x8012, 0x8003, 0x8003, 0x8012, 0x8012,
   0x8012, 0x8003, 0x7fe4, 0x7f5a, 0x7ff3, 0x7ff3, 0x8003, 0x7fd5, 0x7f88,
   0x7f3b, 0x7f1d, 0x7f5a, 0x7fe4, 0x7ff3, 0x7edf, 0x7f0d, 0x7f88, 0x7ff3,
   0x8031, 0x8012, 0x7ff3, 0x8012, 0x8012, 0x7ff3, 0x7ff3, 0x8031, 0x805f,
   0x80ac, 0x80e9, 0x8022, 0x8031, 0x7fc5, 0x7e65, 0x7a6f, 0x7855, 0x7837,
   0x794b, 0x7b93, 0x7ed0, 0x8173, 0x82b5, 0x850c, 0x852b, 0x8436, 0x838d,
   0x82d4, 0x8268, 0x81fd, 0x81de, 0x81cf, 0x820c, 0x81a1, 0x8182, 0x80ca,
   0x806e, 0x8012, 0x8003, 0x7fe4, 0x8031, 0x7ff3, 0x7f69, 0x7f88, 0x7fd5,
   0x7ff3, 0x8022, 0x80da, 0x80e9, 0x8108, 0x80ac, 0x809c, 0x8003, 0x7fc5,
   0x7f97, 0x7ff3, 0x809c, 0x8136, 0x8022, 0x7fb6, 0x7fe4, 0x8022, 0x80e9,
   0x8117, 0x8173, 0x8126, 0x8117, 0x809c, 0x8040, 0x8012, 0x7fb6, 0x7f3b,
   0x7fc5, 0x8012, 0x809c, 0x805f, 0x8022, 0x80e9, 0x80f8, 0x808d, 0x7fd5,
   0x807e, 0x80ac, 0x807e, 0x80ca, 0x808d, 0x8050, 0x7ff3, 0x7f5a, 0x8012,
   0x7fb6, 0x7f69, 0x7fe4, 0x7f4b, 0x7ff3, 0x8031, 0x808d, 0x80ac, 0x80e9,
   0x809c, 0x80ac, 0x8012, 0x8003, 0x8003, 0x8022, 0x806e, 0x7ff3, 0x7fe4,
   0x8031, 0x805f, 0x8012, 0x8003, 0x8031, 0x8050, 0x8012, 0x7ff3, 0x7fc5,
   0x7fb6, 0x7fb6, 0x807e, 0x80ac, 0x8050, 0x8003, 0x8003, 0x8012, 0x8050,
   0x8040, 0x8040, 0x8012, 0x8031, 0x8022, 0x8040, 0x808d, 0x80ca, 0x80ac,
   0x80e9, 0x80ca, 0x805f, 0x8050, 0x8040, 0x7fd5, 0x7fa7, 0x7fe4, 0x7f97,
   0x7ff3, 0x8022, 0x806e, 0x8040, 0x8012, 0x8050, 0x8031, 0x808d, 0x809c,
   0x807e, 0x80da, 0x809c, 0x807e, 0x8012, 0x805f, 0x8031, 0x808d, 0x808d,
   0x7fd5, 0x7f79, 0x7f69, 0x7fe4, 0x7f88, 0x7f88, 0x7fd5, 0x7f88, 0x8003,
   0x8012, 0x8040, 0x808d, 0x806e, 0x806e, 0x806e, 0x8050, 0x807e, 0x806e,
   0x8154, 0x8117, 0x8050, 0x7ff3, 0x8003, 0x8040, 0x807e, 0x7fb6, 0x8003,
   0x8040, 0x8050, 0x808d, 0x8108, 0x8031, 0x7fc5, 0x7f0d, 0x7e74, 0x7fb6,
   0x808d, 0x8040, 0x806e, 0x8012, 0x805f, 0x7fa7, 0x7f79, 0x7f0d, 0x7e93,
   0x7eef, 0x7f1d, 0x7f97, 0x7fa7, 0x7fd5, 0x7fb6, 0x7fe4, 0x808d, 0x8022,
   0x8003, 0x7f97, 0x7fa7, 0x8003, 0x8012, 0x80bb, 0x8145, 0x80ac, 0x8040,
   0x7fe4, 0x8003, 0x7fa7, 0x7f69, 0x7f69, 0x7f2c, 0x7eee, 0x7ecf, 0x7f5a,
   0x7ff3, 0x8003, 0x7fd5, 0x7fb6, 0x8012, 0x7fc5, 0x7f97, 0x7f79, 0x7f69,
   0x7fe4, 0x8050, 0x8040, 0x805f, 0x806e, 0x809c, 0x807e, 0x808d, 0x808d,
   0x8040, 0x8012, 0x8022, 0x8012, 0x807e, 0x805f, 0x7ff3, 0x8012, 0x8031,
   0x805f, 0x7ff3, 0x7f69, 0x7f79, 0x7edf, 0x7f88, 0x7fd5, 0x8003, 0x8050,
   0x80da, 0x809c, 0x80bb, 0x809c, 0x8022, 0x807e, 0x805f, 0x8040, 0x7fc5,
   0x8003, 0x7fe4, 0x7ff3, 0x8003, 0x7fc5, 0x7fa7, 0x7f69, 0x7f79, 0x7fa7,
   0x7fe4, 0x7ff3, 0x8003, 0x7ff3, 0x8031, 0x8050, 0x8012, 0x8031, 0x808d,
   0x809c, 0x8050, 0x7f97, 0x7efe, 0x7f69, 0x7fa7, 0x7f88, 0x7f5a, 0x7eef,
   0x7e55, 0x7ec1, 0x7f5a, 0x7fa7, 0x7fd5, 0x7f88, 0x8022, 0x807e, 0x806e,
   0x8031, 0x7f79, 0x7f79, 0x7fb6, 0x7fc5, 0x7efe, 0x7f0d, 0x7edf, 0x7f69,
   0x7fa7, 0x8050, 0x8050, 0x7fc5, 0x7fb6, 0x8003, 0x8012, 0x8012, 0x7fd5,
   0x8003, 0x7fc5, 0x7fe4, 0x807e, 0x8031, 0x80e9, 0x80e9, 0x80da, 0x808d,
   0x80bb, 0x8031, 0x8022, 0x8003, 0x80ac, 0x8022, 0x8012, 0x8012, 0x7f3b,
   0x7f88, 0x7f88, 0x7f5a, 0x7f0d, 0x7f1d, 0x7f5a, 0x7f97, 0x7fa7, 0x8012,
   0x7ff3, 0x7f79, 0x7f97, 0x7fa7, 0x7fb6, 0x7fb6, 0x7fd5, 0x806e, 0x808d,
   0x805f, 0x7fe4, 0x7fb6, 0x7f97, 0x7f79, 0x7fc5, 0x80bb, 0x8040, 0x807e,
   0x809c, 0x807e, 0x8022, 0x7fd5, 0x7ff3, 0x8012, 0x806e, 0x807e, 0x805f,
   0x8050, 0x806e, 0x806e, 0x7ff3, 0x7f79, 0x7f2c, 0x7efe, 0x7f69, 0x7f69,
   0x7fc5, 0x8012, 0x7fc5, 0x7ff3, 0x7f79, 0x7fd5, 0x7f2c, 0x7f3b, 0x7fc5,
   0x7fe4, 0x7fd5, 0x7ff3, 0x8040, 0x8040, 0x8022, 0x805f, 0x8040, 0x8050,
   0x807e, 0x8012, 0x8050, 0x8003, 0x805f, 0x8050, 0x806e, 0x805f, 0x8040,
   0x8050, 0x806e, 0x808d, 0x8108, 0x81c0, 0x8117, 0x80ca, 0x808d, 0x809c,
   0x8012, 0x8012, 0x8012, 0x7fe4, 0x80ac, 0x8154, 0x8154, 0x80f8, 0x80bb,
   0x8050, 0x7ff3, 0x7f88, 0x7f97, 0x7fa7, 0x7fb6, 0x805f, 0x805f, 0x80ac,
   0x808d, 0x807e, 0x808d, 0x7fc5, 0x7f88, 0x7ff3, 0x7fc5, 0x8003, 0x806e,
   0x807e, 0x806e, 0x7fc5, 0x8003, 0x806e, 0x80e9, 0x80da, 0x806e, 0x7fd5,
   0x7f79, 0x7f88, 0x7fa7, 0x7fa7, 0x8003, 0x808d, 0x807e, 0x80da, 0x805f,
   0x8050, 0x8012, 0x7fc5, 0x7f79, 0x7f97, 0x8012, 0x807e, 0x80ac, 0x8031,
   0x8012, 0x8040, 0x7fe4, 0x805f, 0x806e, 0x8022, 0x8031, 0x8022, 0x8012,
   0x80bb, 0x80f8, 0x8192, 0x821c, 0x80ca, 0x7ed0, 0x7e55, 0x7dcb, 0x7ea2,
   0x7fe4, 0x808d, 0x8012, 0x7ff3, 0x7fe4, 0x7ff3, 0x80ac, 0x8173, 0x8136,
   0x8108, 0x8126, 0x8164, 0x806e, 0x8012, 0x807e, 0x7fe4, 0x808d, 0x805f,
   0x808d, 0x80ca, 0x8126, 0x8182, 0x820c, 0x81fd, 0x81c0, 0x80da, 0x80da,
   0x808d, 0x805f, 0x7f4b, 0x7fc5, 0x806e, 0x80da, 0x80da, 0x8108, 0x8108,
   0x7fa7, 0x7f88, 0x7edf, 0x7e27, 0x7d51, 0x7e93, 0x7f0d, 0x807e, 0x80ca,
   0x807e, 0x80bb, 0x808d, 0x80da, 0x80ca, 0x80ca, 0x8012, 0x8012, 0x8012,
   0x8031, 0x7fe4, 0x8031, 0x806e, 0x8012, 0x808d, 0x80da, 0x8050, 0x7f3b,
   0x7e93, 0x7f4b, 0x7ff3, 0x8022, 0x8012, 0x809c, 0x80bb, 0x80da, 0x807e,
   0x80da, 0x808d, 0x80ac, 0x8022, 0x807e, 0x807e, 0x80ac, 0x80e9, 0x7fe4,
   0x7ff3, 0x8012, 0x7fe4, 0x8003, 0x8031, 0x8040, 0x8022, 0x8012, 0x8003,
   0x7fb6, 0x7fb6, 0x7fd5, 0x7fd5, 0x7fe4, 0x7f3b, 0x7f79, 0x7fb6, 0x7ff3,
   0x7f79, 0x7fc5, 0x8040, 0x809c, 0x8012, 0x7fc5, 0x7f4b, 0x7f2c, 0x7f3b,
   0x8012, 0x808d, 0x80e9, 0x80e9, 0x809c, 0x8040, 0x8031, 0x8040, 0x8050,
   0x8012, 0x8012, 0x7f69, 0x7f79, 0x7f97, 0x8012, 0x7ff3, 0x7fc5, 0x7ff3,
   0x8003, 0x7fa7, 0x7fe4, 0x7fd5, 0x7fc5, 0x7fe4, 0x7fa7, 0x7fa7, 0x8022,
   0x807e, 0x806e, 0x805f, 0x8022, 0x7f1d, 0x7ec1, 0x7f97, 0x805f, 0x7fc5,
   0x805f, 0x8012, 0x8003, 0x7fd5, 0x8012, 0x8012, 0x7fd5, 0x7fd5, 0x7f97,
   0x7f2c, 0x7ea2, 0x7e83, 0x7f1d, 0x7f97, 0x8022, 0x8040, 0x7ff3, 0x7fb6,
   0x8012, 0x8031, 0x805f, 0x8031, 0x80bb, 0x806e, 0x8003, 0x7f0d, 0x7f2c,
   0x7f3b, 0x7efe, 0x7efe, 0x7f79, 0x807e, 0x7ff3, 0x8003, 0x8040, 0x8022,
   0x7fa7, 0x8012, 0x805f, 0x8003, 0x8022, 0x7f79, 0x7f2c, 0x7edf, 0x7fb6,
   0x8040, 0x8012, 0x7ff3, 0x7f79, 0x7fd5, 0x806e, 0x806e, 0x806e, 0x8022,
   0x7fd5, 0x8003, 0x8012, 0x80ac, 0x8040, 0x8022, 0x7fa7, 0x8012, 0x7fb6,
   0x7eef, 0x7f0d, 0x7f1d, 0x808d, 0x807e, 0x80bb, 0x807e, 0x807e, 0x809c,
   0x806e, 0x8050, 0x7fd5, 0x7fe4, 0x7fa7, 0x7f79, 0x7f79, 0x7f4b, 0x7eb1,
   0x7e27, 0x7ec1, 0x7eef, 0x7f5a, 0x7fe4, 0x8050, 0x80da, 0x80ac, 0x8108,
   0x80ca, 0x80ca, 0x807e, 0x807e, 0x807e, 0x80ca, 0x80ac, 0x8040, 0x805f,
   0x8012, 0x7f79, 0x7f88, 0x7f3b, 0x7f5a, 0x7f79, 0x7f69, 0x7f79, 0x7f5a,
   0x8003, 0x805f, 0x80da, 0x80e9, 0x808d, 0x7fe4, 0x7fe4, 0x7fb6, 0x7fd5,
   0x8031, 0x8050, 0x80bb, 0x7fb6, 0x7fe4, 0x8012, 0x808d, 0x80ac, 0x807e,
   0x80bb, 0x809c, 0x809c, 0x8040, 0x8022, 0x7f97, 0x7f69, 0x7f5a, 0x8040,
   0x8022, 0x8108, 0x81b0, 0x80da, 0x8031, 0x7fb6, 0x7f5a, 0x7f97, 0x7f97,
   0x8050, 0x806e, 0x807e, 0x80ac, 0x80f8, 0x8126, 0x8108, 0x809c, 0x805f,
   0x7ff3, 0x8031, 0x8012, 0x806e, 0x806e, 0x7ff3, 0x7fe4, 0x8022, 0x8031,
   0x808d, 0x8022, 0x808d, 0x8040, 0x8031, 0x8050, 0x8022, 0x8031, 0x805f,
   0x80e9, 0x805f, 0x8003, 0x8022, 0x8040, 0x8040, 0x8022, 0x805f, 0x8050,
   0x806e, 0x8031, 0x8050, 0x8031, 0x807e, 0x80ac, 0x808d, 0x80ac, 0x80bb,
   0x80ca, 0x808d, 0x8022, 0x805f, 0x80ac, 0x80ac, 0x807e, 0x8003, 0x7f88,
   0x7fa7, 0x7f97, 0x8012, 0x8031, 0x7fb6, 0x7fb6, 0x7f79, 0x7f97, 0x8003,
   0x7fd5, 0x8022, 0x805f, 0x8050, 0x8031, 0x805f, 0x8012, 0x7fd5, 0x8012,
   0x80ac, 0x80ac, 0x807e, 0x808d, 0x8040, 0x8012, 0x7fa7, 0x7f0d, 0x7fd5,
   0x805f, 0x805f, 0x7fc5, 0x8022, 0x8040, 0x80ac, 0x806e, 0x8050, 0x7ff3,
   0x7f4b, 0x7f97, 0x7fb6, 0x8050, 0x8012, 0x7ff3, 0x8012, 0x8012, 0x8003,
   0x7f2c, 0x7f1d, 0x7f4b, 0x7fc5, 0x7ff3, 0x8012, 0x7fe4, 0x7fd5, 0x7fe4,
   0x7fd5, 0x7fe4, 0x7fa7, 0x7fd5, 0x805f, 0x8022, 0x7fd5, 0x8012, 0x7f97,
   0x7fc5, 0x7f88, 0x7f88, 0x7f69, 0x7fb6, 0x7f97, 0x7fc5, 0x7ff3, 0x8040,
   0x7fc5, 0x7fb6, 0x7f79, 0x7fb6, 0x7fb6, 0x7f97, 0x7fb6, 0x7f97, 0x8022,
   0x806e, 0x8022, 0x807e, 0x80f8, 0x807e, 0x7fe4, 0x7f2c, 0x7f3b, 0x7f3b,
   0x7eef, 0x7f0d, 0x7f69, 0x7f4b, 0x7fd5, 0x7f69, 0x7fd5, 0x7f97, 0x7fc5,
   0x8022, 0x808d, 0x805f, 0x808d, 0x80da, 0x80bb, 0x808d, 0x805f, 0x8050,
   0x807e, 0x80ac, 0x8003, 0x7f88, 0x7f79, 0x7f5a, 0x7fc5, 0x8022, 0x805f,
   0x809c, 0x8040, 0x8050, 0x8040, 0x806e, 0x7fc5, 0x7fa7, 0x7f97, 0x7f5a,
   0x7f88, 0x7f4b, 0x7f1d, 0x7f4b, 0x7f97, 0x7f79, 0x7f5a, 0x8022, 0x8040,
   0x806e, 0x7fe4, 0x7ff3, 0x8022, 0x7fa7, 0x7f69, 0x7fc5, 0x8003, 0x80bb,
   0x8022, 0x8003, 0x7fd5, 0x7f97, 0x7f3b, 0x7f3b, 0x7f69, 0x8003, 0x7fd5,
   0x7fa7, 0x7ff3, 0x7efe, 0x7fa7, 0x8022, 0x7fc5, 0x7f5a, 0x7f97, 0x7fa7,
   0x7fd5, 0x7f88, 0x7f97, 0x807e, 0x8050, 0x805f, 0x8050, 0x8040, 0x8050,
   0x7ff3, 0x7fb6, 0x7f88, 0x7fb6, 0x8012, 0x8012, 0x8031, 0x7fe4, 0x8012,
   0x8050, 0x808d, 0x806e, 0x806e, 0x8031, 0x8012, 0x8031, 0x8050, 0x7fe4,
   0x7f97, 0x7fd5, 0x8022, 0x8022, 0x80da, 0x8031, 0x8040, 0x8012, 0x808d,
   0x80da, 0x80f8, 0x809c, 0x8050, 0x7fb6, 0x7ff3, 0x8022, 0x7fa7, 0x7f88,
   0x8003, 0x8031, 0x8022, 0x8050, 0x8012, 0x8003, 0x8012, 0x8040, 0x80ac,
   0x8003, 0x7fc5, 0x8003, 0x7fd5, 0x8040, 0x809c, 0x809c, 0x808d, 0x7f5a,
   0x7edf, 0x7ea2, 0x7eb1, 0x7f1d, 0x7fa7, 0x7fa7, 0x8040, 0x7f88, 0x7f2c,
   0x7ed0, 0x7eb1, 0x7eef, 0x7eef, 0x7efe, 0x7ed0, 0x7ec1, 0x7f4b, 0x7f5a,
   0x7f97, 0x7f97, 0x7f3b, 0x7f69, 0x8031, 0x8050, 0x80ac, 0x807e, 0x8040,
   0x805f, 0x8022, 0x805f, 0x809c, 0x80f8, 0x8154, 0x80da, 0x80ca, 0x80ac,
   0x80f8, 0x8117, 0x8136, 0x8108, 0x809c, 0x7fa7, 0x7f88, 0x809c, 0x80e9,
   0x8136, 0x80da, 0x808d, 0x80e9, 0x808d, 0x8022, 0x8012, 0x8003, 0x7fd5,
   0x8012, 0x806e, 0x807e, 0x807e, 0x808d, 0x8022, 0x8012, 0x8012, 0x808d,
   0x8117, 0x8108, 0x80e9, 0x8022, 0x7fc5, 0x8012, 0x806e, 0x8022, 0x8031,
   0x805f, 0x806e, 0x8050, 0x7fd5, 0x7efe, 0x7e83, 0x7eb1, 0x7eb1, 0x7f4b,
   0x7f0d, 0x7f0d, 0x8012, 0x805f, 0x8040, 0x809c, 0x80ca, 0x808d, 0x8012,
   0x7fd5, 0x7f79, 0x7eef, 0x7ed0, 0x7f0d, 0x7f97, 0x7ff3, 0x7f3b, 0x7e09,
   0x792c, 0x76f5, 0x7704, 0x78a2, 0x7bb1, 0x7e74, 0x8050, 0x81a1, 0x83e9,
   0x84ee, 0x84cf, 0x84a1, 0x8492, 0x8445, 0x83ac, 0x8296, 0x81c0, 0x80bb,
   0x80ca, 0x8108, 0x8164, 0x8108, 0x805f, 0x8040, 0x807e, 0x807e, 0x80e9,
   0x8012, 0x7f79, 0x7f69, 0x8022, 0x805f, 0x8050, 0x8050, 0x8040, 0x805f,
   0x80ca, 0x808d, 0x805f, 0x8012, 0x8040, 0x80ac, 0x807e, 0x7fc5, 0x7f0d,
   0x7f1d, 0x7f1d, 0x7f79, 0x7f88, 0x8022, 0x7fc5, 0x7ff3, 0x8040, 0x806e,
   0x806e, 0x809c, 0x80e9, 0x8126, 0x80ca, 0x80f8, 0x80ac, 0x80ca, 0x80f8,
   0x80bb, 0x808d, 0x8108, 0x80bb, 0x80da, 0x8031, 0x8031, 0x808d, 0x8050,
   0x809c, 0x8050, 0x8012, 0x7fa7, 0x8012, 0x8040, 0x805f, 0x806e, 0x80da,
   0x806e, 0x8004, 0x8012, 0x8012, 0x8031, 0x8031, 0x8050, 0x805f, 0x805f,
   0x8022, 0x8012, 0x7efe, 0x7efe, 0x7f2c, 0x7f88, 0x7f79, 0x7f5a, 0x7f2c,
   0x7edf, 0x7ec1, 0x7f69, 0x7f88, 0x8022, 0x80ac, 0x806e, 0x8040, 0x805f,
   0x7ff3, 0x7fa7, 0x7f79, 0x8031, 0x80e9, 0x8126, 0x81b0, 0x8136, 0x80bb,
   0x8012, 0x7fa7, 0x7fc5, 0x7f97, 0x8031, 0x8050, 0x80f8, 0x8117, 0x8136,
   0x809c, 0x809c, 0x807e, 0x805f, 0x8031, 0x8040, 0x7ff3, 0x8050, 0x80bb,
   0x80ca, 0x809c, 0x8040, 0x7fd5, 0x7f5a, 0x7edf, 0x7e55, 0x7ed0, 0x7f1d,
   0x7f2c, 0x7f3b, 0x7f88, 0x7fd5, 0x8050, 0x8003, 0x7ff3, 0x7fd5, 0x8012,
   0x808d, 0x808d, 0x7f4b, 0x7fe4, 0x8012, 0x8012, 0x7f5a, 0x7fe4, 0x8031,
   0x806e, 0x809c, 0x807e, 0x805f, 0x7ff3, 0x7ff3, 0x7fd5, 0x8040, 0x8031,
   0x80ac, 0x80ca, 0x80ac, 0x809c, 0x80da, 0x809c, 0x8012, 0x8031, 0x8012,
   0x7fa7, 0x7f5a, 0x7edf, 0x7eb1, 0x7f2c, 0x7f3b, 0x7f79, 0x7f97, 0x8012,
   0x808d, 0x8012, 0x8012, 0x7ff3, 0x7f97, 0x7f1d, 0x7f1d, 0x7f69, 0x7f97,
   0x8050, 0x808d, 0x805f, 0x808d, 0x8050, 0x8012, 0x8012, 0x8012, 0x805f,
   0x808d, 0x8012, 0x80ac, 0x80da, 0x8040, 0x808d, 0x80bb, 0x808d, 0x8022,
   0x8003, 0x7fd5, 0x7f69, 0x7f69, 0x8003, 0x8040, 0x8108, 0x8108, 0x806e,
   0x80ca, 0x8050, 0x8040, 0x8022, 0x807e, 0x8050, 0x80ca, 0x8126, 0x80f8,
   0x808d, 0x806e, 0x8003, 0x8040, 0x805f, 0x8050, 0x8031, 0x808d, 0x809c,
   0x8022, 0x8040, 0x8031, 0x809c, 0x80ac, 0x7ff3, 0x7f0d, 0x7e74, 0x7f0d,
   0x7f88, 0x7f97, 0x7f69, 0x8012, 0x7ff3, 0x7ff3, 0x7ff3, 0x7f79, 0x805f,
   0x7fb6, 0x7ff3, 0x7f2c, 0x7fa7, 0x8022, 0x808d, 0x807e, 0x809c, 0x7fc5,
   0x7fb6, 0x8012, 0x8031, 0x805f, 0x806e, 0x7ff3, 0x8022, 0x7f97, 0x7fc5,
   0x7f79, 0x7fe4, 0x8003, 0x8012, 0x8050, 0x807e, 0x80da, 0x809c, 0x8031,
   0x8022, 0x8031, 0x8012, 0x7f79, 0x7f79, 0x7f3b, 0x7f1d, 0x7f79, 0x8022,
   0x7fe4, 0x7fc5, 0x7ff3, 0x7fa7, 0x7fb6, 0x8022, 0x806e, 0x807e, 0x80ac,
   0x8022, 0x7fd5, 0x7f88, 0x7fd5, 0x8012, 0x809c, 0x80da, 0x807e, 0x8050,
   0x8040, 0x8003, 0x7f97, 0x7fa7, 0x7fb6, 0x8003, 0x7f79, 0x7f97, 0x7fe4,
   0x7fc5, 0x8040, 0x808d, 0x8022, 0x8031, 0x8050, 0x8031, 0x8031, 0x8003,
   0x7fe4, 0x8003, 0x7fb6, 0x7fd5, 0x8022, 0x8040, 0x8012, 0x7f97, 0x7f97,
   0x7fe4, 0x7fb6, 0x7f3b, 0x7f79, 0x7fa7, 0x8012, 0x806e, 0x80da, 0x8040,
   0x7ff3, 0x7fb6, 0x8050, 0x8012, 0x8003, 0x7fb6, 0x8031, 0x80ca, 0x8108,
   0x80bb, 0x809c, 0x8003, 0x7fe4, 0x7f4b, 0x7f1d, 0x7f97, 0x7fb6, 0x7fb6,
   0x8031, 0x7fa7, 0x7fb6, 0x7fe4, 0x7fa7, 0x7fa7, 0x8003, 0x805f, 0x8012,
   0x8003, 0x7fd5, 0x7f97, 0x7fe4, 0x7fa7, 0x7ff3, 0x8031, 0x809c, 0x7fd5,
   0x7fe4, 0x8012, 0x7efe, 0x7fd5, 0x806e, 0x806e, 0x806e, 0x80e9, 0x80bb,
   0x8003, 0x8040, 0x8012, 0x7f88, 0x7f79, 0x7f4b, 0x7fa7, 0x8022, 0x80da,
   0x8108, 0x80e9, 0x809c, 0x8040, 0x8050, 0x8031, 0x807e, 0x806e, 0x8012,
   0x7f97, 0x7f88, 0x7fd5, 0x8050, 0x8050, 0x7f5a, 0x7efe, 0x7edf, 0x7f0d,
   0x7f88, 0x7f97, 0x8050, 0x7fa7, 0x7fd5, 0x8022, 0x8022, 0x8050, 0x8040,
   0x80ac, 0x809c, 0x8003, 0x7ff3, 0x7fd5, 0x7fa7, 0x7fa7, 0x7f5a, 0x7fb6,
   0x805f, 0x808d, 0x8031, 0x8012, 0x7fe4, 0x805f, 0x8012, 0x8022, 0x809c,
   0x8126, 0x80f8, 0x806e, 0x8040, 0x807e, 0x808d, 0x809c, 0x8126, 0x8154,
   0x8154, 0x806e, 0x805f, 0x809c, 0x80e9, 0x80f8, 0x80da, 0x8040, 0x807e,
   0x8050, 0x7f97, 0x7f88, 0x7f79, 0x7fa7, 0x7fd5, 0x7f79, 0x7f69, 0x7f97,
   0x7fa7, 0x7ff3, 0x7ff3, 0x7fe4, 0x806e, 0x8050, 0x80ca, 0x7ff3, 0x7fe4,
   0x7f3b, 0x7f5a, 0x8012, 0x7fc5, 0x7ff3, 0x8022, 0x8012, 0x805f, 0x80bb,
   0x809c, 0x80ac, 0x807e, 0x8012, 0x7f97, 0x7f79, 0x8031, 0x8031, 0x8117,
   0x8108, 0x805f, 0x7f5a, 0x7f0d, 0x7ec1, 0x7f5a, 0x805f, 0x808d, 0x8050,
   0x7ff3, 0x7f97, 0x7fd5, 0x8022, 0x8031, 0x807e, 0x80da, 0x809c, 0x8040,
   0x7ff3, 0x8012, 0x7fa7, 0x7f88, 0x7f4b, 0x8003, 0x8012, 0x7fa7, 0x7eef,
   0x7e93, 0x7e83, 0x7f1d, 0x7f97, 0x7fd5, 0x8012, 0x8031, 0x805f, 0x8012,
   0x8003, 0x7f88, 0x7f97, 0x8040, 0x8050, 0x8003, 0x7f4b, 0x7efe, 0x7f69,
   0x8012, 0x808d, 0x80ca, 0x8117, 0x8108, 0x809c, 0x805f, 0x7fa7, 0x7f79,
   0x7ff3, 0x7ff3, 0x8022, 0x7f79, 0x7fe4, 0x7fa7, 0x7ed0, 0x7f79, 0x7f88,
   0x8003, 0x7fe4, 0x8003, 0x7fc5, 0x7f0d, 0x7f5a, 0x7f88, 0x8022, 0x807e,
   0x80bb, 0x8022, 0x7fb6, 0x7fe4, 0x7e74, 0x7f2c, 0x8012, 0x8022, 0x7fe4,
   0x8012, 0x807e, 0x80bb, 0x80bb, 0x8040, 0x8040, 0x8031, 0x8050, 0x7fc5,
   0x7f69, 0x7f97, 0x7f5a, 0x7f69, 0x7ff3, 0x8022, 0x8050, 0x807e, 0x8040,
   0x8040, 0x8050, 0x8022, 0x80f8, 0x80bb, 0x8022, 0x8012, 0x7fd5, 0x7f4b,
   0x7f3b, 0x7fb6, 0x7fc5, 0x7fb6, 0x7fa7, 0x7fd5, 0x7f4b, 0x7f88, 0x7f88,
   0x7fd5, 0x805f, 0x807e, 0x8031, 0x8040, 0x7ff3, 0x8003, 0x7ff3, 0x7ff3,
   0x8003, 0x8003, 0x7fb6, 0x7f79, 0x7fa7, 0x7fa7, 0x7fc5, 0x8003, 0x8012,
   0x808d, 0x806e, 0x7ff3, 0x8003, 0x8012, 0x8031, 0x809c, 0x809c, 0x8050,
   0x809c, 0x8031, 0x8012, 0x8040, 0x806e, 0x8050, 0x807e, 0x805f, 0x8022,
   0x7fe4, 0x806e, 0x806e, 0x807e, 0x80bb, 0x807e, 0x8031, 0x8012, 0x8003,
   0x8022, 0x807e, 0x808d, 0x809c, 0x806e, 0x7ff3, 0x8012, 0x8003, 0x8012,
   0x8031, 0x7fa7, 0x7fe4, 0x8040, 0x805f, 0x8050, 0x80da, 0x808d, 0x809c,
   0x809c, 0x80f8, 0x809c, 0x806e, 0x809c, 0x80da, 0x808d, 0x8022, 0x8012,
   0x806e, 0x8108, 0x80bb, 0x807e, 0x80ca, 0x80e9, 0x808d, 0x806e, 0x808d,
   0x8031, 0x808d, 0x80ac, 0x80e9, 0x80e9, 0x80bb, 0x8108, 0x80bb, 0x808d,
   0x8031, 0x808d, 0x8003, 0x7fa7, 0x7fd5, 0x8003, 0x7fa7, 0x8022, 0x807e,
   0x8003, 0x8003, 0x8003, 0x7f69, 0x7efe, 0x7f3b, 0x7f4b, 0x7fd5, 0x8040,
   0x8050, 0x807e, 0x80ac, 0x806e, 0x80da, 0x809c, 0x7ff3, 0x7f1d, 0x7ea2,
   0x7f69, 0x8012, 0x805f, 0x8031, 0x8108, 0x805f, 0x7fd5, 0x7fc5, 0x7fd5,
   0x7fc5, 0x7fe4, 0x7fe4, 0x807e, 0x80ac, 0x80da, 0x80f8, 0x7ff3, 0x7eb1,
   0x7e65, 0x7e09, 0x7ed0, 0x7f3b, 0x7f4b, 0x8003, 0x805f, 0x8031, 0x7ff3,
   0x8003, 0x7ff3, 0x8050, 0x807e, 0x8003, 0x805f, 0x805f, 0x8040, 0x8040,
   0x7fb6, 0x7f1d, 0x7f1d, 0x7f5a, 0x805f, 0x806e, 0x80da, 0x80da, 0x80f8,
   0x805f, 0x7fc5, 0x7f0d, 0x7f97, 0x7fa7, 0x7f97, 0x7fd5, 0x8031, 0x80e9,
   0x80ca, 0x8060, 0x8040, 0x809c, 0x8031, 0x8022, 0x8012, 0x7fe4, 0x8040,
   0x8040, 0x80ac, 0x809c, 0x8012, 0x7fa7, 0x7f69, 0x8003, 0x7fd5, 0x7ff3,
   0x8031, 0x8050, 0x80bb, 0x80f8, 0x8136, 0x8145, 0x80e9, 0x80ca, 0x8040,
   0x8022, 0x7fe4, 0x7fa7, 0x7fc5, 0x7f3b, 0x7f3b, 0x7eb1, 0x7ed0, 0x7fb6,
   0x8012, 0x7fe4, 0x7f5a, 0x7f88, 0x7fb6, 0x7f79, 0x7fa7, 0x7fd5, 0x805f,
   0x806e, 0x8031, 0x8031, 0x8003, 0x7fc5, 0x7fb6, 0x8012, 0x8031, 0x8040,
   0x8003, 0x806e, 0x8050, 0x7fb6, 0x7f1d, 0x7f1d, 0x7f2c, 0x7fa7, 0x8022,
   0x8040, 0x7f79, 0x7f88, 0x7fb6, 0x7f88, 0x7fe4, 0x8012, 0x7fc5, 0x7f3b,
   0x7fb6, 0x7f97, 0x805f, 0x807e, 0x8012, 0x7f97, 0x7f97, 0x7f4b, 0x7f69,
   0x7fb6, 0x807e, 0x80bb, 0x7fb6, 0x7f79, 0x7f79, 0x7f69, 0x8012, 0x805f,
   0x806e, 0x8040, 0x8003, 0x8031, 0x809c, 0x806e, 0x8031, 0x8022, 0x7fe4,
   0x8012, 0x805f, 0x8022, 0x8022, 0x7fc5, 0x8012, 0x806e, 0x80ca, 0x80ac,
   0x80ca, 0x7fb6, 0x7efe, 0x7ec1, 0x7ff3, 0x7fd5, 0x7f69, 0x7f0d, 0x7fb6,
   0x8003, 0x8050, 0x7fb6, 0x7f2c, 0x7f69, 0x7fc5, 0x8031, 0x8031, 0x80ca,
   0x808d, 0x8050, 0x8003, 0x7fa7, 0x7ff3, 0x8012, 0x8012, 0x8022, 0x8012,
   0x8003, 0x80ac, 0x809c, 0x8012, 0x7f79, 0x7f88, 0x7f79, 0x7fe4, 0x8050,
   0x805f, 0x805f, 0x8012, 0x7fb6, 0x8003, 0x7f1d, 0x7e93, 0x7f2c, 0x7fb6,
   0x7fb6, 0x7fd5, 0x7f69, 0x7fc5, 0x8012, 0x7fb6, 0x8040, 0x80ac, 0x80ca,
   0x8012, 0x8040, 0x8022, 0x7fc5, 0x8003, 0x8022, 0x8022, 0x7fc5, 0x7f69,
   0x7f69, 0x7f79, 0x7ff3, 0x7f97, 0x7f2c, 0x7ff3, 0x7ff3, 0x809c, 0x8003,
   0x7ec1, 0x7f0d, 0x7ea2, 0x7efe, 0x7f79, 0x7f97, 0x7f97, 0x8031, 0x8003,
   0x8040, 0x7ff3, 0x8012, 0x8003, 0x7f69, 0x7f0d, 0x7e65, 0x7d6f, 0x7e09,
   0x7eef, 0x7fc5, 0x805f, 0x80ac, 0x80ac, 0x8031, 0x7fa7, 0x7f4b, 0x7fe4,
   0x8012, 0x7fd5, 0x8012, 0x8031, 0x8022, 0x7fc5, 0x7f97, 0x7ec1, 0x7e46,
   0x7efe, 0x7efe, 0x7f79, 0x7f69, 0x8012, 0x808d, 0x8022, 0x8003, 0x7fb6,
   0x7fc5, 0x7fa7, 0x7f0d, 0x7f69, 0x7eef, 0x7fe4, 0x7fc5, 0x7fe4, 0x7fe4,
   0x7f3b, 0x7f5a, 0x7fc5, 0x806e, 0x80ac, 0x808d, 0x805f, 0x8022, 0x7fa7,
   0x7f79, 0x8012, 0x8022, 0x7fc5, 0x7f0d, 0x7f1d, 0x7f97, 0x8003, 0x805f,
   0x809c, 0x80e9, 0x80ca, 0x808d, 0x80ca, 0x807e, 0x805f, 0x80ac, 0x8173,
   0x81b0, 0x81b0, 0x80ac, 0x7f69, 0x7f88, 0x7fc5, 0x7f69, 0x7f79, 0x7f1d,
   0x7f0d, 0x7f1d, 0x7fb6, 0x7f88, 0x8012, 0x809c, 0x80f8, 0x8117, 0x8136,
   0x8108, 0x80bb, 0x8040, 0x8012, 0x7fb6, 0x7ff3, 0x7fd5, 0x7f0d, 0x7ed0,
   0x7ea2, 0x7f3b, 0x7fa7, 0x7f88, 0x8012, 0x7ff3, 0x8012, 0x8012, 0x8012,
   0x7fb6, 0x7ff3, 0x7f5a, 0x7f0d, 0x7edf, 0x7f1d, 0x7f88, 0x8003, 0x809c,
   0x8031, 0x809c, 0x80f8, 0x8126, 0x8040, 0x7fd5, 0x8003, 0x7f4b, 0x7fb6,
   0x7f4b, 0x7fd5, 0x809c, 0x8012, 0x8031, 0x7ff3, 0x7fe4, 0x7ff3, 0x8012,
   0x8022, 0x806e, 0x80ac, 0x8108, 0x8173, 0x8108, 0x8031, 0x7fa7, 0x7f88,
   0x7f2c, 0x7f69, 0x7fb6, 0x8022, 0x806e, 0x806e, 0x80da, 0x8117, 0x80da,
   0x809c, 0x80e9, 0x80da, 0x8173, 0x8126, 0x8126, 0x80ac, 0x808d, 0x80bb,
   0x80ac, 0x7fd5, 0x7fe4, 0x7fa7, 0x7f5a, 0x7f69, 0x7fc5, 0x8003, 0x7ff3,
   0x8003, 0x8003, 0x8050, 0x8012, 0x7f69, 0x7f69, 0x8012, 0x805f, 0x7fa7,
   0x7fd5, 0x7fb6, 0x7f69, 0x7f88, 0x7f88, 0x8012, 0x808d, 0x809c, 0x8012,
   0x7fb6, 0x8031, 0x806e, 0x8012, 0x7fa7, 0x7fc5, 0x7f88, 0x7f69, 0x8012,
   0x7fe4, 0x7f97, 0x7fa7, 0x7fb6, 0x7fa7, 0x8012, 0x8012, 0x7fd5, 0x7fb6,
   0x8050, 0x805f, 0x805f, 0x8022, 0x7fb6, 0x7fb6, 0x7f79, 0x7f97, 0x7f5a,
   0x7f2c, 0x7f4b, 0x7f0d, 0x7ed0, 0x7e65, 0x7e27, 0x7f3b, 0x7fb6, 0x8012,
   0x807e, 0x8050, 0x8003, 0x7fb6, 0x8012, 0x8003, 0x7fd5, 0x7fd5, 0x7fc5,
   0x805f, 0x808d, 0x805f, 0x7ff3, 0x7f88, 0x7f2c, 0x7f0d, 0x7efe, 0x7f2c,
   0x7f5a, 0x7fd5, 0x8031, 0x7fd5, 0x7eef, 0x7d60, 0x796b, 0x7874, 0x7846,
   0x790d, 0x7c0d, 0x7f4b, 0x823a, 0x83f8, 0x85f4, 0x8603, 0x850c, 0x839c,
   0x82b6, 0x821c, 0x81de, 0x8136, 0x80bb, 0x80ac, 0x7ff3, 0x7fa7, 0x7fa7,
   0x8040, 0x809c, 0x807e, 0x806e, 0x808d, 0x8126, 0x8117, 0x8126, 0x80e9,
   0x80e9, 0x80ac, 0x8040, 0x8012, 0x7fe4, 0x7f88, 0x7ff3, 0x8022, 0x8031,
   0x8050, 0x8022, 0x7fd5, 0x7f5a, 0x7edf, 0x7efe, 0x7f3b, 0x7f1d, 0x7f79,
   0x8012, 0x7f69, 0x7f5a, 0x7f3b, 0x7f3b, 0x8022, 0x7ff3, 0x7f97, 0x8003,
   0x7f2c, 0x7f0d, 0x7edf, 0x7f69, 0x8022, 0x7fe4, 0x7f79, 0x7fa7, 0x7f2c,
   0x7f4b, 0x7f2c, 0x7ec1, 0x7efe, 0x7ec1, 0x7efe, 0x8003, 0x807e, 0x8050,
   0x806e, 0x807e, 0x8050, 0x8022, 0x805f, 0x806e, 0x80ac, 0x80ca, 0x807e,
   0x8031, 0x7fd5, 0x7fa7, 0x7f97, 0x8022, 0x808d, 0x807e, 0x809c, 0x805f,
   0x8022, 0x808d, 0x8050, 0x8012, 0x809c, 0x80ca, 0x805f, 0x8012, 0x808d,
   0x809c, 0x808d, 0x8031, 0x805f, 0x7fc5, 0x8050, 0x8012, 0x7f4b, 0x7ea2,
   0x7eb1, 0x7eef, 0x7f1d, 0x7f79, 0x8040, 0x8012, 0x8040, 0x7ff3, 0x8003,
   0x8050, 0x805f, 0x805f, 0x8040, 0x805f, 0x7fe4, 0x7f69, 0x7f2c, 0x7f1d,
   0x7f97, 0x7fb6, 0x7f4b, 0x7fc5, 0x8012, 0x8031, 0x8108, 0x8050, 0x8012,
   0x7fc5, 0x8022, 0x80ca, 0x80e9, 0x807e, 0x80ac, 0x80ac, 0x8031, 0x7fb6,
   0x7f79, 0x7fa7, 0x7fd5, 0x8040, 0x808d, 0x809c, 0x8022, 0x8012, 0x7fe4,
   0x7f79, 0x7f69, 0x7fb6, 0x7ff3, 0x805f, 0x809c, 0x8108, 0x80da, 0x80da,
   0x808d, 0x80ca, 0x80f8, 0x8154, 0x80e9, 0x80bb, 0x8040, 0x806e, 0x808d,
   0x80ac, 0x809c, 0x8012, 0x7fd5, 0x7f2c, 0x7f5a, 0x7fc5, 0x7fc5, 0x80ac,
   0x808d, 0x806e, 0x7fe4, 0x7ff3, 0x7f97, 0x8012, 0x7fb6, 0x8003, 0x7fc5,
   0x7f97, 0x7f2c, 0x7f1d, 0x7eef, 0x7f3b, 0x7fd5, 0x8012, 0x807e, 0x8050,
   0x806e, 0x80da, 0x80bb, 0x80da, 0x8050, 0x8050, 0x8050, 0x8050, 0x8050,
   0x7fc5, 0x7ff3, 0x7f88, 0x7f79, 0x7f97, 0x7f97, 0x7f79, 0x7f97, 0x7fc5,
   0x7fc5, 0x7fc5, 0x7fb6, 0x8040, 0x805f, 0x8040, 0x8031, 0x8022, 0x7fd5,
   0x7fb6, 0x7f69, 0x7fa7, 0x80ac, 0x80da, 0x80da, 0x805f, 0x8003, 0x8012,
   0x807e, 0x808d, 0x8040, 0x7fc5, 0x7fc5, 0x8003, 0x8003, 0x8003, 0x8031,
   0x7fd5, 0x7fa7, 0x7fc5, 0x8012, 0x8050, 0x8012, 0x7f79, 0x7fe4, 0x7fc5,
   0x7ff3, 0x8022, 0x807e, 0x806e, 0x80e9, 0x80ca, 0x809c, 0x80e9, 0x8050,
   0x8031, 0x8040, 0x807e, 0x806e, 0x807e, 0x808d, 0x8031, 0x7fe4, 0x7fc5,
   0x7ff3, 0x7ff3, 0x8003, 0x806e, 0x806e, 0x8050, 0x7fe4, 0x7fb6, 0x8022,
   0x805f, 0x807e, 0x805f, 0x8012, 0x7f97, 0x7fd5, 0x8040, 0x8012, 0x7fe4,
   0x7fe4, 0x7f88, 0x7f0d, 0x8012, 0x805f, 0x80bb, 0x806e, 0x8012, 0x7f2c,
   0x7f0d, 0x7f69, 0x8003, 0x8012, 0x7fd5, 0x7fd5, 0x7fb6, 0x8012, 0x7ff3,
   0x8022, 0x8031, 0x7f69, 0x7fe4, 0x80da, 0x80ca, 0x8108, 0x8031, 0x8012,
   0x7fb6, 0x7fe4, 0x7f5a, 0x7f0d, 0x7f4b, 0x7fd5, 0x807e, 0x8108, 0x8145,
   0x8173, 0x8145, 0x805f, 0x8012, 0x7fd5, 0x8040, 0x8012, 0x7ff3, 0x7f5a,
   0x7e74, 0x7f0d, 0x7f69, 0x7fe4, 0x7fd5, 0x7fa7, 0x7f4b, 0x7f69, 0x7fc5,
   0x8012, 0x8022, 0x7fc5, 0x7f0d, 0x7efe, 0x7f2c, 0x7f88, 0x7ff3, 0x8040,
   0x80bb, 0x80f8, 0x806e, 0x8040, 0x7fa7, 0x7efe, 0x7f3b, 0x7f5a, 0x7fd5,
   0x7f1d, 0x7f79, 0x8003, 0x8050, 0x805f, 0x8031, 0x8003, 0x805f, 0x7fe4,
   0x7ea2, 0x7e74, 0x7f0d, 0x8012, 0x7fa7, 0x8040, 0x8040, 0x7fc5, 0x7fb6,
   0x7fa7, 0x7efe, 0x7f1d, 0x7f79, 0x7f79, 0x7f88, 0x8003, 0x7fd5, 0x7f4b,
   0x7fc5, 0x7fa7, 0x8003, 0x8003, 0x8031, 0x8012, 0x7f5a, 0x7ea2, 0x7e09,
   0x7e93, 0x7f1d, 0x7f1d, 0x8003, 0x8050, 0x80ac, 0x7fa7, 0x7f4b, 0x7eb1,
   0x7f69, 0x8040, 0x805f, 0x805f, 0x8050, 0x7fd5, 0x8012, 0x8031, 0x7f5a,
   0x7f69, 0x7fa7, 0x7f79, 0x7fd5, 0x8050, 0x8050, 0x80bb, 0x806e, 0x7fd5,
   0x8003, 0x8003, 0x8003, 0x7f69, 0x7f69, 0x7ff3, 0x8003, 0x8012, 0x80da,
   0x805f, 0x8022, 0x8012, 0x808d, 0x8108, 0x80bb, 0x8040, 0x7f88, 0x7f69,
   0x8022, 0x807e, 0x807e, 0x7fb6, 0x7fa7, 0x8003, 0x7f88, 0x8012, 0x7f79,
   0x7fb6, 0x8022, 0x7fa7, 0x7fd5, 0x80da, 0x8145, 0x81ee, 0x8040, 0x8040,
   0x80ac, 0x80f8, 0x8050, 0x805f, 0x807e, 0x7fa7, 0x7f3b, 0x7f79, 0x7fb6,
   0x7fe4, 0x8040, 0x8050, 0x8040, 0x7ff3, 0x7fc5, 0x8003, 0x8022, 0x8012,
   0x7f97, 0x7f0d, 0x7f4b, 0x7f88, 0x8012, 0x80ac, 0x808d, 0x80ac, 0x8040,
   0x8040, 0x8040, 0x7f79, 0x7f79, 0x7f88, 0x7f88, 0x7f1d, 0x7f5a, 0x7fd5,
   0x7fb6, 0x8012, 0x8031, 0x80f8, 0x8173, 0x8145, 0x80e9, 0x80ac, 0x8117,
   0x80ac, 0x7fa7, 0x8003, 0x80bb, 0x809c, 0x8117, 0x8182, 0x8126, 0x8126,
   0x80f8, 0x8050, 0x7ff3, 0x8003, 0x809c, 0x80da, 0x80ac, 0x80bb, 0x8031,
   0x7fe4, 0x7f97, 0x7f79, 0x7fb6, 0x7f88, 0x7fa7, 0x7f79, 0x7efe, 0x7efe,
   0x7f79, 0x7fa7, 0x7fa7, 0x805f, 0x807e, 0x806e, 0x807e, 0x8031, 0x8040,
   0x8050, 0x8031, 0x8031, 0x8050, 0x806e, 0x7fc5, 0x8012, 0x7f5a, 0x7fe4,
   0x805f, 0x7fd5, 0x7f79, 0x7f79, 0x7f69, 0x8012, 0x8031, 0x805f, 0x80bb,
   0x8040, 0x8031, 0x8003, 0x7f79, 0x7fa7, 0x7ff3, 0x8031, 0x7f97, 0x7fa7,
   0x7f88, 0x8012, 0x8012, 0x8022, 0x805f, 0x7fe4, 0x7fc5, 0x7f97, 0x8031,
   0x809c, 0x8040, 0x80da, 0x80e9, 0x8108, 0x8040, 0x7fc5, 0x7f97, 0x8012,
   0x8022, 0x7fb6, 0x7fc5, 0x8012, 0x8031, 0x80ac, 0x809c, 0x805f, 0x7ff3,
   0x8050, 0x7ff3, 0x8012, 0x7fd5, 0x7fd5, 0x7fd5, 0x8003, 0x7ff3, 0x7fc5,
   0x7f69, 0x7f88, 0x7fa7, 0x7fa7, 0x8031, 0x805f, 0x8050, 0x808d, 0x8040,
   0x809c, 0x8031, 0x80bb, 0x8031, 0x7fc5, 0x8003, 0x7f79, 0x7fb6, 0x7fe4,
   0x7f88, 0x8003, 0x8012, 0x7fc5, 0x7fa7, 0x8012, 0x7ff3, 0x7f3b, 0x7fc5,
   0x7fb6, 0x8003, 0x7ff3, 0x8040, 0x807e, 0x8012, 0x7fc5, 0x7fd5, 0x7fe4,
   0x7fa7, 0x7fb6, 0x8031, 0x8050, 0x8108, 0x8126, 0x8173, 0x8126, 0x807e,
   0x8050, 0x7fa7, 0x8012, 0x8031, 0x7f97, 0x8050, 0x809c, 0x8022, 0x8012,
   0x805f, 0x7f88, 0x7f97, 0x7f2c, 0x7f79, 0x7fe4, 0x807e, 0x80bb, 0x806e,
   0x7ff3, 0x7fa7, 0x7fd5, 0x7fe4, 0x7fd5, 0x8050, 0x807e, 0x8031, 0x8012,
   0x8012, 0x7fe4, 0x805f, 0x809c, 0x809c, 0x805f, 0x7fe4, 0x8012, 0x7fb6,
   0x8012, 0x7f79, 0x7f79, 0x7f5a, 0x7f69, 0x7f97, 0x7f1d, 0x7f3b, 0x7f3b,
   0x7f97, 0x8012, 0x7f3b, 0x7ed0, 0x7e74, 0x7edf, 0x7edf, 0x7efe, 0x7f69,
   0x7fb6, 0x7fb6, 0x7f69, 0x7eef, 0x7f5a, 0x7f5a, 0x7f3b, 0x7f69, 0x7edf,
   0x7e74, 0x7e37, 0x7eb1, 0x7f1d, 0x7f5a, 0x8050, 0x80bb, 0x80ac, 0x8031,
   0x7f97, 0x7f4b, 0x7ff3, 0x8012, 0x7fb6, 0x7efe, 0x7f3b, 0x7f2c, 0x7ed0,
   0x7ed0, 0x7f2c, 0x7f0d, 0x7f4b, 0x7f97, 0x7efe, 0x7f69, 0x7fe4, 0x80da,
   0x80e9, 0x80e9, 0x80e9, 0x806e, 0x806e, 0x809c, 0x8040, 0x7f88, 0x7fb6,
   0x7fb6, 0x7ec1, 0x7ed0, 0x7f79, 0x7f88, 0x7ff3, 0x7f79, 0x7ff3, 0x805f,
   0x806e, 0x809c, 0x806e, 0x808d, 0x80bb, 0x80da, 0x808d, 0x805f, 0x8012,
   0x7ff3, 0x805f, 0x8012, 0x8050, 0x7fb6, 0x7f97, 0x7f88, 0x7fa7, 0x7f88,
   0x8022, 0x8003, 0x8050, 0x8040, 0x7fd5, 0x7ff3, 0x7fd5, 0x7fd5, 0x805f,
   0x8022, 0x8012, 0x7ff3, 0x8012, 0x8022, 0x8003, 0x7fe4, 0x7f88, 0x7f79,
   0x7fc5, 0x8031, 0x7ff3, 0x7fb6, 0x7fe4, 0x7fe4, 0x8012, 0x805f, 0x805f,
   0x807e, 0x8040, 0x8031, 0x8012, 0x8012, 0x8003, 0x7f97, 0x7f4b, 0x7f5a,
   0x7f1d, 0x7f4b, 0x7f0d, 0x7f88, 0x8003, 0x7fb6, 0x7f3b, 0x7f88, 0x8022,
   0x809c, 0x807e, 0x807e, 0x805f, 0x8003, 0x805f, 0x805f, 0x8012, 0x7fb6,
   0x7fa7, 0x7f69, 0x7f69, 0x7f88, 0x809c, 0x80da, 0x8108, 0x80ac, 0x806e,
   0x8003, 0x7f79, 0x7f2c, 0x7fb6, 0x7f4b, 0x7e93, 0x7f1d, 0x7fd5, 0x809c,
   0x80da, 0x80ac, 0x80da, 0x80f8, 0x80e9, 0x806e, 0x7fc5, 0x8012, 0x806e,
   0x80bb, 0x808d, 0x806e, 0x8022, 0x7f4b, 0x7ff3, 0x8031, 0x8050, 0x805f,
   0x8031, 0x8022, 0x8003, 0x7fe4, 0x8012, 0x7ff3, 0x8040, 0x805f, 0x808d,
   0x809c, 0x809c, 0x80ac, 0x8117, 0x80e9, 0x8108, 0x8031, 0x7fe4, 0x7fc5,
   0x7f79, 0x7f4b, 0x7f2c, 0x7f0d, 0x7f4b, 0x7f79, 0x7f0d, 0x7fb6, 0x7f97,
   0x7f69, 0x7f5a, 0x7f79, 0x7f5a, 0x7fe4, 0x8031, 0x8050, 0x8031, 0x8040,
   0x805f, 0x8022, 0x8031, 0x80bb, 0x80ca, 0x80e9, 0x80ac, 0x80ac, 0x80bb,
   0x7fe4, 0x7ff3, 0x8022, 0x7ff3, 0x805f, 0x808d, 0x809c, 0x8117, 0x8192,
   0x8173, 0x80e9, 0x805f, 0x8003, 0x8022, 0x805f, 0x8050, 0x8040, 0x8012,
   0x7fe4, 0x7f4b, 0x7f3b, 0x7f2c, 0x7ec1, 0x7f0d, 0x7f5a, 0x7fa7, 0x7fd5,
   0x8012, 0x8012, 0x7fe4, 0x7fe4, 0x7f97, 0x8012, 0x7f97, 0x8003, 0x8012,
   0x806e, 0x80ca, 0x807e, 0x805f, 0x805f, 0x805f, 0x8012, 0x7fc5, 0x7f69,
   0x7fb6, 0x7fa7, 0x7fb6, 0x8050, 0x805f, 0x8050, 0x8040, 0x8031, 0x8022,
   0x7f88, 0x7fb6, 0x8040, 0x7efe, 0x7f1d, 0x7f79, 0x7fb6, 0x7ff3, 0x80bb,
   0x7ff3, 0x8012, 0x7ff3, 0x805f, 0x7fb6, 0x8040, 0x8040, 0x8040, 0x7fd5,
   0x7f5a, 0x7f3b, 0x7f0d, 0x7fe4, 0x8012, 0x8022, 0x7fe4, 0x7f97, 0x8012,
   0x806e, 0x80ac, 0x806e, 0x8022, 0x8022, 0x7fd5, 0x8031, 0x806e, 0x807e,
   0x80ac, 0x8050, 0x7ff3, 0x7f69, 0x7f2c, 0x7f79, 0x7fb6, 0x8003, 0x7fb6,
   0x7eef, 0x7ea2, 0x7efe, 0x7f3b, 0x7f79, 0x805f, 0x80ca, 0x80ca, 0x8022,
   0x7f4b, 0x7f3b, 0x7efe, 0x7f88, 0x7fc5, 0x7fb6, 0x7fb6, 0x8031, 0x8022,
   0x8022, 0x7fd5, 0x7f79, 0x7edf, 0x7f0d, 0x7f97, 0x805f, 0x806e, 0x8031,
   0x8050, 0x7fe4, 0x7fd5, 0x7fd5, 0x7fa7, 0x7ff3, 0x8003, 0x8003, 0x7ff3,
   0x7ff3, 0x7f5a, 0x7f97, 0x7f97, 0x8012, 0x7ff3, 0x7f69, 0x7f3b, 0x7f4b,
   0x7f5a, 0x7d60, 0x794b, 0x776f, 0x7751, 0x7827, 0x7b74, 0x7efe, 0x81de,
   0x8350, 0x84fd, 0x852b, 0x8464, 0x835f, 0x8331, 0x8322, 0x81c0, 0x8182,
   0x81c0, 0x80da, 0x80da, 0x806e, 0x808d, 0x8136, 0x809c, 0x8040, 0x7fc5,
   0x8012, 0x8022, 0x8031, 0x8012, 0x8031, 0x8012, 0x8012, 0x80bb, 0x80ca,
   0x808d, 0x8003, 0x7f69, 0x7f5a, 0x7f79, 0x7fd5, 0x8012, 0x807e, 0x7fe4,
   0x7fd5, 0x8003, 0x7ff3, 0x80ac, 0x807e, 0x806e, 0x80ca, 0x806e, 0x805f,
   0x8003, 0x7fc5, 0x7ec1, 0x7ed0, 0x7f0d, 0x7fc5, 0x8003, 0x8031, 0x805f,
   0x8050, 0x8050, 0x806e, 0x806e, 0x8031, 0x7fc5, 0x7fb6, 0x7fd5, 0x8003,
   0x8003, 0x7ff3, 0x7fb6, 0x7eef, 0x7f4b, 0x7f4b, 0x7f88, 0x7fe4, 0x8003,
   0x7efe, 0x7ed0, 0x7eb1, 0x7e93, 0x7eef, 0x7f4b, 0x7f69, 0x7fd5, 0x8003,
   0x7ff3, 0x7fe4, 0x7f3b, 0x7e83, 0x7ed0, 0x7f2c, 0x7fd5, 0x7fe4, 0x7fd5,
   0x7fd5, 0x8031, 0x8031, 0x7fe4, 0x7fd5, 0x7fd5, 0x7fc5, 0x7f97, 0x7fa7,
   0x8012, 0x8050, 0x8040, 0x8012, 0x7ff3, 0x7ff3, 0x8022, 0x8012, 0x8031,
   0x7f97, 0x7fb6, 0x7f97, 0x7fa7, 0x8012, 0x7f97, 0x7f79, 0x8012, 0x80ca,
   0x808d, 0x8012, 0x7ff3, 0x8031, 0x805f, 0x8012, 0x8022, 0x8022, 0x8003,
   0x807e, 0x8012, 0x7f2c, 0x7f97, 0x805f, 0x8012, 0x809c, 0x80f8, 0x8108,
   0x809c, 0x7ff3, 0x7ff3, 0x807e, 0x8050, 0x7fa7, 0x7f79, 0x7fb6, 0x7fc5,
   0x7fb6, 0x7f88, 0x7f5a, 0x8003, 0x805f, 0x8050, 0x8012, 0x7ff3, 0x7fd5,
   0x7fe4, 0x8022, 0x7fc5, 0x7f78, 0x7fa7, 0x7f4a, 0x7efd, 0x7f97, 0x8012,
   0x8022, 0x80ac, 0x805f, 0x807e, 0x808d, 0x80ca, 0x8031, 0x809c, 0x80da,
   0x807e, 0x8022, 0x8003, 0x7fe4, 0x7f4b, 0x7f5a, 0x7f79, 0x7fb6, 0x7ed0,
   0x7f0d, 0x7f97, 0x8022, 0x8012, 0x80ac, 0x81c0, 0x81cf, 0x8192, 0x8108,
   0x8003, 0x8003, 0x7fe4, 0x8031, 0x8022, 0x806e, 0x8022, 0x8012, 0x7fa7,
   0x7fd5, 0x8003, 0x8003, 0x805f, 0x80da, 0x808d, 0x80ca, 0x8108, 0x80da,
   0x8003, 0x7fa7, 0x7f4b, 0x7f97, 0x7fa7, 0x8003, 0x806e, 0x8040, 0x7fe4,
   0x7fa7, 0x7fd5, 0x7fc5, 0x7f88, 0x7f2c, 0x7f2c, 0x7f1d, 0x7f3b, 0x7edf,
   0x7eef, 0x7f0d, 0x7f97, 0x7fb6, 0x7f97, 0x8012, 0x8050, 0x80da, 0x80f8,
   0x8117, 0x80e9, 0x8108, 0x80f8, 0x80da, 0x808d, 0x809c, 0x808d, 0x8012,
   0x7f5a, 0x7fc5, 0x7f0d, 0x7f1d, 0x7f79, 0x7f4b, 0x7f3b, 0x8022, 0x7fb6,
   0x7f88, 0x7fe4, 0x8012, 0x8050, 0x809c, 0x806e, 0x8012, 0x7fc5, 0x7fb6,
   0x7fc5, 0x8031, 0x8003, 0x8050, 0x7fa7, 0x7fc5, 0x8012, 0x8031, 0x806e,
   0x809c, 0x8022, 0x8050, 0x8022, 0x8022, 0x8022, 0x8022, 0x805f, 0x7ff3,
   0x8003, 0x8031, 0x80da, 0x8117, 0x808d, 0x8022, 0x807e, 0x807e, 0x7fa7,
   0x7f88, 0x7f5a, 0x7f1d, 0x7f79, 0x7fd5, 0x8031, 0x805f, 0x7ff3, 0x8012,
   0x7fc5, 0x7fa7, 0x7eef, 0x7f1d, 0x7f88, 0x7fc5, 0x7fc5, 0x7fb6, 0x808d,
   0x80da, 0x8040, 0x805f, 0x8040, 0x805f, 0x8012, 0x8012, 0x7f79, 0x7efe,
   0x7eef, 0x7f3b, 0x7fa7, 0x8050, 0x807e, 0x80da, 0x80ac, 0x8050, 0x805f,
   0x7fa7, 0x7fd5, 0x8012, 0x7fe4, 0x8031, 0x8022, 0x805f, 0x806e, 0x8031,
   0x8012, 0x8003, 0x7f97, 0x7fe4, 0x7f2c, 0x7fe4, 0x8050, 0x8012, 0x805f,
   0x807e, 0x806e, 0x806e, 0x8040, 0x80ac, 0x8003, 0x7fd5, 0x7f79, 0x7f97,
   0x8031, 0x807e, 0x80ca, 0x807e, 0x80bb, 0x806e, 0x8031, 0x8003, 0x806e,
   0x805f, 0x8040, 0x806e, 0x80ac, 0x8040, 0x7fe4, 0x7fc5, 0x7fe4, 0x8031,
   0x8031, 0x8012, 0x8003, 0x7f97, 0x7f69, 0x7f79, 0x7fb6, 0x7f97, 0x8050,
   0x7ff3, 0x807e, 0x7ff3, 0x7fb6, 0x7fa7, 0x7fa7, 0x7f79, 0x7f79, 0x7efe,
   0x7f5a, 0x7fc5, 0x7f97, 0x7fd5, 0x8012, 0x7fa7, 0x8022, 0x8012, 0x8012,
   0x7fb6, 0x8003, 0x7f88, 0x7f3b, 0x7fc5, 0x806e, 0x8012, 0x8031, 0x8022,
   0x805f, 0x8012, 0x7f5a, 0x7f0d, 0x7edf, 0x7eef, 0x7fe4, 0x8012, 0x8012,
   0x7f79, 0x7efe, 0x8003, 0x7f97, 0x7f79, 0x7ff3, 0x7fa7, 0x7f97, 0x8022,
   0x8050, 0x806e, 0x8050, 0x8040, 0x7ff3, 0x7efe, 0x7f97, 0x8040, 0x809c,
   0x80f8, 0x8136, 0x8126, 0x80e9, 0x809c, 0x805f, 0x806e, 0x806e, 0x80ac,
   0x8108, 0x809c, 0x807e, 0x808d, 0x8022, 0x7f5a, 0x7f2c, 0x7f0d, 0x7f1d,
   0x7eb1, 0x7f69, 0x807e, 0x80da, 0x80da, 0x8040, 0x8050, 0x7fa7, 0x7fb6,
   0x7fc5, 0x7fe4, 0x7fc5, 0x7f97, 0x7f2c, 0x7f5a, 0x7f2c, 0x7f3b, 0x7f4b,
   0x7f5a, 0x7fb6, 0x7fb6, 0x7fd5, 0x8003, 0x8012, 0x8012, 0x7fc5, 0x7f88,
   0x7f5a, 0x7fb6, 0x7fb6, 0x7fb6, 0x7f97, 0x7f69, 0x7f79, 0x7ff3, 0x7f79,
   0x7f5a, 0x7f97, 0x7fc5, 0x7fe4, 0x808d, 0x805f, 0x8031, 0x8012, 0x7f69,
   0x7f79, 0x7f1d, 0x7fe4, 0x8031, 0x809c, 0x80bb, 0x809c, 0x8012, 0x7ff3,
   0x8012, 0x7fe4, 0x8012, 0x7f2c, 0x7f4b, 0x7fb6, 0x7fe4, 0x7f97, 0x7f69,
   0x7fa7, 0x8050, 0x805f, 0x807e, 0x8050, 0x8050, 0x8022, 0x806e, 0x8003,
   0x8012, 0x8012, 0x807e, 0x8031, 0x807e, 0x805f, 0x7fc5, 0x7f5a, 0x7f1d,
   0x7ff3, 0x8050, 0x806e, 0x8003, 0x7fb6, 0x8012, 0x7f88, 0x7f1d, 0x7f69,
   0x7fb6, 0x8022, 0x808d, 0x80da, 0x8031, 0x7fd5, 0x7fb6, 0x8040, 0x7fd5,
   0x8012, 0x8012, 0x8022, 0x8050, 0x8003, 0x8003, 0x805f, 0x8012, 0x805f,
   0x8050, 0x7ff3, 0x8012, 0x7fe4, 0x7fe4, 0x7f97, 0x8012, 0x7f5a, 0x7fb6,
   0x7fd5, 0x7f79, 0x7f97, 0x8003, 0x7f0d, 0x7eef, 0x7f69, 0x7fd5, 0x8012,
   0x7fe4, 0x8012, 0x7ff3, 0x8012, 0x7ff3, 0x8022, 0x7fc5, 0x8031, 0x806e,
   0x8012, 0x7f5a, 0x7f2c, 0x7f5a, 0x7f79, 0x7fd5, 0x7fd5, 0x8012, 0x8031,
   0x806e, 0x805f, 0x8012, 0x8012, 0x805f, 0x806e, 0x80ac, 0x7fb6, 0x7f88,
   0x7f97, 0x7fa7, 0x8022, 0x80ca, 0x8126, 0x80bb, 0x805f, 0x8012, 0x7f4b,
   0x8012, 0x80bb, 0x8126, 0x80bb, 0x805f, 0x8031, 0x7fd5, 0x7efe, 0x7edf,
   0x7f1d, 0x7efe, 0x7eef, 0x7f0d, 0x7fa7, 0x808d, 0x8108, 0x80e9, 0x8154,
   0x80bb, 0x80ac, 0x8012, 0x7fe4, 0x805f, 0x806e, 0x8040, 0x807e, 0x809c,
   0x80da, 0x80e9, 0x8050, 0x805f, 0x8022, 0x8022, 0x8031, 0x8012, 0x7f88,
   0x7fa7, 0x7fc5, 0x805f, 0x806e, 0x807e, 0x808d, 0x8031, 0x80da, 0x8050,
   0x806e, 0x8022, 0x8050, 0x808d, 0x8012, 0x8031, 0x7fc5, 0x7fe4, 0x7fe4,
   0x80ac, 0x80ac, 0x80da, 0x806e, 0x7fc5, 0x8012, 0x8012, 0x7fe4, 0x7f97,
   0x8022, 0x8022, 0x8173, 0x81b0, 0x8117, 0x8022, 0x7f88, 0x7efe, 0x7edf,
   0x7eb1, 0x7f1d, 0x7fc5, 0x8050, 0x80ac, 0x808d, 0x805f, 0x8050, 0x8050,
   0x7fc5, 0x7f97, 0x7f97, 0x7fe4, 0x8022, 0x8022, 0x7fe4, 0x8040, 0x8003,
   0x7f97, 0x7f5a, 0x7f0d, 0x7f0d, 0x7fd5, 0x80ca, 0x8126, 0x8164, 0x8108,
   0x80ac, 0x8031, 0x80ca, 0x80ac, 0x8145, 0x8126, 0x809c, 0x8022, 0x8050,
   0x806e, 0x7ff3, 0x7fa7, 0x7fd5, 0x7fe4, 0x7fb6, 0x7f3b, 0x7fe4, 0x8040,
   0x805f, 0x806e, 0x807e, 0x8040, 0x8012, 0x8031, 0x806e, 0x808d, 0x806e,
   0x7ff3, 0x7fc5, 0x7ff3, 0x8040, 0x80ac, 0x8126, 0x8154, 0x8126, 0x809c,
   0x8050, 0x8031, 0x807e, 0x80e9, 0x8126, 0x809c, 0x80e9, 0x80ca, 0x80da,
   0x807e, 0x8003, 0x8003, 0x8012, 0x7fb6, 0x7fe4, 0x8031, 0x809c, 0x806e,
   0x80ca, 0x8031, 0x805f, 0x807e, 0x8031, 0x7fc5, 0x7fd5, 0x7ff3, 0x80bb,
   0x807e, 0x806e, 0x8108, 0x80bb, 0x8031, 0x8022, 0x8003, 0x8022, 0x7f88,
   0x7efe, 0x7eef, 0x8012, 0x8012, 0x80ac, 0x805f, 0x8031, 0x7f97, 0x7f69,
   0x7fa7, 0x8003, 0x8012, 0x7f88, 0x7ff3, 0x8012, 0x8012, 0x8040, 0x808d,
   0x80e9, 0x80ca, 0x8031, 0x8003, 0x7fc5, 0x8012, 0x8012, 0x807e, 0x8040,
   0x808d, 0x8012, 0x7ff3, 0x7fa7, 0x7f5a, 0x8003, 0x7fe4, 0x805f, 0x806e,
   0x807e, 0x806e, 0x7fb6, 0x8012, 0x7fc5, 0x7efe, 0x7e83, 0x7ea2, 0x7efe,
   0x7f4b, 0x7efe, 0x7f3b, 0x7f69, 0x7fe4, 0x7fd5, 0x7f3b, 0x7f4b, 0x7f1d,
   0x7fb6, 0x7f97, 0x8012, 0x7fb6, 0x8012, 0x7fe4, 0x7f88, 0x7f88, 0x7fa7,
   0x8003, 0x8003, 0x8022, 0x7f97, 0x7f5a, 0x7f97, 0x7f97, 0x7f97, 0x7ff3,
   0x8022, 0x8003, 0x7fc5, 0x7fb6, 0x7fc5, 0x7f2c, 0x7f97, 0x7fe4, 0x806e,
   0x80e9, 0x805f, 0x8012, 0x7fd5, 0x7fc5, 0x7f3b, 0x7f69, 0x7fa7, 0x7f3b,
   0x8012, 0x7fc5, 0x7ff3, 0x8040, 0x80bb, 0x7fb6, 0x7fb6, 0x7f97, 0x7e46,
   0x7a32, 0x77bc, 0x7751, 0x78a2, 0x7bc1, 0x7e83, 0x8108, 0x8340, 0x84c0,
   0x853a, 0x8473, 0x82b6, 0x81fd, 0x81b0, 0x81de, 0x822b, 0x81c0, 0x8154,
   0x81a1, 0x8136, 0x80f8, 0x8117, 0x80ca, 0x80ac, 0x809c, 0x808d, 0x8040,
   0x8040, 0x806e, 0x808d, 0x805f, 0x80ac, 0x80ac, 0x8040, 0x7fc5, 0x7f88,
   0x7f79, 0x7f0d, 0x7f2c, 0x7fa7, 0x7f97, 0x7f97, 0x7f97, 0x7f2c, 0x7f5a,
   0x7f79, 0x7efe, 0x7efe, 0x7fe4, 0x80e9, 0x809c, 0x8108, 0x8040, 0x8012,
   0x805f, 0x7fc5, 0x8012, 0x8003, 0x7fe4, 0x7fd5, 0x7ff3, 0x7fb6, 0x7fe4,
   0x7f69, 0x7f2c, 0x7f97, 0x7fa7, 0x7fe4, 0x805f, 0x8050, 0x809c, 0x80bb,
   0x80f8, 0x80e9, 0x80ac, 0x807e, 0x805f, 0x807e, 0x80ca, 0x805f, 0x7f88,
   0x7f0d, 0x7e74, 0x7f2c, 0x7f4b, 0x7f97, 0x7f97, 0x7f97, 0x7fb6, 0x8012,
   0x8022, 0x8022, 0x8012, 0x8040, 0x8031, 0x8012, 0x805f, 0x8040, 0x8050,
   0x7fc5, 0x7f69, 0x7fb6, 0x8012, 0x7f88, 0x7f4b, 0x7f5a, 0x7fb6, 0x7fa7,
   0x7fb6, 0x7f69, 0x8003, 0x806e, 0x808d, 0x806e, 0x8012, 0x7fd5, 0x7f97,
   0x7fd5, 0x8003, 0x7fc5, 0x8003, 0x80ca, 0x80bb, 0x809c, 0x7fc5, 0x7fa7,
   0x8012, 0x807e, 0x80ac, 0x807e, 0x7fc5, 0x7f69, 0x7fb6, 0x7ff3, 0x8012,
   0x8050, 0x7fd5, 0x7fe4, 0x7fd5, 0x7fa7, 0x8012, 0x8003, 0x8022, 0x80ca,
   0x809c, 0x808d, 0x80ca, 0x80bb, 0x8126, 0x81a1, 0x820c, 0x8117, 0x8022,
   0x7ff3, 0x7fa7, 0x7f88, 0x805f, 0x807e, 0x80ac, 0x8050, 0x8031, 0x7f88,
   0x7e65, 0x7dcb, 0x7e55, 0x7e55, 0x7f3b, 0x7f2c, 0x7f97, 0x8022, 0x8031,
   0x7ff3, 0x8031, 0x808d, 0x808d, 0x80ac, 0x8003, 0x7f0d, 0x7f4b, 0x7f4b,
   0x7fb6, 0x7f4b, 0x7fe4, 0x7fb6, 0x8050, 0x806e, 0x805f, 0x8022, 0x7fe4,
   0x8003, 0x7f79, 0x7f2c, 0x7fd5, 0x7fe4, 0x8012, 0x8040, 0x805f, 0x8050,
   0x8022, 0x8031, 0x808d, 0x8012, 0x8003, 0x7fa7, 0x7f88, 0x7f0d, 0x7f1d,
   0x7fa7, 0x7ff3, 0x8003, 0x7fc5, 0x7f4b, 0x7fd5, 0x8022, 0x807e, 0x805f,
   0x806e, 0x8040, 0x7fe4, 0x8022, 0x8003, 0x7ff3, 0x8012, 0x8022, 0x8003,
   0x806e, 0x80bb, 0x806e, 0x7fc5, 0x8031, 0x806e, 0x8031, 0x8012, 0x806e,
   0x80ac, 0x808d, 0x8012, 0x7ff3, 0x7f97, 0x8050, 0x808d, 0x8050, 0x8050,
   0x7fb6, 0x7ec1, 0x7e65, 0x7f1d, 0x7f69, 0x7f2c, 0x7f97, 0x8003, 0x7f5a,
   0x7fe4, 0x8022, 0x8022, 0x7ff3, 0x7fe4, 0x7fb6, 0x7fe4, 0x8040, 0x8050,
   0x8031, 0x8031, 0x805f, 0x8050, 0x8012, 0x8022, 0x805f, 0x8031, 0x8012,
   0x7f0d, 0x7f5a, 0x8022, 0x8022, 0x7fa7, 0x7f88, 0x7f4b, 0x7eef, 0x7f1d,
   0x7f97, 0x7f97, 0x7fe4, 0x8012, 0x8040, 0x806e, 0x806e, 0x8022, 0x8050,
   0x7f69, 0x7f5a, 0x8012, 0x8050, 0x80da, 0x80ca, 0x809c, 0x8040, 0x8031,
   0x8050, 0x7fc5, 0x7f4b, 0x7f4b, 0x7f5a, 0x7fc5, 0x8040, 0x8040, 0x808d,
   0x807e, 0x80ca, 0x808d, 0x80ac, 0x806e, 0x7fa7, 0x7fe4, 0x7fe4, 0x7ff3,
   0x8012, 0x7fa7, 0x7f4b, 0x7f3b, 0x7fb6, 0x7f2c, 0x7f79, 0x7f88, 0x7fe4,
   0x7f97, 0x7ec1, 0x7f5a, 0x8012, 0x808d, 0x80ac, 0x809c, 0x80bb, 0x8031,
   0x8012, 0x8031, 0x8022, 0x80bb, 0x80ac, 0x80ac, 0x80f8, 0x80da, 0x8136,
   0x805f, 0x8022, 0x8012, 0x7fe4, 0x7f2c, 0x7f1d, 0x8012, 0x8040, 0x7ff3,
   0x8031, 0x8022, 0x7fb6, 0x8031, 0x7ff3, 0x806e, 0x8050, 0x7fd5, 0x7fb6,
   0x7f97, 0x7fc5, 0x7fa7, 0x7f69, 0x7fd5, 0x8012, 0x8012, 0x7f79, 0x7f2c,
   0x7f4b, 0x7fa7, 0x8022, 0x8012, 0x8003, 0x7fb6, 0x809c, 0x808d, 0x806e,
   0x7fb6, 0x8012, 0x80f8, 0x80bb, 0x80da, 0x80f8, 0x809c, 0x805f, 0x80bb,
   0x805f, 0x8050, 0x807e, 0x808d, 0x809c, 0x805f, 0x7ff3, 0x807e, 0x806e,
   0x8031, 0x805f, 0x806e, 0x80bb, 0x8012, 0x7fb6, 0x7fa7, 0x7f97, 0x7f4b,
   0x7ec1, 0x7eb1, 0x7edf, 0x7f1d, 0x7fa7, 0x7ff3, 0x807e, 0x807e, 0x80da,
   0x8031, 0x8003, 0x7fd5, 0x8012, 0x8040, 0x807e, 0x8126, 0x80da, 0x807e,
   0x7fe4, 0x8050, 0x807e, 0x809c, 0x80ca, 0x8040, 0x8022, 0x80ac, 0x80ac,
   0x80f8, 0x8040, 0x8022, 0x808d, 0x808d, 0x8050, 0x7fc5, 0x8031, 0x8022,
   0x808d, 0x8031, 0x8003, 0x7f88, 0x7fd5, 0x8012, 0x8022, 0x8031, 0x8003,
   0x7fc5, 0x7fd5, 0x7ff3, 0x8022, 0x7fd5, 0x7f97, 0x7f88, 0x7ff3, 0x7fc5,
   0x8012, 0x8012, 0x8012, 0x8040, 0x8050, 0x80da, 0x80ca, 0x807e, 0x808d,
   0x8040, 0x80ac, 0x8040, 0x80ac, 0x807e, 0x807e, 0x807e, 0x8012, 0x7f97,
   0x7f97, 0x7fc5, 0x8031, 0x7ff3, 0x7f5a, 0x7fa7, 0x8031, 0x8031, 0x809c,
   0x7fe4, 0x7ff3, 0x8003, 0x8012, 0x8022, 0x8022, 0x8003, 0x7fd5, 0x8003,
   0x7f97, 0x8031, 0x8012, 0x8022, 0x8003, 0x7fb6, 0x7f2c, 0x7f4b, 0x7f97,
   0x8012, 0x8012, 0x8050, 0x806e, 0x805f, 0x80bb, 0x809c, 0x8031, 0x8003,
   0x8012, 0x8003, 0x7f69, 0x7edf, 0x7f0d, 0x7f79, 0x7f97, 0x7fe4, 0x7fd5,
   0x7fe4, 0x807e, 0x80ac, 0x80e9, 0x80bb, 0x808d, 0x807e, 0x8031, 0x8012,
   0x8040, 0x805f, 0x808d, 0x807e, 0x8031, 0x80ac, 0x8031, 0x7ff3, 0x8012,
   0x805f, 0x8022, 0x7ff3, 0x8022, 0x7fe4, 0x7fb6, 0x805f, 0x8040, 0x8050,
   0x80ac, 0x80ca, 0x809c, 0x805f, 0x7fa7, 0x7fb6, 0x8031, 0x8050, 0x808d,
   0x8050, 0x8031, 0x8012, 0x8012, 0x7fd5, 0x7fc5, 0x7fd5, 0x8003, 0x7fd5,
   0x7f97, 0x7fd5, 0x8022, 0x80e9, 0x809c, 0x8003, 0x7f4b, 0x7f4b, 0x7f79,
   0x7f88, 0x7fa7, 0x8012, 0x8050, 0x8031, 0x8022, 0x8050, 0x806e, 0x8040,
   0x8040, 0x8012, 0x8031, 0x8012, 0x7ff3, 0x8012, 0x7ff3, 0x8003, 0x8040,
   0x806e, 0x80ca, 0x80ac, 0x809c, 0x807e, 0x7ff3, 0x8022, 0x8040, 0x8003,
   0x8040, 0x8003, 0x7f4b, 0x7f88, 0x806e, 0x8031, 0x809c, 0x8012, 0x8050,
   0x80da, 0x80da, 0x80ac, 0x7fd5, 0x7f3b, 0x7f2c, 0x7f3b, 0x7fc5, 0x7f5a,
   0x7f5a, 0x8012, 0x809c, 0x80bb, 0x80bb, 0x80f8, 0x80e9, 0x8050, 0x808d,
   0x807e, 0x80ca, 0x80bb, 0x7ff3, 0x7f5a, 0x8003, 0x8022, 0x80bb, 0x807e,
   0x8031, 0x8031, 0x8022, 0x7ff3, 0x7fe4, 0x7f97, 0x7f97, 0x7f5a, 0x8003,
   0x8040, 0x7fe4, 0x8012, 0x807e, 0x808d, 0x806e, 0x805f, 0x8040, 0x8012,
   0x8022, 0x8040, 0x8012, 0x8031, 0x805f, 0x7f2c, 0x7f5a, 0x7f97, 0x7fb6,
   0x7f88, 0x7f0d, 0x7f69, 0x7eef, 0x7f2c, 0x8003, 0x808d, 0x80ca, 0x80ca,
   0x80ac, 0x80da, 0x808d, 0x80ca, 0x8031, 0x7f88, 0x7f5a, 0x7f69, 0x7f4b,
   0x7f79, 0x807e, 0x805f, 0x80bb, 0x8108, 0x8145, 0x8173, 0x80ca, 0x806e,
   0x808d, 0x7fa7, 0x8050, 0x805f, 0x7fe4, 0x7f4b, 0x7f3b, 0x7e37, 0x7e37,
   0x7fc5, 0x8108, 0x8126, 0x80e9, 0x8040, 0x7ff3, 0x7f97, 0x7fa7, 0x7fd5,
   0x8012, 0x8012, 0x8012, 0x8003, 0x8012, 0x8040, 0x7fc5, 0x7fb6, 0x8040,
   0x7f97, 0x8022, 0x8040, 0x80ca, 0x806e, 0x8012, 0x7f79, 0x7fc5, 0x7fa7,
   0x7fc5, 0x8040, 0x8022, 0x809c, 0x8050, 0x8022, 0x8012, 0x7fa7, 0x8012,
   0x805f, 0x80bb, 0x80bb, 0x8022, 0x7fb6, 0x7fa7, 0x7ff3, 0x7fa7, 0x8022,
   0x8050, 0x807e, 0x8012, 0x8031, 0x7ff3, 0x7f1d, 0x7f3b, 0x7fe4, 0x7fd5,
   0x7fb6, 0x7fa7, 0x7fe4, 0x8012, 0x8031, 0x80ca, 0x80bb, 0x80bb, 0x80f8,
   0x80bb, 0x8040, 0x8031, 0x7fb6, 0x7f97, 0x7f97, 0x7fa7, 0x7ff3, 0x808d,
   0x8022, 0x80da, 0x809c, 0x8040, 0x809c, 0x80da, 0x80e9, 0x805f, 0x80ac,
   0x806e, 0x806e, 0x807e, 0x7ff3, 0x7ed0, 0x7f5a, 0x805f, 0x806e, 0x8031,
   0x7f88, 0x8003, 0x7fb6, 0x7fa7, 0x7f69, 0x7fc5, 0x7fe4, 0x7fa7, 0x7f79,
   0x7fe4, 0x8040, 0x808d, 0x7fc5, 0x7fb6, 0x7f1d, 0x7f2c, 0x7f97, 0x8012,
   0x8040, 0x805f, 0x8012, 0x8012, 0x8012, 0x7fd5, 0x7f88, 0x7fd5, 0x7ff3,
   0x8003, 0x8003, 0x7fe4, 0x7f79, 0x7f97, 0x7ff3, 0x7fe4, 0x8012, 0x7fe4,
   0x7fc5, 0x7fe4, 0x7fc5, 0x8003, 0x8012, 0x7fa7, 0x7eef, 0x7f97, 0x8003,
   0x8040, 0x7ff3, 0x7ff3, 0x7ff3, 0x8031, 0x8012, 0x8003, 0x8012, 0x8031,
   0x805f, 0x806e, 0x806e, 0x80bb, 0x80f8, 0x80da, 0x809c, 0x80ac, 0x80ac,
   0x8012, 0x8012, 0x7f5a, 0x7e93, 0x7e93, 0x7e93, 0x7ed0, 0x7f69, 0x7fa7,
   0x7fd5, 0x8012, 0x8003, 0x7fc5, 0x7fd5, 0x8040, 0x8050, 0x8031, 0x8031,
   0x7fe4, 0x7ff3, 0x8003, 0x7fd5, 0x7fc5, 0x8012, 0x8012, 0x7fe4, 0x7ff3,
   0x8012, 0x808d, 0x807e, 0x808d, 0x8050, 0x807e, 0x809c, 0x80e9, 0x8117,
   0x807e, 0x7f88, 0x7fb6, 0x7fc5, 0x8012, 0x7efe, 0x7ed0, 0x7efe, 0x7f2c,
   0x7f79, 0x7ff3, 0x808d, 0x80ca, 0x80ca, 0x7f97, 0x7f79, 0x7fb6, 0x7ff3,
   0x7fa7, 0x7ff3, 0x7fc5, 0x7ff3, 0x8012, 0x8003, 0x805f, 0x8003, 0x7f69,
   0x7f4b, 0x7eef, 0x8003, 0x7fd5, 0x7fe4, 0x7fd5, 0x80ac, 0x8050, 0x8022,
   0x805f, 0x80ca, 0x8126, 0x8136, 0x8117, 0x8154, 0x80e9, 0x80ca, 0x808d,
   0x808d, 0x8031, 0x806e, 0x8012, 0x8022, 0x8012, 0x7f97, 0x7f79, 0x8022,
   0x8040, 0x8022, 0x8012, 0x7fe4, 0x7fb6, 0x7ff3, 0x806e, 0x7ff3, 0x8012,
   0x8050, 0x807e, 0x807e, 0x805f, 0x7fe4, 0x7fe4, 0x806e, 0x80da, 0x807e,
   0x8012, 0x80ac, 0x8126, 0x80ca, 0x80f8, 0x80e9, 0x809c, 0x8040, 0x7fa7,
   0x7fd5, 0x7f69, 0x7fc5, 0x7f79, 0x8040, 0x8003, 0x8040, 0x809c, 0x80ac,
   0x8117, 0x80bb, 0x8012, 0x808d, 0x8031, 0x8040, 0x7f69, 0x7f69, 0x8003,
   0x805f, 0x7f97, 0x7f69, 0x7f3b, 0x8022, 0x8031, 0x8003, 0x7ed0, 0x7f4b,
   0x7f79, 0x7fb6, 0x7fb6, 0x8003, 0x8022, 0x809c, 0x809c, 0x809c, 0x8040,
   0x7fe4, 0x7efe, 0x7ed0, 0x7f0d, 0x7f5a, 0x8040, 0x8031, 0x8040, 0x809c,
   0x806e, 0x8022, 0x7f4b, 0x7f69, 0x7f4b, 0x7fd5, 0x7fd5, 0x8003, 0x8012,
   0x7f4b, 0x7ea2, 0x7f79, 0x806e, 0x80ac, 0x809c, 0x7fc5, 0x7f88, 0x7f88,
   0x7fc5, 0x8040, 0x807e, 0x805f, 0x8022, 0x7fc5, 0x8031, 0x7fb6, 0x7ff3,
   0x7f4b, 0x7f1d, 0x7eef, 0x7f0d, 0x7f1d, 0x7f1d, 0x7f3b, 0x7ea2, 0x7e65,
   0x7e74, 0x7e27, 0x7e93, 0x7f69, 0x7ff3, 0x8031, 0x808d, 0x80e9, 0x809c,
   0x808d, 0x8022, 0x8012, 0x7ff3, 0x8022, 0x8022, 0x7fe4, 0x7f69, 0x7f5a,
   0x8012, 0x8040, 0x809c, 0x806e, 0x808d, 0x806e, 0x8050, 0x8040, 0x7fa7,
   0x7f1d, 0x7f0d, 0x7f3b, 0x7f69, 0x7ff3, 0x7fc5, 0x8022, 0x8012, 0x7ff3,
   0x7f79, 0x7f1d, 0x7f5a, 0x7f69, 0x7f88, 0x8012, 0x807e, 0x80ac, 0x8050,
   0x807e, 0x806e, 0x805f, 0x806e, 0x809c, 0x80ca, 0x8050, 0x806e, 0x80ac,
   0x8012, 0x8012, 0x809c, 0x806e, 0x806e, 0x80e9, 0x80e9, 0x8117, 0x80da,
   0x806e, 0x8031, 0x7f97, 0x8012, 0x7f4b, 0x7fa7, 0x7f5a, 0x7fb6, 0x7f88,
   0x7f1d, 0x7f79, 0x808d, 0x8022, 0x8003, 0x8031, 0x808d, 0x80ac, 0x8040,
   0x806e, 0x80da, 0x807e, 0x809c, 0x8040, 0x7f97, 0x7f2c, 0x7f5a, 0x7ff3,
   0x80ac, 0x807e, 0x8022, 0x805f, 0x805f, 0x8050, 0x8022, 0x7f69, 0x7f3b,
   0x7eef, 0x7f3b, 0x7f88, 0x807e, 0x807e, 0x80e9, 0x80f8, 0x8136, 0x80ca,
   0x807e, 0x8003, 0x7fa7, 0x7fe4, 0x8003, 0x7fc5, 0x8012, 0x8003, 0x8031,
   0x8003, 0x7f88, 0x7ff3, 0x8031, 0x7fc5, 0x8003, 0x8012, 0x806e, 0x8031,
   0x807e, 0x7ff3, 0x7f88, 0x7f88, 0x8012, 0x809c, 0x80da, 0x80bb, 0x809c,
   0x8003, 0x8012, 0x7f79, 0x8003, 0x806e, 0x8012, 0x7fe4, 0x7fc5, 0x7f97,
   0x806e, 0x8022, 0x7f97, 0x7fe4, 0x7f88, 0x8031, 0x8012, 0x8012, 0x8012,
   0x8012, 0x8012, 0x7fb6, 0x7fe4, 0x7f5a, 0x7f0d, 0x7f97, 0x7ff3, 0x7fc5,
   0x8040, 0x8050, 0x806e, 0x8012, 0x7ff3, 0x7ff3, 0x8022, 0x7ff3, 0x7f5a,
   0x7f69, 0x8003, 0x8012, 0x7f97, 0x7f3b, 0x7e55, 0x7f2c, 0x7fb6, 0x7fe4,
   0x7fb6, 0x80bb, 0x80bb, 0x809c, 0x805f, 0x7fd5, 0x7f69, 0x7e65, 0x7e27,
   0x7ed0, 0x7f97, 0x7fa7, 0x7fa7, 0x7f88, 0x7f5a, 0x7f97, 0x808d, 0x807e,
   0x80bb, 0x8108, 0x80bb, 0x806e, 0x806e, 0x80ac, 0x809c, 0x807e, 0x8040,
   0x8022, 0x808d, 0x80ca, 0x8050, 0x7fe4, 0x8003, 0x8022, 0x8031, 0x8031,
   0x8040, 0x8031, 0x7fd5, 0x8031, 0x7fe4, 0x7fe4, 0x805f, 0x807e, 0x809c,
   0x80da, 0x80bb, 0x8050, 0x7f97, 0x7f97, 0x7f97, 0x7fe4, 0x7fe4, 0x8050,
   0x80da, 0x809c, 0x807e, 0x8031, 0x7fa7, 0x7fc5, 0x7f1d, 0x7f5a, 0x7efe,
   0x7f4b, 0x806e, 0x80da, 0x806e, 0x8108, 0x80da, 0x80ca, 0x80bb, 0x80ac,
   0x808d, 0x80f8, 0x80e9, 0x807e, 0x80ac, 0x806e, 0x8040, 0x806e, 0x80ca,
   0x80ac, 0x80ac, 0x80e9, 0x8050, 0x8012, 0x7fa7, 0x805f, 0x8012, 0x7ff3,
   0x7fa7, 0x7f3b, 0x7ea2, 0x7b37, 0x7846, 0x77ea, 0x7846, 0x7a8e, 0x7dea,
   0x809c, 0x8322, 0x84cf, 0x8622, 0x8559, 0x8473, 0x83bb, 0x82e4, 0x821c,
   0x824a, 0x81ee, 0x8154, 0x8136, 0x8108, 0x80e9, 0x8117, 0x80da, 0x808d,
   0x808d, 0x806e, 0x805f, 0x8050, 0x8012, 0x8050, 0x8040, 0x8012, 0x7f97,
   0x7fc5, 0x7fc5, 0x808d, 0x80ca, 0x80e9, 0x80da, 0x8117, 0x80ac, 0x8022,
   0x808d, 0x807e, 0x807e, 0x806e, 0x8012, 0x805f, 0x8012, 0x807e, 0x80ac,
   0x80bb, 0x807e, 0x8003, 0x7f88, 0x7f88, 0x7f97, 0x7fe4, 0x7fa7, 0x7f69,
   0x7fa7, 0x8003, 0x8012, 0x8031, 0x7fe4, 0x7fb6, 0x7f88, 0x8031, 0x808d,
   0x8050, 0x8012, 0x7fa7, 0x805f, 0x8022, 0x805f, 0x8040, 0x8031, 0x806e,
   0x807e, 0x7f97, 0x8012, 0x7f79, 0x7f3b, 0x7f4b, 0x7f88, 0x7fa7, 0x7f4b,
   0x7f3b, 0x7edf, 0x7f1d, 0x7f79, 0x7f3b, 0x7f4b, 0x7f4b, 0x8003, 0x7fe4,
   0x8050, 0x8108, 0x80f8, 0x8136, 0x805f, 0x7fd5, 0x7f4b, 0x7f5a, 0x7f79,
   0x7f69, 0x7f88, 0x7fc5, 0x8003, 0x8003, 0x8012, 0x8012, 0x7fd5, 0x7fa7,
   0x7f69, 0x7f0d, 0x7f88, 0x8012, 0x8012, 0x8012, 0x8031, 0x8003, 0x7ff3,
   0x8012, 0x7fb6, 0x7e83, 0x7eef, 0x7f4b, 0x7f4b, 0x7f69, 0x7f88, 0x7fb6,
   0x8022, 0x807e, 0x80da, 0x80bb, 0x8012, 0x7f5a, 0x7ff3, 0x7ff3, 0x8031,
   0x7fa7, 0x8003, 0x807e, 0x80ac, 0x80bb, 0x80ac, 0x805f, 0x8012, 0x7fe4,
   0x7f79, 0x8031, 0x8050, 0x8040, 0x807e, 0x805f, 0x8050, 0x8040, 0x8012,
   0x8040, 0x8031, 0x809c, 0x80ac, 0x80bb, 0x80ac, 0x8108, 0x8164, 0x8108,
   0x80da, 0x8182, 0x8117, 0x8108, 0x80bb, 0x8050, 0x8012, 0x807e, 0x805f,
   0x805f, 0x805f, 0x8012, 0x7ff3, 0x8003, 0x7f79, 0x7eef, 0x7edf, 0x7e65,
   0x7f1d, 0x8003, 0x7f97, 0x7fd5, 0x7fc5, 0x8022, 0x8012, 0x7fe4, 0x7f5a,
   0x7ea2, 0x7edf, 0x7eef, 0x7f0d, 0x7f3b, 0x7fa7, 0x7f88, 0x7fb6, 0x7f79,
   0x7f69, 0x7fb6, 0x7fc5, 0x7f97, 0x7f88, 0x8040, 0x8031, 0x8012, 0x7ff3,
   0x7f5a, 0x7f4b, 0x7f4b, 0x7f69, 0x8003, 0x808d, 0x8012, 0x7f88, 0x7fe4,
   0x7fe4, 0x7fe4, 0x8012, 0x806e, 0x80da, 0x80bb, 0x8012, 0x8012, 0x7fd5,
   0x8012, 0x7f79, 0x8003, 0x809c, 0x80bb, 0x80bb, 0x80e9, 0x809c, 0x807e,
   0x80ac, 0x8022, 0x7fd5, 0x805f, 0x805f, 0x807e, 0x807e, 0x8050, 0x8040,
   0x808d, 0x807e, 0x809c, 0x8050, 0x8040, 0x8050, 0x8040, 0x8040, 0x80ca,
   0x80e9, 0x809c, 0x8012, 0x8031, 0x8031, 0x7f88, 0x7f97, 0x7fb6, 0x7f5a,
   0x7f79, 0x7f4b, 0x7f88, 0x7fc5, 0x7fe4, 0x80ac, 0x809c, 0x8050, 0x8022,
   0x805f, 0x8022, 0x8022, 0x8050, 0x806e, 0x806e, 0x7f69, 0x7f3b, 0x7f88,
   0x8031, 0x7fc5, 0x8012, 0x8012, 0x8022, 0x8022, 0x80ac, 0x80ac, 0x807e,
   0x7fa7, 0x7ea2, 0x7e65, 0x7f0d, 0x7f97, 0x7fb6, 0x806e, 0x7f1d, 0x7ed0,
   0x7e83, 0x7ec1, 0x7f5a, 0x7fb6, 0x7fc5, 0x8012, 0x80ac, 0x80bb, 0x80f8,
   0x80ac, 0x8012, 0x8003, 0x7f97, 0x7f4b, 0x7f2c, 0x7efe, 0x7f0d, 0x7fe4,
   0x8022, 0x80da, 0x8040, 0x8003, 0x8022, 0x7ff3, 0x8031, 0x7fc5, 0x7f79,
   0x7f5a, 0x7efe, 0x7f5a, 0x7f97, 0x7fa7, 0x7fc5, 0x7f3b, 0x7f79, 0x7fd5,
   0x7fb6, 0x7f3b, 0x7f4b, 0x7f5a, 0x8003, 0x8031, 0x7fe4, 0x7f97, 0x8031,
   0x8040, 0x80e9, 0x809c, 0x8031, 0x7f79, 0x7f4b, 0x7f69, 0x7fe4, 0x8012,
   0x7fb6, 0x7f79, 0x8012, 0x8003, 0x8050, 0x8031, 0x805f, 0x808d, 0x806e,
   0x8012, 0x8012, 0x8022, 0x8031, 0x7fa7, 0x8040, 0x806e, 0x809c, 0x8117,
   0x8108, 0x8126, 0x807e, 0x8003, 0x7f88, 0x7ea1, 0x7f1d, 0x7f4b, 0x7f88,
   0x7fb7, 0x8004, 0x7ff3, 0x8031, 0x80da, 0x80e9, 0x806e, 0x808d, 0x8145,
   0x80e9, 0x80da, 0x8126, 0x8136, 0x80f8, 0x80ca, 0x80bb, 0x8108, 0x8136,
   0x808d, 0x7fb6, 0x8003, 0x8003, 0x8003, 0x8003, 0x8022, 0x8012, 0x806e,
   0x807e, 0x8031, 0x7ff3, 0x7fb6, 0x7fe4, 0x7fe4, 0x7fd5, 0x7fa7, 0x7fc5,
   0x7fe4, 0x7fa7, 0x7f97, 0x7f69, 0x7efe, 0x7f79, 0x7fb6, 0x7fc5, 0x7efe,
   0x7edf, 0x7efe, 0x7fe4, 0x80e9, 0x80da, 0x80bb, 0x8117, 0x80ac, 0x806e,
   0x805f, 0x8031, 0x7fd5, 0x7fc5, 0x7ff3, 0x8022, 0x8022, 0x808d, 0x809c,
   0x808d, 0x8022, 0x7fe4, 0x7ff3, 0x8031, 0x806e, 0x7fe4, 0x8040, 0x8022,
   0x8031, 0x7fa7, 0x8012, 0x808d, 0x808d, 0x8050, 0x8031, 0x8003, 0x7ff3,
   0x8012, 0x7ff3, 0x8040, 0x8050, 0x7fc5, 0x7fc5, 0x7f79, 0x7f0d, 0x7f79,
   0x8040, 0x8154, 0x8117, 0x8012, 0x7f2c, 0x7ec1, 0x7f1d, 0x7f4b, 0x7f79,
   0x7f69, 0x7f5a, 0x7fc5, 0x7f88, 0x8003, 0x7f97, 0x7f88, 0x8022, 0x80ac,
   0x8108, 0x80f8, 0x8050, 0x805f, 0x8031, 0x8012, 0x8050, 0x7fb6, 0x7fc5,
   0x8050, 0x805f, 0x8012, 0x8040, 0x8022, 0x807e, 0x80ac, 0x808d, 0x7fb6,
   0x8012, 0x806e, 0x805f, 0x8050, 0x8012, 0x8012, 0x7fc5, 0x7fd5, 0x7f79,
   0x7efe, 0x7b83, 0x7837, 0x776f, 0x7809, 0x79d6, 0x7cd6, 0x7fe4, 0x81fd,
   0x83da, 0x852b, 0x84cf, 0x8426, 0x83f8, 0x838d, 0x836e, 0x82f4, 0x8296,
   0x824a, 0x81c0, 0x80e9, 0x8031, 0x8012, 0x8012, 0x7fe4, 0x8012, 0x809c,
   0x807e, 0x80bb, 0x80bb, 0x807e, 0x8050, 0x807e, 0x806e, 0x7f88, 0x7f4b,
   0x7f4b, 0x7fa7, 0x7fc5, 0x7fa7, 0x8040, 0x8022, 0x7fd5, 0x7ff3, 0x7fe4,
   0x8022, 0x7fc5, 0x7f79, 0x7f3b, 0x7fc5, 0x80bb, 0x806e, 0x807e, 0x805f,
   0x808d, 0x7fd5, 0x7f79, 0x8012, 0x805f, 0x8003, 0x7f97, 0x7fa7, 0x7ed0,
   0x7ed0, 0x7f2c, 0x7f88, 0x7f5a, 0x7fc5, 0x8003, 0x8003, 0x7f79, 0x7f0d,
   0x7efe, 0x7f1d, 0x7f3b, 0x7f2c, 0x7fd5, 0x8012, 0x7fe4, 0x7fb6, 0x8022,
   0x7fa7, 0x8012, 0x805f, 0x80ac, 0x80ac, 0x806e, 0x80ac, 0x809c, 0x808d,
   0x7fe4, 0x8012, 0x7fc5, 0x7f88, 0x7fc5, 0x7fe4, 0x7fb6, 0x7ff3, 0x7fd5,
   0x807e, 0x80da, 0x805f, 0x8040, 0x808d, 0x805f, 0x8050, 0x809c, 0x8031,
   0x807e, 0x807e, 0x8040, 0x8040, 0x8012, 0x7ff3, 0x8012, 0x8050, 0x808d,
   0x8050, 0x7f79, 0x7fb6, 0x7f69, 0x7f69, 0x8003, 0x8012, 0x8050, 0x805f,
   0x8040, 0x7fb6, 0x7edf, 0x7dad, 0x7d51, 0x7d23, 0x7d41, 0x7e46, 0x7f5a,
   0x8003, 0x80bb, 0x8136, 0x8154, 0x8164, 0x80e9, 0x806e, 0x806e, 0x807e,
   0x8050, 0x80ca, 0x8040, 0x7f3b, 0x7f2c, 0x7f0d, 0x7ea2, 0x7f1d, 0x8012,
   0x8031, 0x8050, 0x7ff3, 0x8012, 0x8031, 0x8022, 0x80f8, 0x80f8, 0x80ac,
   0x7ff3, 0x7fc5, 0x7ff3, 0x7fe4, 0x7fe4, 0x8050, 0x7fa7, 0x7f3b, 0x7f88,
   0x8012, 0x8022, 0x807e, 0x808d, 0x809c, 0x8012, 0x8022, 0x8012, 0x80ac,
   0x8182, 0x809c, 0x8031, 0x7fc5, 0x7fb6, 0x7fa7, 0x7f88, 0x8003, 0x8040,
   0x7ff3, 0x809c, 0x805f, 0x807e, 0x805f, 0x8040, 0x8012, 0x8031, 0x7f2c,
   0x7f88, 0x8031, 0x806e, 0x805f, 0x8050, 0x808d, 0x80da, 0x807e, 0x8050,
   0x8040, 0x8012, 0x8031, 0x8012, 0x8022, 0x7ff3, 0x8022, 0x8022, 0x7fc5,
   0x7fe4, 0x7fc5, 0x8003, 0x7fe4, 0x7ec1, 0x7edf, 0x7efe, 0x8050, 0x8003,
   0x7f88, 0x7f97, 0x7f69, 0x8031, 0x808d, 0x80ac, 0x80bb, 0x80f8, 0x808d,
   0x8050, 0x806e, 0x8022, 0x8022, 0x7fc5, 0x7fc5, 0x7fa7, 0x8012, 0x8022,
   0x7fa7, 0x7fb6, 0x8012, 0x8003, 0x7ff3, 0x8022, 0x80ca, 0x80da, 0x8145,
   0x80e9, 0x80ac, 0x8031, 0x80ac, 0x80ac, 0x806e, 0x805f, 0x8031, 0x7fe4,
   0x7ff3, 0x8012, 0x7fd5, 0x7f69, 0x7f0d, 0x7fe4, 0x7fe4, 0x7f79, 0x7f69,
   0x7f88, 0x7f97, 0x8003, 0x8050, 0x7f79, 0x7f3b, 0x7efe, 0x7f3b, 0x7f79,
   0x7f97, 0x7fc5, 0x7ff3, 0x806e, 0x80bb, 0x7fd5, 0x7fc5, 0x7fb6, 0x8050,
   0x8022, 0x8022, 0x806e, 0x8012, 0x8040, 0x8022, 0x7fd5, 0x7ff3, 0x7f5a,
   0x7fe4, 0x8040, 0x8173, 0x80e9, 0x7ff3, 0x8050, 0x8003, 0x8012, 0x8040,
   0x806e, 0x8050, 0x8022, 0x7ff3, 0x805f, 0x808d, 0x80bb, 0x7f97, 0x7f88,
   0x7fd5, 0x8012, 0x809c, 0x809c, 0x8050, 0x8022, 0x8040, 0x8012, 0x807e,
   0x807e, 0x8040, 0x7fe4, 0x7edf, 0x7f97, 0x8040, 0x8050, 0x8012, 0x8040,
   0x80bb, 0x8022, 0x7f2c, 0x7f1d, 0x7f3b, 0x7edf, 0x7f97, 0x8012, 0x8040,
   0x8012, 0x8003, 0x8031, 0x8012, 0x8050, 0x8012, 0x8012, 0x7f88, 0x7f3b,
   0x7f1d, 0x7f97, 0x7fd5, 0x805f, 0x8108, 0x80ac, 0x80bb, 0x80e9, 0x8012,
   0x7f88, 0x7f2c, 0x8012, 0x8022, 0x8031, 0x80ca, 0x8022, 0x7fe4, 0x7fd5,
   0x8012, 0x7fe4, 0x8003, 0x8012, 0x8050, 0x8040, 0x8012, 0x8012, 0x8012,
   0x7fb6, 0x7f79, 0x8012, 0x8040, 0x7f97, 0x807e, 0x806e, 0x7fc5, 0x7fb6,
   0x7f88, 0x8012, 0x806e, 0x807e, 0x8040, 0x8040, 0x7ff3, 0x7ff3, 0x7fb6,
   0x8012, 0x8003, 0x8022, 0x7fd5, 0x8022, 0x807e, 0x805f, 0x808d, 0x80ca,
   0x7fb6, 0x8031, 0x7f3b, 0x7f79, 0x7fa7, 0x7f79, 0x8050, 0x8040, 0x806e,
   0x806e, 0x809c, 0x80ac, 0x80bb, 0x805f, 0x7ff3, 0x8012, 0x7ff3, 0x7ff3,
   0x7f79, 0x7f4b, 0x7f69, 0x8022, 0x8022, 0x7ff3, 0x7fe4, 0x7fa7, 0x7fc5,
   0x8012, 0x807e, 0x80f8, 0x809c, 0x809c, 0x805f, 0x8040, 0x807e, 0x7f88,
   0x7ff3, 0x7f69, 0x7f88, 0x8022, 0x8012, 0x7fc5, 0x7f4b, 0x7f69, 0x7fb6,
   0x7f79, 0x8022, 0x806e, 0x80ca, 0x80e9, 0x80ac, 0x8040, 0x7ff3, 0x8040,
   0x8012, 0x8031, 0x807e, 0x80bb, 0x80ac, 0x808d, 0x80ca, 0x8126, 0x808d,
   0x805f, 0x8012, 0x8003, 0x7ff3, 0x7fc5, 0x8012, 0x8031, 0x8003, 0x8040,
   0x805f, 0x7ff3, 0x8003, 0x7fd5, 0x7fa7, 0x7f5a, 0x7fe4, 0x8031, 0x8012,
   0x7ff3, 0x8012, 0x7f79, 0x7f4b, 0x7f79, 0x7f97, 0x7f69, 0x7fe4, 0x8012,
   0x8003, 0x8022, 0x805f, 0x8050, 0x8040, 0x807e, 0x8031, 0x7f97, 0x7f5a,
   0x7fc5, 0x7f5a, 0x8012, 0x8003, 0x7fd5, 0x7ff3, 0x805f, 0x808d, 0x808d,
   0x805f, 0x7fd5, 0x7fa7, 0x8050, 0x7f79, 0x7fa7, 0x8012, 0x8040, 0x8022,
   0x7fe4, 0x7fa7, 0x7f88, 0x7f1d, 0x7fa7, 0x7fa7, 0x7fa7, 0x8003, 0x7ff3,
   0x8012, 0x8012, 0x7f88, 0x7fd5, 0x7ff3, 0x8022, 0x806e, 0x807e, 0x8040,
   0x7fd5, 0x7fc5, 0x7fc5, 0x7f4b, 0x7f79, 0x7ec1, 0x7ed0, 0x7fc5, 0x8003,
   0x8022, 0x7fb6, 0x7f69, 0x8022, 0x7ff3, 0x8003, 0x7fe4, 0x807e, 0x807e,
   0x805f, 0x806e, 0x80bb, 0x80ac, 0x7f79, 0x7fc5, 0x7f79, 0x8003, 0x809c,
   0x807e, 0x8040, 0x807e, 0x8040, 0x8022, 0x8031, 0x8012, 0x8012, 0x8031,
   0x8022, 0x7fe4, 0x7ff3, 0x7ff3, 0x7fb6, 0x8022, 0x808d, 0x80ac, 0x809c,
   0x805f, 0x8040, 0x7fd5, 0x7ff3, 0x8012, 0x8022, 0x806e, 0x8050, 0x806e,
   0x809c, 0x8050, 0x7ff3, 0x7fc5, 0x7f97, 0x7fc5, 0x8012, 0x7f5a, 0x7f3b,
   0x7e83, 0x7dea, 0x7ddb, 0x7ec1, 0x7f4b, 0x7f88, 0x7fb6, 0x8012, 0x807e,
   0x806e, 0x8040, 0x8012, 0x7fe4, 0x7f69, 0x7f2c, 0x7f1d, 0x7ec1, 0x7f4b,
   0x8003, 0x805f, 0x806e, 0x80ca, 0x8050, 0x8012, 0x7fe4, 0x7f88, 0x7f69,
   0x7f2c, 0x7f4b, 0x7f5a, 0x7f88, 0x806e, 0x806e, 0x8040, 0x80bb, 0x80ac,
   0x805f, 0x808d, 0x80f8, 0x80ac, 0x7fd5, 0x7f0d, 0x7f3b, 0x7f3b, 0x7f5a,
   0x7fe4, 0x7fb6, 0x8022, 0x80ac, 0x808d, 0x809c, 0x80da, 0x807e, 0x7ff3,
   0x8040, 0x7f4b, 0x8003, 0x807e, 0x805f, 0x7ff3, 0x7f97, 0x7f69, 0x7f4b,
   0x7f97, 0x7f5a, 0x7fd5, 0x806e, 0x805f, 0x807e, 0x80ca, 0x80bb, 0x8050,
   0x8040, 0x7f79, 0x7f4b, 0x7f3b, 0x7fb6, 0x7fe4, 0x807e, 0x805f, 0x8022,
   0x8040, 0x7f4b, 0x7edf, 0x7eb1, 0x7f2c, 0x8022, 0x80ac, 0x80ac, 0x80ac,
   0x806e, 0x80ca, 0x807e, 0x8050, 0x806e, 0x809c, 0x8022, 0x8012, 0x7ff3,
   0x8012, 0x7f88, 0x7f97, 0x7f88, 0x7f88, 0x7ff3, 0x7fe4, 0x8003, 0x8031,
   0x8003, 0x8040, 0x8040, 0x7fe4, 0x8050, 0x8040, 0x808d, 0x80bb, 0x8050,
   0x7fa7, 0x8031, 0x805f, 0x806e, 0x80bb, 0x805f, 0x808d, 0x8012, 0x808d,
   0x806e, 0x8050, 0x8003, 0x7ff3, 0x8040, 0x8050, 0x8012, 0x8022, 0x808d,
   0x808d, 0x808d, 0x808d, 0x80bb, 0x806e, 0x808d, 0x805f, 0x8040, 0x808d,
   0x808d, 0x80ca, 0x7ff3, 0x8012, 0x80bb, 0x80bb, 0x80bb, 0x8012, 0x7f97,
   0x7f1d, 0x7e74, 0x7edf, 0x7f97, 0x805f, 0x7ff3, 0x8003, 0x7ff3, 0x7ff3,
   0x8012, 0x8040, 0x807e, 0x80bb, 0x80ac, 0x80e9, 0x807e, 0x7f79, 0x7f5a,
   0x7fd5, 0x8022, 0x7fe4, 0x8022, 0x806e, 0x80f8, 0x80f8, 0x8136, 0x8182,
   0x80f8, 0x8022, 0x8012, 0x8003, 0x7fa7, 0x7f97, 0x7fd5, 0x7ff3, 0x7fc5,
   0x7f79, 0x7f1d, 0x7eef, 0x7ff3, 0x7fb6, 0x7f1d, 0x7f69, 0x7fa7, 0x8031,
   0x7ff3, 0x8012, 0x7fe4, 0x7ff3, 0x8012, 0x7fe4, 0x8003, 0x8012, 0x8040,
   0x8108, 0x80f8, 0x807e, 0x8012, 0x8012, 0x7ff3, 0x7fd5, 0x805f, 0x8022,
   0x808d, 0x806e, 0x807e, 0x8031, 0x808d, 0x80bb, 0x807e, 0x8031, 0x7f79,
   0x7fd5, 0x7fe4, 0x7fb6, 0x7fc5, 0x7f5a, 0x7edf, 0x7e83, 0x7ec1, 0x7f4b,
   0x8040, 0x8040, 0x806e, 0x807e, 0x809c, 0x80ca, 0x808d, 0x80bb, 0x8117,
   0x80da, 0x809c, 0x7ff3, 0x7ff3, 0x805f, 0x807e, 0x805f, 0x806e, 0x7f4b,
   0x7f5a, 0x7ff3, 0x809c, 0x80f8, 0x8136, 0x8040, 0x808d, 0x809c, 0x806e,
   0x7f97, 0x7fa7, 0x7f97, 0x8022, 0x7fd5, 0x7f97, 0x7ed0, 0x7ea2, 0x7f5a,
   0x7f4b, 0x7f97, 0x7f97, 0x8012, 0x8031, 0x8040, 0x7f88, 0x7fb6, 0x7f69,
   0x7fa7, 0x7fe4, 0x7f97, 0x8040, 0x805f, 0x8031, 0x8022, 0x807e, 0x8040,
   0x8031, 0x7ff3, 0x8031, 0x8031, 0x8050, 0x7fa7, 0x7fd5, 0x7fc5, 0x7f4b,
   0x7f88, 0x7f79, 0x7fa7, 0x807e, 0x8022, 0x8003, 0x7fe4, 0x8031, 0x805f,
   0x8012, 0x7f97, 0x7f97, 0x8012, 0x8012, 0x8012, 0x806e, 0x807e, 0x807e,
   0x8040, 0x8050, 0x80ca, 0x80da, 0x806e, 0x80e9, 0x80ac, 0x807e, 0x8031,
   0x7ff3, 0x7fa7, 0x7fd5, 0x7fb6, 0x7fc5, 0x7f69, 0x7f3b, 0x7f0d, 0x7f0d,
   0x7f4b, 0x7ff3, 0x8031, 0x8012, 0x805f, 0x805f, 0x807e, 0x805f, 0x8050,
   0x806e, 0x7fe4, 0x7fa7, 0x7fa7, 0x7fa7, 0x7f79, 0x7f88, 0x7f69, 0x7f79,
   0x7f88, 0x7f97, 0x7fc5, 0x7f97, 0x7f4b, 0x7f88, 0x7f79, 0x7f69, 0x7f69,
   0x7f88, 0x7fa7, 0x7fc5, 0x7f88, 0x7f88, 0x7f97, 0x7ff3, 0x7fe4, 0x8012,
   0x807e, 0x806e, 0x807e, 0x806e, 0x7fe4, 0x805f, 0x8022, 0x8003, 0x7fa7,
   0x7f69, 0x7f1d, 0x7f3b, 0x7fc5, 0x7f88, 0x7f2c, 0x7efe, 0x7f69, 0x7fb6,
   0x805f, 0x805f, 0x8022, 0x8012, 0x8031, 0x808d, 0x8050, 0x8050, 0x8040,
   0x8003, 0x80bb, 0x80ca, 0x80e9, 0x80ca, 0x809c, 0x8012, 0x7fd5, 0x7f88,
   0x7ff3, 0x7fe4, 0x8012, 0x805f, 0x807e, 0x808d, 0x8031, 0x7f69, 0x7f4b,
   0x7f0d, 0x7efe, 0x7f4b, 0x8003, 0x7f79, 0x7f5a, 0x7f2c, 0x7f2c, 0x7f69,
   0x7f88, 0x7f4b, 0x8003, 0x805f, 0x8031, 0x8040, 0x7fa7, 0x7fa7, 0x7f97,
   0x7f5a, 0x7f79, 0x7f97, 0x7f97, 0x8050, 0x805f, 0x7fd5, 0x7fb6, 0x8022,
   0x7fd5, 0x8022, 0x7fa7, 0x7ff3, 0x8012, 0x8031, 0x8022, 0x8050, 0x8050,
   0x8050, 0x805f, 0x806e, 0x80ca, 0x80ac, 0x8012, 0x7f88, 0x8012, 0x8012,
   0x8012, 0x8050, 0x8040, 0x805f, 0x7fc5, 0x8040, 0x805f, 0x8050, 0x8031,
   0x7fb6, 0x7f5a, 0x7fa7, 0x80da, 0x8108, 0x808d, 0x7f5a, 0x7f0d, 0x7eb1,
   0x7f0d, 0x7ff3, 0x8022, 0x805f, 0x807e, 0x8031, 0x80ca, 0x8117, 0x808d,
   0x80ac, 0x8050, 0x7f88, 0x7fc5, 0x7fd5, 0x7fd5, 0x7f79, 0x7f79, 0x7f79,
   0x7f79, 0x7fc5, 0x7fb6, 0x7fb6, 0x8022, 0x8012, 0x8012, 0x805f, 0x8050,
   0x8040, 0x805f, 0x8003, 0x7f79, 0x7f3b, 0x7fb6, 0x8012, 0x809c, 0x8050,
   0x7f69, 0x7eef, 0x7e93, 0x7ec1, 0x7f3b, 0x7fd5, 0x8012, 0x7fe4, 0x7f88,
   0x7f88, 0x8012, 0x7fe4, 0x8031, 0x806e, 0x8022, 0x8050, 0x8050, 0x7fe4,
   0x8022, 0x7f97, 0x7f2c, 0x7f88, 0x8012, 0x7fa7, 0x7ff3, 0x8040, 0x8012,
   0x80bb, 0x80ac, 0x8022, 0x7fe4, 0x7f4b, 0x7f3b, 0x8012, 0x8003, 0x7fe4,
   0x8126, 0x81c0, 0x8182, 0x80e9, 0x806e, 0x7fc5, 0x7fa7, 0x7f88, 0x7f79,
   0x7eb1, 0x7efe, 0x7f5a, 0x7f79, 0x8031, 0x8022, 0x7f88, 0x7f97, 0x8012,
   0x8012, 0x805f, 0x8050, 0x7fa7, 0x7fd5, 0x8022, 0x80ac, 0x809c, 0x8031,
   0x7fe4, 0x8031, 0x8012, 0x8012, 0x8040, 0x806e, 0x8040, 0x8012, 0x8012,
   0x8031, 0x8012, 0x8003, 0x8012, 0x7fc5, 0x8050, 0x8050, 0x805f, 0x8040,
   0x8012, 0x8003, 0x805f, 0x806e, 0x80bb, 0x8040, 0x7fd5, 0x7f88, 0x7f88,
   0x7fe4, 0x809c, 0x80ca, 0x808d, 0x80e9, 0x80ca, 0x8126, 0x8192, 0x8108,
   0x806e, 0x8003, 0x8022, 0x8012, 0x7f2c, 0x7fa7, 0x7f4b, 0x8012, 0x7f97,
   0x7f69, 0x7f88, 0x7fe4, 0x7fb6, 0x8012, 0x809c, 0x80bb, 0x8022, 0x80da,
   0x808d, 0x808d, 0x806e, 0x809c, 0x808d, 0x8108, 0x80ac, 0x7ff3, 0x8022,
   0x8012, 0x808d, 0x8022, 0x809c, 0x8050, 0x805f, 0x809c, 0x806e, 0x7ff3,
   0x7f79, 0x7f79, 0x7f4b, 0x7f88, 0x7f69, 0x7f5a, 0x7f88, 0x7ff3, 0x7ff3,
   0x8031, 0x7fe4, 0x7f5a, 0x7f1d, 0x7f0d, 0x7fc5, 0x7f69, 0x7f5a, 0x7d7f,
   0x79f5, 0x78b1, 0x7837, 0x7979, 0x7c2c, 0x7edf, 0x8192, 0x8350, 0x852b,
   0x84cf, 0x83da, 0x835e, 0x834e, 0x82b5, 0x824a, 0x8173, 0x8136, 0x8182,
   0x8182, 0x8182, 0x8173, 0x8154, 0x8136, 0x8154, 0x8117, 0x80da, 0x80bb,
   0x80da, 0x8108, 0x80ac, 0x80da, 0x80ca, 0x8108, 0x8050, 0x8012, 0x8031,
   0x805f, 0x807e, 0x8040, 0x7fc5, 0x7f4b, 0x7f79, 0x7f88, 0x8012, 0x7fa7,
   0x7f2c, 0x7f79, 0x8003, 0x80da, 0x8031, 0x7ff3, 0x7fc5, 0x8031, 0x7f88,
   0x7fe4, 0x7f97, 0x7fc5, 0x809c, 0x805f, 0x8003, 0x7fb6, 0x7f97, 0x7f2c,
   0x7f69, 0x7f88, 0x7f5a, 0x7fb6, 0x7fe4, 0x8003, 0x7edf, 0x7f1d, 0x7f0d,
   0x7f1d, 0x7f5a, 0x7f88, 0x7f2c, 0x7f5a, 0x7f1d, 0x7f4b, 0x7f4b, 0x7f79,
   0x7f1d, 0x7f69, 0x7f4b, 0x7efe, 0x7f1d, 0x7f5a, 0x7f79, 0x8012, 0x806e,
   0x806e, 0x8022, 0x7fb6, 0x7fb6, 0x7fb6, 0x7f5a, 0x7f69, 0x7ff3, 0x8040,
   0x80bb, 0x809c, 0x809c, 0x80ac, 0x80ca, 0x809c, 0x808d, 0x8022, 0x8050,
   0x8003, 0x7ff3, 0x8022, 0x8050, 0x8012, 0x806e, 0x8040, 0x7fb6, 0x7f79,
   0x7fa7, 0x8003, 0x8040, 0x806e, 0x808d, 0x807e, 0x80e9, 0x80da, 0x80ac,
   0x80ca, 0x8012, 0x8040, 0x8022, 0x7f79, 0x7ec1, 0x7efe, 0x7f69, 0x7fd5,
   0x7fd5, 0x8022, 0x8050, 0x7fb6, 0x7f97, 0x7f5a, 0x7f88, 0x7f97, 0x7ff3,
   0x7fe4, 0x8012, 0x7fd5, 0x7fd5, 0x7f88, 0x7f0d, 0x7f4b, 0x7f69, 0x7fb6,
   0x7f5a, 0x7fb6, 0x7f97, 0x7fc5, 0x7fa7, 0x8012, 0x8040, 0x7f97, 0x7e74,
   0x7e65, 0x7eb1, 0x7ed0, 0x7fe4, 0x80ca, 0x8012, 0x7f1d, 0x7ec1, 0x7f2c,
   0x7f3b, 0x7f97, 0x7f4b, 0x7fd5, 0x7fd5, 0x7fa7, 0x7efe, 0x7ed0, 0x7f69,
   0x7f69, 0x7f69, 0x7f5a, 0x7f2c, 0x7f1d, 0x7f79, 0x8031, 0x809c, 0x805f,
   0x805f, 0x8012, 0x7f88, 0x7f97, 0x7fe4, 0x7fb6, 0x7f0d, 0x7ed0, 0x7efe,
   0x7f79, 0x7ff3, 0x805f, 0x8050, 0x7ff3, 0x7fe4, 0x7f69, 0x7fd5, 0x805f,
   0x808d, 0x806e, 0x805f, 0x7ff3, 0x7eef, 0x7edf, 0x7efe, 0x7f69, 0x7fd5,
   0x8022, 0x80da, 0x80bb, 0x8050, 0x7ff3, 0x8012, 0x7fc5, 0x7f3b, 0x7eb1,
   0x7e55, 0x7e37, 0x7eb1, 0x7f2c, 0x7f4b, 0x7f5a, 0x7f79, 0x7fa7, 0x7f88,
   0x7f1d, 0x7fd5, 0x7fd5, 0x8022, 0x806e, 0x7ff3, 0x8003, 0x7f79, 0x7f88,
   0x7f69, 0x7f79, 0x7f2c, 0x7f2c, 0x7f69, 0x7fe4, 0x7ff3, 0x7f79, 0x7f4b,
   0x7f97, 0x7fa7, 0x7f2c, 0x7fd5, 0x7f97, 0x7f97, 0x8012, 0x8003, 0x7fe4,
   0x7fd5, 0x7f97, 0x7f97, 0x7f3b, 0x8040, 0x7f97, 0x7eef, 0x7e74, 0x7ea2,
   0x7edf, 0x7f3b, 0x7f5a, 0x7f69, 0x7f88, 0x7f79, 0x7fe4, 0x8012, 0x8040,
   0x80da, 0x7ff3, 0x7f1d, 0x7fc5, 0x8012, 0x8040, 0x8040, 0x8022, 0x7f79,
   0x7fa7, 0x7f79, 0x7f0d, 0x7ec1, 0x7fb6, 0x7ff3, 0x8003, 0x7f79, 0x7f2c,
   0x7f97, 0x7ff3, 0x806e, 0x807e, 0x807e, 0x8022, 0x8040, 0x808d, 0x80bb,
   0x80ac, 0x8117, 0x80da, 0x809c, 0x7fe4, 0x7fe4, 0x7fa7, 0x8012, 0x8022,
   0x8012, 0x8040, 0x7f88, 0x7f97, 0x8031, 0x8031, 0x8012, 0x805f, 0x807e,
   0x8012, 0x809c, 0x80e9, 0x80e9, 0x80da, 0x80bb, 0x805f, 0x8022, 0x8022,
   0x8012, 0x806e, 0x7ff3, 0x8003, 0x7fc5, 0x8031, 0x8022, 0x806e, 0x809c,
   0x7f97, 0x7f1d, 0x7f4b, 0x7f1d, 0x7f88, 0x7efe, 0x7f2c, 0x7f5a, 0x7f5a,
   0x7f5a, 0x7f79, 0x8012, 0x7fe4, 0x7f5a, 0x7f2c, 0x7f69, 0x7fe4, 0x7fc5,
   0x7ff3, 0x8022, 0x805f, 0x8050, 0x808d, 0x807e, 0x7fe4, 0x7fc5, 0x7f69,
   0x7ff3, 0x7fe4, 0x7fd5, 0x7f2c, 0x7fc5, 0x8012, 0x7ff3, 0x8012, 0x8012,
   0x7fd5, 0x7fe4, 0x7fe4, 0x8031, 0x805f, 0x80bb, 0x8012, 0x7fc5, 0x7ff3,
   0x8012, 0x7fd5, 0x8022, 0x8012, 0x8050, 0x8022, 0x7fe4, 0x7f4b, 0x7f0d,
   0x7f5a, 0x7f69, 0x8003, 0x8050, 0x805f, 0x80e9, 0x8040, 0x8040, 0x807e,
   0x808d, 0x80ac, 0x80bb, 0x805f, 0x7f97, 0x7f69, 0x7ff3, 0x8040, 0x80f8,
   0x80e9, 0x8031, 0x7fa7, 0x7f1d, 0x7f0d, 0x7f88, 0x7fe4, 0x7fd5, 0x8022,
   0x8031, 0x8040, 0x8040, 0x805f, 0x806e, 0x808d, 0x805f, 0x8040, 0x805f,
   0x8022, 0x7fe4, 0x807e, 0x806e, 0x7fa7, 0x7f69, 0x7f3b, 0x7f88, 0x7fa7,
   0x7fd5, 0x8012, 0x80e9, 0x8117, 0x80ac, 0x805f, 0x8126, 0x81fd, 0x81cf,
   0x80e9, 0x805f, 0x8022, 0x8022, 0x7f79, 0x7f5a, 0x7f5a, 0x7f97, 0x7f2c,
   0x8003, 0x7fe4, 0x8040, 0x8022, 0x7fe4, 0x7f3b, 0x7f2c, 0x7eef, 0x7f0d,
   0x7edf, 0x7ed0, 0x7f69, 0x8050, 0x806e, 0x8012, 0x8012, 0x7f97, 0x7f97,
   0x7fc5, 0x806e, 0x807e, 0x8003, 0x8012, 0x808d, 0x7fd5, 0x8003, 0x7fe4,
   0x7ff3, 0x7f97, 0x8012, 0x7fe4, 0x8022, 0x7f79, 0x7f88, 0x7f79, 0x7fb6,
   0x7f97, 0x7f88, 0x7fb6, 0x7f79, 0x7f4b, 0x7f97, 0x7f88, 0x7fa7, 0x7ff3,
   0x807e, 0x8031, 0x8012, 0x7f4b, 0x7e83, 0x7f5a, 0x8003, 0x8050, 0x807e,
   0x809c, 0x80ca, 0x80ca, 0x80ca, 0x807e, 0x806e, 0x80bb, 0x8031, 0x7fc5,
   0x7f88, 0x7fc5, 0x7f88, 0x8012, 0x8022, 0x8022, 0x8022, 0x7fd5, 0x8012,
   0x808d, 0x805f, 0x806e, 0x8022, 0x8012, 0x8012, 0x80ac, 0x8136, 0x80da,
   0x808d, 0x807e, 0x80f8, 0x807e, 0x80bb, 0x80e9, 0x8164, 0x8145, 0x80f8,
   0x809c, 0x8003, 0x7f88, 0x7f97, 0x7f79, 0x7fe4, 0x807e, 0x80e9, 0x80da,
   0x806e, 0x8031, 0x7fc5, 0x7f69, 0x7fb6, 0x7f79, 0x8022, 0x8040, 0x8012,
   0x7f5a, 0x7f5a, 0x7fa7, 0x806e, 0x80bb, 0x809c, 0x806e, 0x808d, 0x80f8,
   0x807e, 0x7f97, 0x7fb6, 0x8022, 0x8012, 0x8003, 0x7f5a, 0x7fb6, 0x7f79,
   0x7f88, 0x805f, 0x809c, 0x8050, 0x7fb6, 0x7f1d, 0x7f97, 0x7f69, 0x7fb6,
   0x7fb6, 0x7fc5, 0x8003, 0x7fc5, 0x7ff3, 0x7fc5, 0x7f97, 0x7fa7, 0x7fa7,
   0x8040, 0x807e, 0x8012, 0x8003, 0x8040, 0x8031, 0x7f79, 0x7f0d, 0x7f79,
   0x7f97, 0x808d, 0x80ac, 0x8031, 0x8003, 0x8012, 0x8003, 0x805f, 0x7ff3,
   0x7f97, 0x7f88, 0x8012, 0x7ff3, 0x8050, 0x7ff3, 0x7fc5, 0x7f79, 0x7f79,
   0x8012, 0x809c, 0x7fd5, 0x8003, 0x8031, 0x8031, 0x8022, 0x8012, 0x8040,
   0x806e, 0x7ff3, 0x7f79, 0x7f88, 0x7f97, 0x7f69, 0x8050, 0x8040, 0x7fc5,
   0x8050, 0x8012, 0x7f79, 0x7eb1, 0x7ea2, 0x7edf, 0x7f1d, 0x7f3b, 0x7fd5,
   0x80ac, 0x808d, 0x809c, 0x8136, 0x8040, 0x7fe4, 0x7f97, 0x7f3b, 0x7efe,
   0x7f1d, 0x7f97, 0x8031, 0x8012, 0x7f97, 0x7f1d, 0x7eb1, 0x7e93, 0x7f69,
   0x8012, 0x7fb6, 0x7fe4, 0x8022, 0x8012, 0x8003, 0x8031, 0x808d, 0x8031,
   0x8050, 0x807e, 0x806e, 0x808d, 0x80ac, 0x809c, 0x8117, 0x805f, 0x80f8,
   0x8126, 0x807e, 0x7f4b, 0x7edf, 0x7edf, 0x7eef, 0x7fe4, 0x8022, 0x807e,
   0x8031, 0x7f5a, 0x7f3b, 0x7f1d, 0x7f5a, 0x7f5a, 0x7f0d, 0x7ed0, 0x7ed0,
   0x7e65, 0x7eb1, 0x7f3b, 0x7fb6, 0x809c, 0x808d, 0x8040, 0x7f97, 0x7f69,
   0x7f69, 0x7fa7, 0x7f79, 0x7f5a, 0x7f2c, 0x7fc5, 0x8050, 0x80ac, 0x8040,
   0x7fd5, 0x8031, 0x8012, 0x7ff3, 0x8031, 0x807e, 0x8031, 0x8012, 0x805f,
   0x8031, 0x809c, 0x8136, 0x8040, 0x7fe4, 0x8003, 0x7fb6, 0x7f3b, 0x7f2c,
   0x7f69, 0x7f3b, 0x7f88, 0x8003, 0x805f, 0x80ca, 0x80da, 0x80da, 0x80da,
   0x80ca, 0x8108, 0x808d, 0x8022, 0x7fa7, 0x8022, 0x8031, 0x8040, 0x806e,
   0x809c, 0x807e, 0x807e, 0x8031, 0x8031, 0x8031, 0x805f, 0x8012, 0x8012,
   0x808d, 0x809c, 0x8022, 0x7ff3, 0x7fc5, 0x8012, 0x8031, 0x805f, 0x7ff3,
   0x8031, 0x8031, 0x8012, 0x8012, 0x8012, 0x8003, 0x8040, 0x8012, 0x806e,
   0x80ac, 0x80ac, 0x8031, 0x7f88, 0x7fd5, 0x8012, 0x8040, 0x806e, 0x809c,
   0x8022, 0x7fa7, 0x7fa7, 0x806e, 0x808d, 0x8012, 0x8012, 0x7fa7, 0x7fd5,
   0x8022, 0x7f97, 0x7f5a, 0x7edf, 0x7ed0, 0x7f0d, 0x7fa7, 0x7ff3, 0x809c,
   0x80ca, 0x7fb6, 0x7fb6, 0x7f79, 0x7f5a, 0x7f69, 0x7f69, 0x7fb6, 0x8012,
   0x7fc5, 0x8003, 0x808d, 0x8031, 0x7fe4, 0x8050, 0x805f, 0x807e, 0x8012,
   0x7ff3, 0x7fb6, 0x7f79, 0x7f3b, 0x7f88, 0x7fb6, 0x8012, 0x8022, 0x805f,
   0x8050, 0x7ff3, 0x806e, 0x806e, 0x806e, 0x7fb6, 0x7f2c, 0x7f69, 0x7f69,
   0x7f5a, 0x7fb6, 0x8031, 0x8031, 0x805f, 0x805f, 0x8012, 0x7ff3, 0x8012,
   0x8012, 0x805f, 0x8003, 0x8022, 0x7fc5, 0x8003, 0x8050, 0x8050, 0x8040,
   0x80bb, 0x80bb, 0x8012, 0x8050, 0x809c, 0x80ac, 0x8050, 0x807e, 0x807e,
   0x8022, 0x8031, 0x7ff3, 0x809c, 0x808d, 0x80f8, 0x8145, 0x81b0, 0x80f8,
   0x8145, 0x80bb, 0x8022, 0x805f, 0x806e, 0x7fa7, 0x7fd5, 0x7f5a, 0x7fd5,
   0x7fd5, 0x805f, 0x807e, 0x808d, 0x805f, 0x8050, 0x8022, 0x8040, 0x809c,
   0x80f8, 0x8050, 0x8012, 0x808d, 0x807e, 0x80ac, 0x80ac, 0x808d, 0x806e,
   0x809c, 0x80ac, 0x806e, 0x805f, 0x8012, 0x807e, 0x807e, 0x7f79, 0x7f3b,
   0x7f97, 0x7f69, 0x7f97, 0x8040, 0x80e9, 0x807e, 0x8012, 0x8012, 0x8022,
   0x8050, 0x80ac, 0x8040, 0x8003, 0x7fc5, 0x7f79, 0x8031, 0x80ac, 0x80da,
   0x808d, 0x805f, 0x7fd5, 0x7f97, 0x7fc5, 0x8022, 0x7ff3, 0x7ff3, 0x7ff3,
   0x8022, 0x7fd5, 0x7ff3, 0x8003, 0x7fe4, 0x7fc5, 0x8003, 0x806e, 0x80ac,
   0x808d, 0x80ca, 0x807e, 0x809c, 0x8022, 0x7f2c, 0x7e65, 0x7e74, 0x7edf,
   0x7f88, 0x8040, 0x8040, 0x8031, 0x8031, 0x8022, 0x7fc5, 0x805f, 0x8040,
   0x8031, 0x8031, 0x80ac, 0x8022, 0x7fb6, 0x7f5a, 0x7f88, 0x7f5a, 0x8012,
   0x8040, 0x8040, 0x7fe4, 0x7f4b, 0x7fb6, 0x8012, 0x8040, 0x7f4b, 0x7fb6,
   0x7ff3, 0x7fe4, 0x7fe4, 0x7f2c, 0x7f5a, 0x7f3b, 0x8012, 0x807e, 0x807e,
   0x8031, 0x7fc5, 0x7f97, 0x7f88, 0x8003, 0x8003, 0x809c, 0x805f, 0x805f,
   0x8050, 0x8022, 0x7f3b, 0x7efe, 0x7f97, 0x7fd5, 0x8003, 0x8031, 0x8012,
   0x7fb6, 0x7f97, 0x805f, 0x806e, 0x809c, 0x805f, 0x8022, 0x8050, 0x8050,
   0x80ac, 0x808d, 0x807e, 0x8031, 0x8012, 0x8003, 0x7f79, 0x7fc5, 0x7f79,
   0x7f69, 0x808d, 0x808d, 0x808d, 0x809c, 0x80ca, 0x8012, 0x7fa7, 0x8022,
   0x807e, 0x806e, 0x8040, 0x8050, 0x7fe4, 0x80da, 0x80da, 0x80da, 0x80ca,
   0x809c, 0x80f8, 0x80f8, 0x80ac, 0x7f97, 0x7f88, 0x7fe4, 0x80bb, 0x8117,
   0x80e9, 0x80ac, 0x80e9, 0x8108, 0x80ca, 0x7f88, 0x7f3b, 0x7f88, 0x7f88,
   0x7fe4, 0x8050, 0x806e, 0x80da, 0x805f, 0x7fa7, 0x7f69, 0x7ed0, 0x7ea2,
   0x7f5a, 0x7fa7, 0x7f79, 0x7fc5, 0x7f5a, 0x7fa7, 0x7f3b, 0x7eef, 0x7f4b,
   0x7fe4, 0x805f, 0x8031, 0x8003, 0x8040, 0x80da, 0x80ca, 0x807e, 0x7fe4,
   0x8012, 0x807e, 0x808d, 0x80ca, 0x809c, 0x8003, 0x8012, 0x8050, 0x80ac,
   0x80ca, 0x807e, 0x807e, 0x7fa7, 0x7fa7, 0x7fb6, 0x7f97, 0x7f88, 0x7eef,
   0x7ea2, 0x7efe, 0x7f3b, 0x8040, 0x806e, 0x8031, 0x7f97, 0x7fe4, 0x7fd5,
   0x8040, 0x8003, 0x808d, 0x807e, 0x807e, 0x80e9, 0x808d, 0x8022, 0x8012,
   0x805f, 0x808d, 0x7fe4, 0x7f79, 0x7f2c, 0x7f5a, 0x7fb6, 0x7fe4, 0x809c,
   0x8050, 0x80ca, 0x807e, 0x8040, 0x8012, 0x80bb, 0x80ac, 0x8117, 0x808d,
   0x80bb, 0x8050, 0x808d, 0x8031, 0x8003, 0x806e, 0x8003, 0x8003, 0x8012,
   0x7fd5, 0x7ff3, 0x8022, 0x8012, 0x806e, 0x80ac, 0x80e9, 0x8145, 0x8012,
   0x7f79, 0x7f2c, 0x7f79, 0x7fe4, 0x80bb, 0x80da, 0x8136, 0x8108, 0x80bb,
   0x8031, 0x8031, 0x8022, 0x8012, 0x8022, 0x8003, 0x8012, 0x8031, 0x8012,
   0x8003, 0x8040, 0x808d, 0x80da, 0x809c, 0x7fa7, 0x7f4b, 0x7efe, 0x7f88,
   0x7f2c, 0x7fb6, 0x7f97, 0x7fc5, 0x7fb6, 0x8050, 0x8031, 0x809c, 0x809c,
   0x8031, 0x7ff3, 0x7f88, 0x7efe, 0x7f1d, 0x7eef, 0x7f1d, 0x7f1d, 0x7f1d,
   0x7f5a, 0x806e, 0x805f, 0x807e, 0x8012, 0x7fe4, 0x7fa7, 0x7f4b, 0x7fd5,
   0x7fd5, 0x7fa7, 0x7f5a, 0x7eef, 0x7ec1, 0x7f3b, 0x7fa7, 0x7fe4, 0x7ff3,
   0x806e, 0x805f, 0x8022, 0x8050, 0x8031, 0x809c, 0x809c, 0x8022, 0x8040,
   0x8012, 0x8012, 0x8022, 0x7fc5, 0x7fc5, 0x8003, 0x8012, 0x8040, 0x8012,
   0x80bb, 0x806e, 0x805f, 0x808d, 0x806e, 0x8031, 0x7ff3, 0x7f79, 0x7fe4,
   0x8031, 0x805f, 0x807e, 0x807e, 0x8012, 0x8012, 0x7fe4, 0x7fe4, 0x8040,
   0x807e, 0x8050, 0x7ff3, 0x7f79, 0x8003, 0x8022, 0x806e, 0x8040, 0x805f,
   0x7efe, 0x7edf, 0x7fa7, 0x8040, 0x7ff3, 0x807e, 0x80e9, 0x80da, 0x80ca,
   0x806e, 0x80ac, 0x808d, 0x8022, 0x8012, 0x8012, 0x7f79, 0x7f69, 0x7f3b,
   0x7ed0, 0x7f3b, 0x7f79, 0x8040, 0x8050, 0x8022, 0x8022, 0x807e, 0x7f88,
   0x8012, 0x805f, 0x8022, 0x805f, 0x8040, 0x8022, 0x8003, 0x7f88, 0x7f69,
   0x7f69, 0x8012, 0x7fd5, 0x7ff3, 0x808d, 0x80ac, 0x8040, 0x7fe4, 0x7fb6,
   0x7fb6, 0x805f, 0x807e, 0x805f, 0x8022, 0x80ca, 0x809c, 0x80ac, 0x807e,
   0x80da, 0x809c, 0x7f5a, 0x7f69, 0x7f5a, 0x7efe, 0x7f2c, 0x7f3b, 0x7f4b,
   0x7fd5, 0x8040, 0x807e, 0x80f8, 0x809c, 0x8040, 0x8003, 0x8003, 0x8040,
   0x80ac, 0x8040, 0x8031, 0x8031, 0x8003, 0x8050, 0x7fe4, 0x8003, 0x7fc5,
   0x8022, 0x805f, 0x8050, 0x8022, 0x7fc5, 0x7f2c, 0x7f5a, 0x7fa7, 0x7fd5,
   0x806e, 0x806e, 0x808d, 0x8003, 0x7f0d, 0x7f1d, 0x7fe4, 0x8031, 0x7ff3,
   0x8040, 0x7fd5, 0x8003, 0x7f69, 0x7fc5, 0x7ff3, 0x8022, 0x8040, 0x7f97,
   0x8022, 0x8012, 0x7fd5, 0x7fc5, 0x7fb6, 0x7fb6, 0x7f69, 0x7f2c, 0x7f0d,
   0x7f97, 0x7f97, 0x7f5a, 0x7f5a, 0x7f1d, 0x7f0d, 0x7f79, 0x7f97, 0x8012,
   0x806e, 0x80ac, 0x8022, 0x8012, 0x7ff3, 0x7ff3, 0x7ff3, 0x7fa7, 0x7fa7,
   0x7fa7, 0x7f5a, 0x7f79, 0x7fd5, 0x7f4b, 0x7f1d, 0x7f1d, 0x7ed0, 0x7e93,
   0x7ec1, 0x7ed0, 0x7f5a, 0x806e, 0x80e9, 0x80da, 0x80ac, 0x8031, 0x7f3b,
   0x7f2c, 0x7f69, 0x7fe4, 0x8012, 0x8012, 0x8012, 0x8003, 0x7f97, 0x8012,
   0x808d, 0x8050, 0x8003, 0x7f3b, 0x7f88, 0x8012, 0x8012, 0x809c, 0x8031,
   0x7fc5, 0x7f97, 0x7fb6, 0x807e, 0x80ca, 0x8126, 0x80f8, 0x80f8, 0x80e9,
   0x8003, 0x7e93, 0x7e55, 0x7e65, 0x7f1d, 0x8003, 0x8108, 0x8136, 0x8154,
   0x8117, 0x80ca, 0x807e, 0x809c, 0x809c, 0x809c, 0x808d, 0x8003, 0x7ff3,
   0x7fb6, 0x7fa7, 0x7fd5, 0x8040, 0x808d, 0x8031, 0x8022, 0x7fd5, 0x7f2c,
   0x7fa7, 0x8012, 0x8050, 0x807e, 0x8012, 0x7fe4, 0x8022, 0x8012, 0x8040,
   0x805f, 0x809c, 0x809c, 0x806e, 0x8040, 0x807e, 0x7ff3, 0x805f, 0x8012,
   0x7fe4, 0x7f4b, 0x7ec1, 0x7e93, 0x7efe, 0x7f3b, 0x7fc5, 0x807e, 0x808d,
   0x80ac, 0x806e, 0x807e, 0x7ff3, 0x7fb6, 0x7f88, 0x7fe4, 0x7f4b, 0x7fd5,
   0x8012, 0x8022, 0x8003, 0x7fb6, 0x7f97, 0x7fa7, 0x7fe4, 0x8003, 0x7fb6,
   0x8012, 0x7fd5, 0x7fe4, 0x7fb6, 0x7f5a, 0x8003, 0x7f4b, 0x7f3b, 0x8003,
   0x7ff3, 0x8040, 0x8012, 0x7fc5, 0x7fb6, 0x7f5a, 0x7f3b, 0x8012, 0x806e,
   0x8031, 0x8022, 0x8031, 0x7fc5, 0x8022, 0x806e, 0x80da, 0x8050, 0x8050,
   0x8012, 0x7fc5, 0x7f69, 0x7f3b, 0x7f2c, 0x7f3b, 0x7f1d, 0x7ed0, 0x7f69,
   0x7fb6, 0x8050, 0x8050, 0x7fc5, 0x7fc5, 0x7f88, 0x7f69, 0x7f97, 0x7fe4,
   0x8012, 0x8012, 0x7f79, 0x7f4b, 0x7edf, 0x7f69, 0x7fe4, 0x7fc5, 0x8012,
   0x806e, 0x8031, 0x806e, 0x8050, 0x8040, 0x8040, 0x7ff3, 0x8022, 0x8040,
   0x7fe4, 0x8040, 0x8031, 0x8031, 0x8022, 0x7ff3, 0x8012, 0x7fe4, 0x7f97,
   0x8012, 0x8022, 0x8012, 0x8022, 0x8012, 0x7fb6, 0x8012, 0x8012, 0x7fd5,
   0x7fe4, 0x7f97, 0x7e65, 0x7ec1, 0x7ff3, 0x8040, 0x807e, 0x806e, 0x807e,
   0x809c, 0x7fd5, 0x7fe4, 0x7f97, 0x7f97, 0x7f3b, 0x7f69, 0x7fd5, 0x8031,
   0x8050, 0x809c, 0x8022, 0x806e, 0x8040, 0x7f5a, 0x8031, 0x7fb6, 0x8031,
   0x7ff3, 0x8040, 0x7fc5, 0x7f79, 0x7fa7, 0x7fb6, 0x7f1d, 0x7e46, 0x7eef,
   0x7f79, 0x7fd5, 0x7fc5, 0x7fe4, 0x7fe4, 0x8022, 0x7fd5, 0x7fa7, 0x806e,
   0x806e, 0x8012, 0x7ddb, 0x79d5, 0x7855, 0x779d, 0x794b, 0x7c88, 0x7f79,
   0x8145, 0x8322, 0x84a1, 0x850c, 0x838d, 0x82f4, 0x8296, 0x821c, 0x820c,
   0x81de, 0x8154, 0x8154, 0x8164, 0x8126, 0x80da, 0x80ac, 0x80ca, 0x7ff3,
   0x7ff3, 0x808d, 0x808d, 0x805f, 0x807e, 0x808d, 0x8040, 0x8012, 0x8022,
   0x806e, 0x806e, 0x805f, 0x8022, 0x8022, 0x7fa7, 0x7f79, 0x7fd5, 0x7f97,
   0x8012, 0x7fc5, 0x7f88, 0x7f0d, 0x7f4b, 0x7f97, 0x8040, 0x8022, 0x8022,
   0x7fc5, 0x7f69, 0x7f79, 0x8012, 0x8022, 0x8022, 0x7f2c, 0x7f0d, 0x7f79,
   0x7f79, 0x7f1d, 0x7efe, 0x7f69, 0x7fb6, 0x8022, 0x805f, 0x808d, 0x808d,
   0x8040, 0x809c, 0x7fc5, 0x7fe4, 0x7fc5, 0x7f88, 0x7f88, 0x806e, 0x80bb,
   0x807e, 0x7fe4, 0x7f5a, 0x7f1d, 0x7f2c, 0x7f4b, 0x7f4b, 0x7f3b, 0x7f2c,
   0x7f4b, 0x7fc5, 0x7f79, 0x7f5a, 0x7f4b, 0x7f3b, 0x7fa7, 0x7f5a, 0x7f1d,
   0x7efe, 0x7f3b, 0x7f97, 0x7fb6, 0x7fc5, 0x7fb6, 0x7ff3, 0x8022, 0x8050,
   0x8012, 0x7f88, 0x7f5a, 0x7fc5, 0x7f69, 0x7fb6, 0x7fe4, 0x8003, 0x808d,
   0x8108, 0x80da, 0x80e9, 0x8031, 0x8012, 0x80e9, 0x809c, 0x8040, 0x8031,
   0x8003, 0x7ff3, 0x7fc5, 0x8003, 0x805f, 0x80da, 0x808d, 0x80da, 0x80da,
   0x808d, 0x808d, 0x809c, 0x807e, 0x80bb, 0x8012, 0x7fa7, 0x8003, 0x8012,
   0x806e, 0x8108, 0x80e9, 0x8003, 0x8003, 0x7fa7, 0x7f4b, 0x7f3b, 0x7f97,
   0x7fe4, 0x8050, 0x808d, 0x809c, 0x808d, 0x80e9, 0x80da, 0x80ca, 0x809c,
   0x80f8, 0x80ac, 0x8022, 0x7f4b, 0x7fc5, 0x7ff3, 0x8031, 0x8003, 0x7ff3,
   0x8031, 0x8050, 0x8012, 0x8003, 0x7ff3, 0x7fb6, 0x7fa7, 0x7ff3, 0x7fd5,
   0x7fc5, 0x7f88, 0x7fc5, 0x8022, 0x8031, 0x805f, 0x8040, 0x8003, 0x7f5a,
   0x7e93, 0x7eef, 0x7efe, 0x7eef, 0x8012, 0x805f, 0x806e, 0x806e, 0x8031,
   0x8031, 0x8012, 0x8012, 0x8031, 0x8050, 0x808d, 0x80e9, 0x80f8, 0x80da,
   0x808d, 0x806e, 0x8031, 0x7fe4, 0x7fe4, 0x80da, 0x80bb, 0x80ca, 0x80e9,
   0x8040, 0x8012, 0x7efe, 0x7e93, 0x7e93, 0x7e46, 0x7e37, 0x7f2c, 0x7f4b,
   0x8012, 0x8108, 0x80f8, 0x805f, 0x8003, 0x808d, 0x807e, 0x8050, 0x809c,
   0x80da, 0x8108, 0x809c, 0x80da, 0x8040, 0x8012, 0x8003, 0x7f88, 0x7f3b,
   0x7fd5, 0x808d, 0x8012, 0x8022, 0x805f, 0x8040, 0x8040, 0x8050, 0x8050,
   0x8050, 0x8031, 0x8003, 0x8012, 0x8012, 0x8031, 0x805f, 0x8040, 0x8022,
   0x80ac, 0x8050, 0x8022, 0x8040, 0x8022, 0x7f97, 0x7efe, 0x7f1d, 0x7f4b,
   0x7f3b, 0x7f3b, 0x8022, 0x8012, 0x7ff3, 0x7ff3, 0x7fc5, 0x8012, 0x7fc5,
   0x7efe, 0x7eef, 0x7fe4, 0x7ff3, 0x7fc5, 0x7f4b, 0x7f69, 0x7fd5, 0x8003,
   0x7ff3, 0x8003, 0x8012, 0x8012, 0x7fc5, 0x7fa7, 0x7f2c, 0x7edf, 0x7f3b,
   0x8003, 0x8050, 0x808d, 0x8050, 0x8022, 0x8012, 0x8031, 0x8003, 0x7fe4,
   0x7fd5, 0x8003, 0x8012, 0x80ac, 0x808d, 0x806e, 0x80bb, 0x8154, 0x80da,
   0x80da, 0x80da, 0x80da, 0x808d, 0x8040, 0x7f69, 0x7f4b, 0x7f88, 0x8022,
   0x8012, 0x809c, 0x805f, 0x806e, 0x8040, 0x806e, 0x8022, 0x7f79, 0x8003,
   0x8022, 0x8003, 0x7ff3, 0x8012, 0x7fc5, 0x7f79, 0x7f3b, 0x7f1d, 0x7ed0,
   0x7f0d, 0x7f3b, 0x7f88, 0x8022, 0x8022, 0x8050, 0x8022, 0x7f5a, 0x7fc5,
   0x8012, 0x7f88, 0x7f79, 0x7f69, 0x7f88, 0x8012, 0x7ff3, 0x7fc5, 0x7fd5,
   0x7fc5, 0x7fe4, 0x8050, 0x8040, 0x7fe4, 0x7fc5, 0x7f97, 0x7f2c, 0x7f2c,
   0x7f79, 0x7fb6, 0x7fe4, 0x8012, 0x806e, 0x806e, 0x80e9, 0x808d, 0x80bb,
   0x80ac, 0x8050, 0x7fe4, 0x7fc5, 0x8031, 0x805f, 0x8012, 0x8031, 0x808d,
   0x7fd5, 0x7fc5, 0x8022, 0x7ff3, 0x7fd5, 0x7f97, 0x7f97, 0x7f97, 0x7f1d,
   0x7fb6, 0x7f5a, 0x7fa7, 0x7fc5, 0x8050, 0x8012, 0x7fb6, 0x7f0d, 0x7eb1,
   0x7f88, 0x7edf, 0x8012, 0x808d, 0x80da, 0x806e, 0x7fb6, 0x7f79, 0x7f69,
   0x7f79, 0x7fc5, 0x8003, 0x8012, 0x8040, 0x8040, 0x7fc5, 0x7f3b, 0x7fb6,
   0x7fe4, 0x8012, 0x8031, 0x8031, 0x8003, 0x8050, 0x809c, 0x805f, 0x8040,
   0x8012, 0x7f88, 0x7fe4, 0x7fe4, 0x806e, 0x808d, 0x8050, 0x8040, 0x7ff3,
   0x8012, 0x8012, 0x8040, 0x80ac, 0x80ac, 0x807e, 0x8050, 0x807e, 0x805f,
   0x80bb, 0x809c, 0x809c, 0x806e, 0x8050, 0x8022, 0x8040, 0x7f88, 0x7f97,
   0x7f5a, 0x7f3b, 0x7eef, 0x7eb1, 0x7f3b, 0x7fa7, 0x7fb6, 0x8022, 0x7ff3,
   0x8031, 0x8050, 0x8031, 0x7fd5, 0x8012, 0x7f59, 0x7f59, 0x8012, 0x80cb,
   0x806e, 0x8012, 0x7f3b, 0x7efe, 0x7ed0, 0x7e93, 0x7f0d, 0x7fb6, 0x7ff3,
   0x8022, 0x805f, 0x8003, 0x8040, 0x7fe4, 0x805f, 0x8022, 0x8012, 0x8050,
   0x8031, 0x7ff3, 0x7fd5, 0x7fb6, 0x7fc5, 0x8012, 0x8117, 0x80bb, 0x8126,
   0x809c, 0x80bb, 0x807e, 0x808d, 0x7ff3, 0x8003, 0x7fe4, 0x8003, 0x7fa7,
   0x7fb6, 0x7ff3, 0x8012, 0x8022, 0x7fb6, 0x7fb6, 0x8012, 0x809c, 0x80e9,
   0x80ca, 0x8031, 0x7fe4, 0x8003, 0x7f97, 0x7f79, 0x7f5a, 0x7f5a, 0x7fc5,
   0x7f79, 0x7f88, 0x7fd5, 0x8012, 0x7ff3, 0x7f69, 0x7f79, 0x8012, 0x7f97,
   0x8031, 0x8031, 0x805f, 0x8050, 0x7ff3, 0x7fa7, 0x7f5a, 0x7f5a, 0x7fa7,
   0x7fb6, 0x7fa7, 0x7fb6, 0x7f69, 0x7f3b, 0x7e74, 0x7eef, 0x7eef, 0x7f3b,
   0x7edf, 0x7f2c, 0x7f4b, 0x7f4b, 0x7fd5, 0x805f, 0x80bb, 0x8050, 0x8012,
   0x8050, 0x806e, 0x80e9, 0x805f, 0x8022, 0x8022, 0x8050, 0x8012, 0x8050,
   0x8040, 0x7f5a, 0x7f97, 0x8022, 0x8031, 0x7f4b, 0x7f4b, 0x7efe, 0x7f3b,
   0x7ff3, 0x8012, 0x806e, 0x80ac, 0x8117, 0x8108, 0x8040, 0x7f69, 0x7f0d,
   0x7f4b, 0x7f97, 0x7fd5, 0x7efe, 0x7e55, 0x7e46, 0x7f2c, 0x7fb6, 0x7f97,
   0x7ff3, 0x7fd5, 0x7f79, 0x7edf, 0x7f0d, 0x7f3b, 0x7fd5, 0x7fc5, 0x7e93,
   0x7a60, 0x77bc, 0x7760, 0x77db, 0x7a8e, 0x7e46, 0x809c, 0x8259, 0x8473,
   0x8578, 0x84cf, 0x8436, 0x83e9, 0x839c, 0x8302, 0x81c0, 0x80f8, 0x8126,
   0x80e9, 0x809c, 0x808d, 0x7f69, 0x7fb6, 0x806e, 0x807e, 0x809c, 0x807e,
   0x805f, 0x80bb, 0x80e9, 0x809c, 0x8012, 0x7fa7, 0x8022, 0x8031, 0x7fa7,
   0x8012, 0x7fb6, 0x7fd5, 0x807e, 0x8031, 0x7fe4, 0x805f, 0x80ac, 0x8003,
   0x7ff3, 0x7ff3, 0x7ff3, 0x8031, 0x808d, 0x7fa7, 0x7f3b, 0x7f4b, 0x7f3b,
   0x8003, 0x7fc5, 0x7fd5, 0x8040, 0x7fd5, 0x7f88, 0x7f79, 0x8040, 0x8040,
   0x7ff3, 0x7fb6, 0x8022, 0x8040, 0x808d, 0x806e, 0x809c, 0x808d, 0x8050,
   0x807e, 0x80ac, 0x7fe4, 0x7f5a, 0x7f1d, 0x7f1d, 0x7f2c, 0x7fa7, 0x8022,
   0x8031, 0x80e9, 0x8182, 0x8182, 0x8136, 0x808d, 0x7fb6, 0x7f88, 0x7ff3,
   0x7f3b, 0x7f88, 0x7fa7, 0x7ff3, 0x8050, 0x8012, 0x7fc5, 0x7f97, 0x8003,
   0x809c, 0x7ff3, 0x7f79, 0x7f79, 0x7fb6, 0x7f69, 0x8040, 0x8022, 0x8003,
   0x8040, 0x7f97, 0x7fd5, 0x7f79, 0x7f5a, 0x7f97, 0x7f97, 0x7f88, 0x7f0d,
   0x7f3b, 0x7fb6, 0x7fb6, 0x7ff3, 0x8022, 0x8003, 0x7fe4, 0x7fa7, 0x7fc5,
   0x7fb6, 0x807e, 0x8040, 0x805f, 0x8050, 0x8031, 0x805f, 0x805f, 0x8040,
   0x8012, 0x7fd5, 0x7fb6, 0x7f0d, 0x7f79, 0x7f4b, 0x7eef, 0x7f69, 0x8022,
   0x8022, 0x7ff3, 0x8040, 0x8012, 0x8022, 0x8012, 0x7fd5, 0x7f1d, 0x7ed0,
   0x7f3b, 0x7fc5, 0x809c, 0x80e9, 0x80da, 0x8022, 0x7f5a, 0x7edf, 0x7ed0,
   0x7f2c, 0x7f5a, 0x7f1d, 0x7efe, 0x7e65, 0x7edf, 0x7f2c, 0x7f5a, 0x7f1d,
   0x7f69, 0x7fc5, 0x80ac, 0x80da, 0x80ac, 0x8108, 0x80da, 0x808d, 0x80e9,
   0x809c, 0x8003, 0x7fb6, 0x8022, 0x8031, 0x807e, 0x80ca, 0x80da, 0x8012,
   0x7fd5, 0x7f5a, 0x7f5a, 0x7f4b, 0x7fc5, 0x805f, 0x8040, 0x7ff3, 0x8022,
   0x8031, 0x806e, 0x8003, 0x7fc5, 0x805f, 0x807e, 0x806e, 0x7fd5, 0x7f2c,
   0x7eb1, 0x7fe4, 0x809c, 0x8126, 0x8164, 0x80f8, 0x8173, 0x81b0, 0x8108,
   0x80bb, 0x7fa7, 0x7f3b, 0x7f1d, 0x808d, 0x80da, 0x8022, 0x8003, 0x7fd5,
   0x8031, 0x8022, 0x7f97, 0x7eef, 0x7ec1, 0x7ed0, 0x7f2c, 0x7fb6, 0x7fb6,
   0x7f79, 0x7f97, 0x8003, 0x7fb6, 0x8031, 0x8031, 0x8031, 0x7f97, 0x7f79,
   0x7f2c, 0x8003, 0x807e, 0x80ac, 0x7fa7, 0x7f69, 0x7f2c, 0x7f88, 0x8012,
   0x8031, 0x806e, 0x8003, 0x7fc7, 0x7f97, 0x7f97, 0x7fa7, 0x7fc5, 0x7f79,
   0x7fd5, 0x7ff3, 0x8012, 0x8012, 0x8040, 0x809c, 0x80ca, 0x8126, 0x8117,
   0x8031, 0x8022, 0x7f97, 0x7f97, 0x7f79, 0x7f69, 0x7fc5, 0x7fe4, 0x8012,
   0x8040, 0x805f, 0x8050, 0x807e, 0x805f, 0x806e, 0x7ff3, 0x8003, 0x8022,
   0x80ac, 0x8108, 0x80ca, 0x80e9, 0x8003, 0x7ec1, 0x7d8e, 0x7e27, 0x7eef,
   0x7f4b, 0x7f3b, 0x7fd5, 0x7fb6, 0x8022, 0x8022, 0x805f, 0x8117, 0x81c0,
   0x81cf, 0x80f8, 0x8050, 0x8031, 0x8040, 0x7fe4, 0x7fe4, 0x805f, 0x8040,
   0x8003, 0x7fa7, 0x8040, 0x8012, 0x8012, 0x7ff3, 0x8031, 0x80ac, 0x80f8,
   0x809c, 0x7f97, 0x7edf, 0x7f79, 0x8022, 0x8012, 0x8022, 0x8022, 0x80ca,
   0x806e, 0x806e, 0x8022, 0x7fc5, 0x8012, 0x8040, 0x8050, 0x8022, 0x8012,
   0x807e, 0x8012, 0x8003, 0x7f79, 0x7f2c, 0x7f4b, 0x7f79, 0x7f4b, 0x7f2c,
   0x7f2c, 0x7f3b, 0x7f3b, 0x7f4b, 0x7f3b, 0x7efe, 0x7f5a, 0x7f2c, 0x7f4b,
   0x7edf, 0x7ed0, 0x7edf, 0x7eef, 0x7f3b, 0x7fd5, 0x7fe4, 0x8003, 0x806e,
   0x8003, 0x7f97, 0x7eef, 0x7f1d, 0x8003, 0x8050, 0x805f, 0x80ac, 0x8040,
   0x8012, 0x8031, 0x805f, 0x808d, 0x80ac, 0x80bb, 0x80ac, 0x8012, 0x7f69,
   0x7f2c, 0x7f88, 0x8040, 0x7fc5, 0x7f97, 0x7fc5, 0x7ff3, 0x8031, 0x807e,
   0x80ac, 0x80bb, 0x808d, 0x807e, 0x805f, 0x7fc5, 0x7fc5, 0x7fb6, 0x8012,
   0x8003, 0x7fa7, 0x7f2c, 0x7f5a, 0x8012, 0x809c, 0x80bb, 0x8022, 0x8003,
   0x8022, 0x8040, 0x8022, 0x8031, 0x80da, 0x8050, 0x8040, 0x8050, 0x8050,
   0x8050, 0x8012, 0x8031, 0x805f, 0x8003, 0x8031, 0x8031, 0x8031, 0x8050,
   0x808d, 0x8117, 0x80f8, 0x806e, 0x7f79, 0x7f2c, 0x7efe, 0x7f3b, 0x7f3b,
   0x7f2c, 0x7f88, 0x809c, 0x8108, 0x80e9, 0x80ac, 0x809c, 0x807e, 0x7ff3,
   0x7edf, 0x7f0d, 0x7efe, 0x7fd5, 0x8012, 0x8003, 0x8012, 0x8003, 0x806e,
   0x8050, 0x80ac, 0x80f8, 0x8050, 0x7fe4, 0x7f1d, 0x7e93, 0x7e55, 0x7e83,
   0x7f2c, 0x7f4b, 0x8003, 0x8040, 0x808d, 0x809c, 0x8031, 0x7ff3, 0x8003,
   0x8012, 0x7fa7, 0x7fe4, 0x7ff3, 0x809c, 0x80e9, 0x7fb6, 0x7fd5, 0x7fe4,
   0x807e, 0x805f, 0x809c, 0x8003, 0x8012, 0x7fd5, 0x7fb6, 0x807e, 0x805f,
   0x8050, 0x7fa7, 0x7fe4, 0x7fd5, 0x8050, 0x807e, 0x8031, 0x8050, 0x806e,
   0x808d, 0x806e, 0x8022, 0x8031, 0x8022, 0x8040, 0x806e, 0x8031, 0x8040,
   0x8003, 0x7f69, 0x7f97, 0x7fc5, 0x7f88, 0x7f79, 0x7f2c, 0x7eef, 0x7f0d,
   0x7f1d, 0x7edf, 0x7f0d, 0x7f2c, 0x7f97, 0x7fd5, 0x7f5a, 0x8003, 0x7fc5,
   0x7f79, 0x7ff3, 0x7f5a, 0x7f0d, 0x7e93, 0x7efe, 0x7f2c, 0x7f0d, 0x7f97,
   0x8012, 0x809c, 0x809c, 0x807e, 0x805f, 0x809c, 0x805f, 0x8040, 0x806e,
   0x80ca, 0x8040, 0x8022, 0x7fc5, 0x8012, 0x8031, 0x8031, 0x8022, 0x8012,
   0x7fe4, 0x7fe4, 0x8022, 0x7fa7, 0x7fa7, 0x7fe4, 0x8040, 0x7fb6, 0x7f88,
   0x7fc5, 0x807e, 0x809c, 0x80ac, 0x807e, 0x8031, 0x7fa7, 0x7f5a, 0x7f69,
   0x7fb6, 0x806e, 0x8022, 0x805f, 0x8012, 0x8031, 0x8040, 0x7fd5, 0x7f97,
   0x8012, 0x7fa7, 0x7fa7, 0x7f97, 0x8012, 0x7f97, 0x7f79, 0x7f2c, 0x7f79,
   0x7f2c, 0x7f4b, 0x7fc5, 0x8050, 0x80bb, 0x8012, 0x7ff3, 0x807e, 0x8012,
   0x8022, 0x80bb, 0x8117, 0x808d, 0x805f, 0x7ff3, 0x7f79, 0x7f3b, 0x7f88,
   0x805f, 0x8012, 0x8040, 0x806e, 0x807e, 0x8031, 0x8022, 0x8050, 0x805f,
   0x8050, 0x80ca, 0x809c, 0x8012, 0x8031, 0x8012, 0x7ff3, 0x7f5a, 0x7eb1,
   0x7f3b, 0x7fc5, 0x7fa7, 0x8012, 0x80bb, 0x80e9, 0x8145, 0x807e, 0x7fb6,
   0x809c, 0x8022, 0x80e9, 0x80e9, 0x8040, 0x806e, 0x7fd5, 0x7fe4, 0x8012,
   0x8040, 0x7ff3, 0x7fc5, 0x7fc5, 0x8012, 0x806e, 0x80ca, 0x8108, 0x80ca,
   0x805f, 0x8012, 0x8003, 0x7fb6, 0x7f79, 0x8003, 0x8040, 0x8040, 0x8040,
   0x7fd5, 0x8012, 0x7fc5, 0x7f97, 0x7fa7, 0x807e, 0x8012, 0x8022, 0x8022,
   0x8031, 0x7fd5, 0x7fc5, 0x7f88, 0x7f88, 0x7f69, 0x7f5a, 0x7f88, 0x7fd5,
   0x7fc5, 0x8012, 0x8022, 0x8031, 0x8012, 0x8012, 0x806e, 0x8022, 0x805f,
   0x806e, 0x8022, 0x8040, 0x8012, 0x7f97, 0x7f4b, 0x7f5a, 0x7f1d, 0x7f69,
   0x7fd5, 0x8003, 0x8040, 0x8031, 0x7fa7, 0x7f88, 0x7f69, 0x7f88, 0x7f88,
   0x7fe4, 0x8040, 0x8050, 0x809c, 0x807e, 0x806e, 0x8031, 0x8012, 0x7f2c,
   0x7edf, 0x7edf, 0x7f69, 0x7fb6, 0x7f79, 0x7f4b, 0x8031, 0x807e, 0x8012,
   0x7fd5, 0x8022, 0x7f4b, 0x7f2c, 0x7eef, 0x7edf, 0x7f69, 0x7f79, 0x7fa7,
   0x7f88, 0x7f97, 0x8040, 0x80ac, 0x8050, 0x8022, 0x8040, 0x7f2c, 0x7eef,
   0x7f2c, 0x7fa7, 0x7ff3, 0x8031, 0x7fb6, 0x7fe4, 0x7f97, 0x7fc5, 0x7fe4,
   0x805f, 0x80ca, 0x806e, 0x7fc5, 0x7f3b, 0x7edf, 0x7f0d, 0x7fc5, 0x8031,
   0x8040, 0x805f, 0x805f, 0x8003, 0x8012, 0x7f69, 0x7f97, 0x7f88, 0x7f79,
   0x7ff3, 0x7f79, 0x7ed0, 0x7f0d, 0x7f69, 0x7fe4, 0x7fe4, 0x7ff3, 0x7fb6,
   0x809c, 0x8126, 0x80da, 0x808d, 0x8003, 0x8040, 0x7fd5, 0x7f97, 0x7f5a,
   0x7f2c, 0x7ec1, 0x7f1d, 0x7f4b, 0x7f2c, 0x7f5a, 0x7fb6, 0x7f79, 0x7fa7,
   0x7f88, 0x7f97, 0x7fd5, 0x7f97, 0x7fe4, 0x8012, 0x7fc5, 0x7fc5, 0x7f5a,
   0x7f5a, 0x7ed0, 0x7f1d, 0x8012, 0x805f, 0x80ac, 0x8012, 0x8012, 0x7f79,
   0x7f5a, 0x8012, 0x805f, 0x809c, 0x8022, 0x7fe4, 0x8012, 0x7f97, 0x7fe4,
   0x806e, 0x8012, 0x8012, 0x8012, 0x8012, 0x8012, 0x7f88, 0x7fe4, 0x7f4b,
   0x7fc5, 0x806e, 0x7ff3, 0x7fe4, 0x7f1d, 0x7f0d, 0x7f2c, 0x7fe4, 0x7f88,
   0x7fc5, 0x8003, 0x8012, 0x8050, 0x7fc5, 0x7fa7, 0x7fa7, 0x7f97, 0x7f79,
   0x7f69, 0x7fc5, 0x8040, 0x8022, 0x8040, 0x7ff3, 0x8040, 0x8050, 0x8022,
   0x8012, 0x7edf, 0x7f0d, 0x7f69, 0x7f97, 0x7f5a, 0x7fa7, 0x8012, 0x7fb6,
   0x7f79, 0x7f79, 0x7f5a, 0x7f5a, 0x7f69, 0x806e, 0x80ca, 0x80bb, 0x8022,
   0x8022, 0x806e, 0x80bb, 0x8012, 0x8040, 0x8012, 0x8050, 0x8012, 0x8040,
   0x7f69, 0x8003, 0x8012, 0x8003, 0x7fe4, 0x7ff3, 0x8003, 0x8003, 0x7fe4,
   0x7fa7, 0x7f4b, 0x7f4b, 0x7f69, 0x7f3b, 0x7fc5, 0x8012, 0x805f, 0x80da,
   0x80ac, 0x809c, 0x808d, 0x8022, 0x8012, 0x8012, 0x8050, 0x805f, 0x8012,
   0x805f, 0x80ca, 0x8012, 0x7f88, 0x7f2c, 0x7f79, 0x7f2c, 0x7f5a, 0x806e,
   0x809c, 0x80ac, 0x808d, 0x805f, 0x807e, 0x80bb, 0x80f8, 0x8126, 0x8154,
   0x80da, 0x807e, 0x7fa7, 0x8012, 0x7fd5, 0x7fe4, 0x7ff3, 0x7fb6, 0x7fe4,
   0x7fd5, 0x7ff3, 0x8012, 0x8012, 0x805f, 0x806e, 0x7f79, 0x7fa7, 0x7ff3,
   0x7fe4, 0x7f2c, 0x7f79, 0x7f97, 0x7fe4, 0x8012, 0x7fc5, 0x7fe4, 0x7ff3,
   0x8022, 0x8012, 0x7f88, 0x7fe4, 0x7fb6, 0x7e18, 0x7e83, 0x7efe, 0x7f79,
   0x7fd5, 0x805f, 0x807e, 0x808d, 0x7ff3, 0x8022, 0x807e, 0x80ca, 0x8040,
   0x8050, 0x8031, 0x7fb6, 0x7fb6, 0x7f88, 0x8012, 0x807e, 0x8012, 0x805f,
   0x7fd5, 0x7f97, 0x7fe4, 0x8040, 0x807e, 0x8031, 0x8012, 0x7f3b, 0x8012,
   0x8031, 0x8050, 0x805f, 0x80ac, 0x807e, 0x807e, 0x7fe4, 0x7f2c, 0x7f0d,
   0x808d, 0x7ff3, 0x7f4b, 0x7f97, 0x7fe4, 0x8022, 0x8022, 0x7fb6, 0x7f4b,
   0x7f1d, 0x7f5a, 0x7f97, 0x7fd5, 0x8040, 0x80bb, 0x8108, 0x8136, 0x80f8,
   0x8012, 0x7fd5, 0x8022, 0x7fe4, 0x7fc5, 0x8040, 0x8003, 0x8003, 0x7fc5,
   0x8022, 0x8003, 0x7f97, 0x8003, 0x8003, 0x7fc5, 0x8022, 0x8031, 0x8012,
   0x8040, 0x8040, 0x7ff3, 0x807e, 0x8022, 0x8040, 0x8003, 0x7fe4, 0x7fb6,
   0x7fd5, 0x805f, 0x808d, 0x809c, 0x8031, 0x8031, 0x7f69, 0x7f4b, 0x7f5a,
   0x7fa7, 0x8031, 0x807e, 0x80bb, 0x806e, 0x8031, 0x805f, 0x809c, 0x80bb,
   0x8108, 0x80ca, 0x808d, 0x80ca, 0x807e, 0x806e, 0x806e, 0x8012, 0x7fa7,
   0x7fa7, 0x7fc5, 0x7f79, 0x7fc5, 0x806e, 0x809c, 0x8012, 0x7f97, 0x7ff3,
   0x7ff3, 0x7ff3, 0x8003, 0x7fe4, 0x7fe4, 0x7ff3, 0x8040, 0x8012, 0x805f,
   0x807e, 0x809c, 0x8050, 0x8003, 0x7ff3, 0x806e, 0x80ac, 0x80e9, 0x8136,
   0x807e, 0x8040, 0x8003, 0x7fe4, 0x8003, 0x7fb6, 0x7f97, 0x7f2c, 0x7fb6,
   0x8012, 0x805f, 0x8040, 0x8012, 0x7fe4, 0x7fa7, 0x7f88, 0x7f97, 0x7f4b,
   0x7f88, 0x8003, 0x7fb6, 0x7fa7, 0x7ff3, 0x8003, 0x7ff3, 0x7ff3, 0x8022,
   0x8012, 0x7fc5, 0x7f3b, 0x7efe, 0x7eef, 0x7eef, 0x7f2c, 0x7f0d, 0x7f1d,
   0x7fa7, 0x7fe4, 0x7ff3, 0x7ff3, 0x7ff3, 0x7f97, 0x7fa7, 0x8012, 0x805f,
   0x805f, 0x809c, 0x8012, 0x8012, 0x7fd5, 0x8012, 0x8031, 0x805f, 0x808d,
   0x807e, 0x8040, 0x7f69, 0x7f69, 0x7fd5, 0x8003, 0x8050, 0x8031, 0x8022,
   0x807e, 0x7f79, 0x7f2c, 0x7f79, 0x7fd5, 0x8022, 0x8012, 0x7f5a, 0x7fd5,
   0x7f97, 0x7ff3, 0x8040, 0x8050, 0x809c, 0x805f, 0x809c, 0x8126, 0x80e9,
   0x8031, 0x7f5a, 0x8022, 0x805f, 0x805f, 0x7fd5, 0x7fe4, 0x8012, 0x7fc5,
   0x7fe4, 0x7fc5, 0x7fa7, 0x7f79, 0x7efe, 0x7fa7, 0x7f79, 0x7fd5, 0x7fc5,
   0x7f88, 0x7f88, 0x8003, 0x8031, 0x805f, 0x805f, 0x80ca, 0x80ac, 0x805f,
   0x7f5a, 0x7ed0, 0x7f5a, 0x7ff3, 0x8012, 0x807e, 0x809c, 0x809c, 0x80ca,
   0x807e, 0x7f69, 0x7f69, 0x7f4b, 0x7f5a, 0x7edf, 0x7f2c, 0x7f4b, 0x7f79,
   0x7fe4, 0x7fb6, 0x7fa7, 0x7f97, 0x7f79, 0x7ff3, 0x7fe4, 0x7fd5, 0x7f69,
   0x7f1d, 0x7ed0, 0x7eef, 0x7f79, 0x7ff3, 0x7fc5, 0x8003, 0x8003, 0x806e,
   0x80bb, 0x805f, 0x806e, 0x8012, 0x7f88, 0x7f79, 0x7f97, 0x7fe4, 0x808d,
   0x8040, 0x80ca, 0x809c, 0x80bb, 0x807e, 0x8003, 0x7f4b, 0x7edf, 0x7f1d,
   0x7f5a, 0x7f88, 0x7fe4, 0x8022, 0x808d, 0x7ff3, 0x7ed0, 0x7ea2, 0x7f79,
   0x7fa7, 0x7f4b, 0x7fa7, 0x7f79, 0x7f88, 0x7fe4, 0x7f97, 0x7fd5, 0x7f79,
   0x7f97, 0x7fa7, 0x8022, 0x8003, 0x8012, 0x8003, 0x7fb6, 0x8012, 0x7f79,
   0x7f97, 0x7fd5, 0x8003, 0x8040, 0x8031, 0x7ff3, 0x7fb6, 0x8040, 0x7fc5,
   0x7f5a, 0x7f79, 0x7ff3, 0x8003, 0x7fe4, 0x808d, 0x8031, 0x806e, 0x808d,
   0x808d, 0x805f, 0x8012, 0x7ff3, 0x7f88, 0x7f97, 0x7fd5, 0x7ff3, 0x7fe4,
   0x8022, 0x7fe4, 0x7fe4, 0x806e, 0x7ff3, 0x7fb6, 0x8012, 0x8012, 0x8050,
   0x7fb6, 0x7f69, 0x7f2c, 0x7f97, 0x7fd5, 0x7fc5, 0x8012, 0x808d, 0x7ff3,
   0x8012, 0x8031, 0x807e, 0x7fa7, 0x8050, 0x7f97, 0x7f1d, 0x7f0d, 0x7f2c,
   0x7f2c, 0x7f2c, 0x7f69, 0x7f88, 0x7ff3, 0x7fc5, 0x7fe4, 0x7ff3, 0x7fc5,
   0x8012, 0x8012, 0x7fa7, 0x7f88, 0x7fb6, 0x7fe4, 0x7f2c, 0x7f88, 0x8022,
   0x809c, 0x807e, 0x806e, 0x805f, 0x8012, 0x7f69, 0x7f5a, 0x7fe4, 0x7fd5,
   0x8003, 0x8012, 0x806e, 0x805f, 0x807e, 0x809c, 0x8003, 0x7f2c, 0x7ea2,
   0x7f88, 0x8003, 0x7fc5, 0x7f79, 0x8022, 0x80ac, 0x807e, 0x806e, 0x8012,
   0x7f88, 0x8012, 0x8012, 0x7fa7, 0x7f69, 0x7fb6, 0x7f69, 0x7f0d, 0x7fc5,
   0x8012, 0x8031, 0x8012, 0x7fc5, 0x7eef, 0x7eef, 0x7fd5, 0x8012, 0x8050,
   0x7ff3, 0x7fe4, 0x7f97, 0x8022, 0x7fe4, 0x8012, 0x806e, 0x8012, 0x7fd5,
   0x7f69, 0x7efe, 0x7f3b, 0x7ec1, 0x7eef, 0x7f5a, 0x8012, 0x8050, 0x806e,
   0x7f79, 0x7f0d, 0x7f5a, 0x7e83, 0x7acb, 0x792c, 0x78fe, 0x7969, 0x7bb1,
   0x7e55, 0x80f8, 0x8302, 0x8473, 0x84fd, 0x8454, 0x8408, 0x839c, 0x8312,
   0x8259, 0x82b5, 0x823a, 0x81c0, 0x8173, 0x8117, 0x8117, 0x8173, 0x80e9,
   0x8108, 0x80ac, 0x7f88, 0x7f0d, 0x7f69, 0x7f88, 0x7ff3, 0x808d, 0x807e,
   0x8003, 0x7fe4, 0x8012, 0x8022, 0x7f88, 0x7fb6, 0x7f4b, 0x7fd5, 0x7fd5,
   0x7ed0, 0x7ec1, 0x7fc5, 0x7fb6, 0x7fc5, 0x7f79, 0x7fa7, 0x7fa7, 0x7f88,
   0x7ff3, 0x8031, 0x80e9, 0x80e9, 0x808d, 0x80f8, 0x8154, 0x8164, 0x8108,
   0x80bb, 0x81a1, 0x8164, 0x80bb, 0x8040, 0x7fb6, 0x7ec1, 0x7e37, 0x7e74,
   0x7efe, 0x7f69, 0x7f2c, 0x7f1d, 0x7f5a, 0x7fd5, 0x7f5a, 0x7f88, 0x7fd5,
   0x7ff3, 0x806e, 0x805f, 0x7ff3, 0x7f79, 0x7f5a, 0x7f79, 0x7fb6, 0x8022,
   0x8050, 0x8050, 0x806e, 0x8031, 0x8012, 0x8022, 0x8022, 0x805f, 0x7fd5,
   0x8022, 0x8031, 0x8003, 0x7fa7, 0x8003, 0x8003, 0x8012, 0x807e, 0x809c,
   0x8050, 0x8012, 0x8022, 0x8012, 0x8003, 0x7f88, 0x7f69, 0x7fd5, 0x7f1d,
   0x7ec1, 0x7e74, 0x7e18, 0x7e46, 0x7e74, 0x7f3b, 0x8012, 0x806e, 0x8108,
   0x8126, 0x8126, 0x80da, 0x80bb, 0x80ca, 0x808d, 0x8022, 0x7fe4, 0x8022,
   0x8022, 0x7fc5, 0x8012, 0x7fc5, 0x7fd5, 0x8003, 0x8003, 0x80ac, 0x80da,
   0x8164, 0x80f8, 0x8050, 0x8003, 0x7f97, 0x7f88, 0x7f88, 0x7ff3, 0x805f,
   0x807e, 0x80e9, 0x8117, 0x8164, 0x8136, 0x80f8, 0x80e9, 0x8022, 0x7fd5,
   0x7fa7, 0x7eef, 0x7f0d, 0x7f2c, 0x7f5a, 0x7f79, 0x7fc5, 0x7f88, 0x7f79,
   0x7ff3, 0x8040, 0x8012, 0x8050, 0x8012, 0x7fe4, 0x7fe4, 0x8022, 0x806e,
   0x80da, 0x809c, 0x8022, 0x8003, 0x7fe4, 0x7f4b, 0x7f0d, 0x7f69, 0x7fd5,
   0x8050, 0x809c, 0x808d, 0x8012, 0x7fb6, 0x7fa7, 0x7fa7, 0x8022, 0x8031,
   0x809c, 0x808d, 0x8003, 0x8031, 0x8031, 0x7fd5, 0x7f5a, 0x7f5a, 0x7f1d,
   0x7f2c, 0x7f2c, 0x7f0d, 0x7f3b, 0x7eef, 0x7ed0, 0x7eef, 0x7f69, 0x7f69,
   0x7efe, 0x7f3b, 0x7eef, 0x7f3b, 0x7f1d, 0x7f79, 0x7f97, 0x7f79, 0x7f2c,
   0x7efe, 0x7f1d, 0x7f88, 0x8022, 0x8022, 0x7f88, 0x7f97, 0x8012, 0x8012,
   0x8012, 0x8050, 0x8040, 0x8040, 0x8022, 0x8003, 0x8003, 0x7fc5, 0x7f4b,
   0x7fc5, 0x8050, 0x806e, 0x8012, 0x7fd5, 0x7f2c, 0x7efe, 0x7fd5, 0x7f97,
   0x7f69, 0x7f2c, 0x7f0d, 0x7eef, 0x7efe, 0x7ec1, 0x7f5a, 0x7fc5, 0x8050,
   0x807e, 0x8012, 0x80da, 0x80e9, 0x806e, 0x8012, 0x7f5a, 0x7f5a, 0x7f79,
   0x7f97, 0x7f97, 0x7f88, 0x7f79, 0x7f69, 0x7f3b, 0x7fb6, 0x8003, 0x7fa7,
   0x7ed0, 0x7e65, 0x7f1d, 0x8012, 0x7fa7, 0x805f, 0x806e, 0x808d, 0x8012,
   0x805f, 0x8050, 0x8012, 0x8003, 0x8022, 0x7f88, 0x7f0d, 0x7fa7, 0x8012,
   0x8012, 0x7fd5, 0x8031, 0x809c, 0x8040, 0x8003, 0x7f69, 0x7f1d, 0x8003,
   0x80ac, 0x8117, 0x8145, 0x8154, 0x80bb, 0x8050, 0x8031, 0x8003, 0x7ff3,
   0x805f, 0x8012, 0x7f69, 0x8040, 0x806e, 0x8003, 0x8022, 0x8003, 0x8003,
   0x8012, 0x7fa7, 0x7f97, 0x7fa7, 0x7fc5, 0x7ff3, 0x7ff3, 0x806e, 0x806e,
   0x808d, 0x805f, 0x805f, 0x808d, 0x806e, 0x805f, 0x808d, 0x8012, 0x806e,
   0x8050, 0x8031, 0x7ff3, 0x7fb6, 0x7f2c, 0x7f88, 0x7ff3, 0x8022, 0x7f88,
   0x7f88, 0x7f79, 0x7fb6, 0x805f, 0x8012, 0x8003, 0x7fb6, 0x7fa7, 0x7f3b,
   0x805f, 0x8050, 0x8040, 0x8012, 0x7fa7, 0x7ff3, 0x8022, 0x8022, 0x80ca,
   0x8040, 0x8012, 0x7fd5, 0x7ff3, 0x8003, 0x8050, 0x807e, 0x80ca, 0x807e,
   0x8050, 0x8022, 0x7f5a, 0x7f0d, 0x8012, 0x8031, 0x8003, 0x8003, 0x8012,
   0x7fe4, 0x7ff3, 0x8003, 0x7fd5, 0x7f88, 0x7fe4, 0x7fd5, 0x7fd5, 0x7fa7,
   0x7f5a, 0x7f88, 0x7f2c, 0x7fc5, 0x8040, 0x7fb6, 0x7f88, 0x8003, 0x7fe4,
   0x8003, 0x80ca, 0x7fc5, 0x8012, 0x80ac, 0x80e9, 0x809c, 0x806e, 0x8022,
   0x7fe4, 0x8040, 0x8012, 0x7fb6, 0x7fd5, 0x8012, 0x8040, 0x8031, 0x8022,
   0x7ff3, 0x8022, 0x8012, 0x7fe4, 0x7fa7, 0x7ff3, 0x7ff3, 0x8031, 0x8050,
   0x806e, 0x8012, 0x8012, 0x7fc5, 0x7fb6, 0x7ff3, 0x8031, 0x8040, 0x8012,
   0x806e, 0x806e, 0x8022, 0x8003, 0x7fe4, 0x7fd5, 0x7fe4, 0x7ff3, 0x8040,
   0x8031, 0x8040, 0x7fe4, 0x7f97, 0x7fd5, 0x8012, 0x8003, 0x7fc5, 0x8012,
   0x7f79, 0x7fc5, 0x8022, 0x80ac, 0x80da, 0x805f, 0x7f88, 0x7f4b, 0x7f1d,
   0x7f5a, 0x7f4b, 0x7fc5, 0x7fe4, 0x80ca, 0x8117, 0x8117, 0x80ac, 0x7fc5,
   0x7f0d, 0x7fa7, 0x8012, 0x8050, 0x80da, 0x808d, 0x80bb, 0x7fd5, 0x7f4b,
   0x7f2c, 0x7f3b, 0x7f3b, 0x7f79, 0x7f5a, 0x7fc5, 0x808d, 0x80e9, 0x805f,
   0x805f, 0x8022, 0x7f3b, 0x7f79, 0x7f0d, 0x7fc5, 0x7fb6, 0x7fd5, 0x7fc5,
   0x8012, 0x8012, 0x7f97, 0x7f3b, 0x8022, 0x809c, 0x8050, 0x8003, 0x8031,
   0x8012, 0x8022, 0x808d, 0x806e, 0x8003, 0x7ff3, 0x7fc5, 0x7fe4, 0x805f,
   0x8012, 0x7fe4, 0x7f0d, 0x7eb1, 0x7f3b, 0x7f4b, 0x7f0d, 0x7fa7, 0x8012,
   0x7ff3, 0x7fc5, 0x7f69, 0x7fa7, 0x8040, 0x80ac, 0x808d, 0x80ac, 0x80ac,
   0x806e, 0x8003, 0x7f79, 0x7f79, 0x7f0d, 0x7f4b, 0x7f79, 0x7f79, 0x7fc5,
   0x8022, 0x7fa7, 0x7ff3, 0x8012, 0x8012, 0x7f97, 0x8031, 0x7f88, 0x8012,
   0x8012, 0x8012, 0x8031, 0x807e, 0x8050, 0x80ac, 0x8040, 0x8040, 0x805f,
   0x8022, 0x7fc5, 0x7ff3, 0x8012, 0x7fe4, 0x7f4b, 0x7fc5, 0x7f4b, 0x7f3b,
   0x7f97, 0x8012, 0x808d, 0x808d, 0x8040, 0x8012, 0x7f79, 0x7fc5, 0x7f0d,
   0x7f0d, 0x7f88, 0x7f69, 0x7fb6, 0x7f79, 0x7f97, 0x8012, 0x8050, 0x806e,
   0x806e, 0x808d, 0x805f, 0x8031, 0x7f97, 0x8022, 0x806e, 0x80bb, 0x809c,
   0x809c, 0x8050, 0x807e, 0x80ac, 0x80e9, 0x80ac, 0x80da, 0x80ca, 0x8040,
   0x8040, 0x8050, 0x806e, 0x8050, 0x8022, 0x7fe4, 0x7fe4, 0x805f, 0x8031,
   0x7ff3, 0x7fa7, 0x7fb6, 0x8022, 0x7fa7, 0x7ff3, 0x806e, 0x8050, 0x805f,
   0x8050, 0x80ac, 0x80da, 0x80ac, 0x8040, 0x7fb6, 0x7f2c, 0x8003, 0x8050,
   0x7f3b, 0x7fd5, 0x8003, 0x8040, 0x805f, 0x807e, 0x7fe4, 0x7fa7, 0x7f3b,
   0x7f88, 0x8022, 0x8031, 0x8050, 0x8050, 0x7fe4, 0x7f88, 0x8003, 0x8003,
   0x7f97, 0x7f88, 0x7f5a, 0x8012, 0x7fb6, 0x8003, 0x7fa7, 0x7f0d, 0x7fa7,
   0x8012, 0x8040, 0x8022, 0x8012, 0x8012, 0x805f, 0x8012, 0x8040, 0x808d,
   0x8012, 0x8003, 0x7f3b, 0x7f5a, 0x7fe4, 0x8022, 0x806e, 0x7f97, 0x7f4b,
   0x7f5a, 0x7f3b, 0x7f2c, 0x8031, 0x8040, 0x8031, 0x7f69, 0x7efe, 0x7ed0,
   0x7ea2, 0x7e74, 0x7f2c, 0x7ed0, 0x7eef, 0x7f2c, 0x7f5a, 0x7fe4, 0x8022,
   0x7fa7, 0x8031, 0x8012, 0x80ca, 0x807e, 0x7ff3, 0x7f88, 0x8003, 0x8050,
   0x809c, 0x80ac, 0x80da, 0x809c, 0x8003, 0x7f5a, 0x7f3b, 0x7fe4, 0x808d,
   0x80bb, 0x80e9, 0x809c, 0x809c, 0x80da, 0x8108, 0x80bb, 0x8040, 0x7fe4,
   0x7fa7, 0x7f69, 0x7f97, 0x7f69, 0x8012, 0x8012, 0x809c, 0x809c, 0x80ca,
   0x80ca, 0x80ac, 0x80ac, 0x805f, 0x7fc5, 0x7f2c, 0x7f5a, 0x8012, 0x806e,
   0x8040, 0x7fe4, 0x7e18, 0x7a6f, 0x7846, 0x77bc, 0x78c1, 0x7a8e, 0x7d32,
   0x8022, 0x8287, 0x84cf, 0x84cf, 0x8436, 0x83ac, 0x83da, 0x8340, 0x823a,
   0x8182, 0x8126, 0x80bb, 0x808d, 0x806e, 0x8117, 0x80f8, 0x8173, 0x8173,
   0x81c0, 0x8164, 0x8136, 0x8108, 0x80ca, 0x808d, 0x806e, 0x80ac, 0x807e,
   0x7fd5, 0x7f88, 0x7efe, 0x7f2c, 0x7f88, 0x7fd5, 0x808d, 0x8126, 0x80f8,
   0x8117, 0x8136, 0x80da, 0x806e, 0x807e, 0x80ac, 0x8022, 0x8040, 0x806e,
   0x8050, 0x8050, 0x7ff3, 0x8003, 0x8012, 0x805f, 0x8031, 0x8003, 0x8050,
   0x80ac, 0x8022, 0x807e, 0x808d, 0x805f, 0x807e, 0x80ac, 0x805f, 0x8012,
   0x7ff3, 0x7ff3, 0x8012, 0x7fc5, 0x8012, 0x8012, 0x7ff3, 0x7fd5, 0x8012,
   0x7fc5, 0x8012, 0x7ff3, 0x8040, 0x8012, 0x8012, 0x7fc5, 0x7f69, 0x7f5a,
   0x7fb6, 0x7fc5, 0x7fb6, 0x7f79, 0x7f69, 0x7f5a, 0x7ec1, 0x7f3b, 0x8003,
   0x8031, 0x8003, 0x8012, 0x8050, 0x806e, 0x8003, 0x7fc5, 0x7fe4, 0x7f5a,
   0x7eef, 0x7edf, 0x7ed0, 0x7e83, 0x7ed0, 0x7edf, 0x7ec1, 0x7f1d, 0x7f3b,
   0x7f88, 0x8012, 0x8022, 0x80da, 0x80ac, 0x805f, 0x807e, 0x808d, 0x805f,
   0x8012, 0x8012, 0x7ec1, 0x7e74, 0x7ea2, 0x7ed0, 0x7f0d, 0x7f97, 0x8031,
   0x808d, 0x807e, 0x80bb, 0x808d, 0x80ca, 0x8154, 0x808d, 0x7fa7, 0x7f2c,
   0x7e83, 0x7ed0, 0x7f69, 0x8050, 0x808d, 0x80ca, 0x80bb, 0x809c, 0x805f,
   0x8012, 0x7f3b, 0x7f1d, 0x7fb6, 0x8050, 0x8040, 0x8012, 0x8022, 0x8050,
   0x7fe4, 0x7f0d, 0x7e83, 0x7e93, 0x7e93, 0x7e55, 0x7ed0, 0x7ff3, 0x8003,
   0x808d, 0x80da, 0x80da, 0x80ca, 0x809c, 0x8012, 0x7f79, 0x7f69, 0x8022,
   0x807e, 0x808d, 0x808d, 0x80ac, 0x80ca, 0x80f8, 0x80f8, 0x80da, 0x80f8,
   0x80f8, 0x8050, 0x806e, 0x8022, 0x7fa7, 0x7f88, 0x8031, 0x808d, 0x80bb,
   0x80bb, 0x80e9, 0x805f, 0x805f, 0x8022, 0x806e, 0x809c, 0x80ca, 0x8050,
   0x8031, 0x7f88, 0x8022, 0x8040, 0x805f, 0x809c, 0x7fb6, 0x7f4b, 0x7eef,
   0x7e74, 0x7e46, 0x7f0d, 0x7f5a, 0x7f97, 0x7ff3, 0x7fc5, 0x7f3b, 0x7f2c,
   0x7f4b, 0x7edf, 0x7eef, 0x7edf, 0x7f0d, 0x7f4b, 0x7fe4, 0x806e, 0x805f,
   0x807e, 0x7f79, 0x7f2c, 0x7f69, 0x7fb6, 0x7f97, 0x7f79, 0x7f3b, 0x7f1d,
   0x7f97, 0x7f3b, 0x7edf, 0x7f97, 0x7fa7, 0x8003, 0x7fe4, 0x7f97, 0x7edf,
   0x7eef, 0x7eb1, 0x7efe, 0x7f0d, 0x7efe, 0x7fb6, 0x8031, 0x8003, 0x8012,
   0x8031, 0x8050, 0x8050, 0x7f69, 0x7f4b, 0x7f79, 0x8003, 0x8003, 0x8050,
   0x809c, 0x80da, 0x809c, 0x8031, 0x7fd5, 0x7fc5, 0x8012, 0x7f88, 0x7fd5,
   0x8022, 0x8050, 0x8050, 0x805f, 0x806e, 0x8022, 0x7fa7, 0x8012, 0x8003,
   0x8031, 0x80ac, 0x805f, 0x807e, 0x808d, 0x807e, 0x807e, 0x8022, 0x805f,
   0x8012, 0x8012, 0x7fa7, 0x7f2c, 0x7f1d, 0x7f1d, 0x7fc5, 0x7fb6, 0x7f4b,
   0x7f97, 0x7f4b, 0x7fe4, 0x8022, 0x8040, 0x8050, 0x807e, 0x8050, 0x8022,
   0x805f, 0x8040, 0x805f, 0x807e, 0x805f, 0x80bb, 0x80bb, 0x807e, 0x7f97,
   0x8003, 0x7ff3, 0x7f5a, 0x7efe, 0x7f79, 0x7fc5, 0x8003, 0x8050, 0x805f,
   0x8050, 0x806e, 0x8050, 0x8031, 0x8022, 0x8022, 0x807e, 0x809c, 0x808d,
   0x806e, 0x8031, 0x7fb6, 0x7f4b, 0x8012, 0x7fb6, 0x7f88, 0x8031, 0x7fc5,
   0x7fd5, 0x7f97, 0x7fb6, 0x8050, 0x805f, 0x8040, 0x8050, 0x808d, 0x809c,
   0x805f, 0x805f, 0x8012, 0x8003, 0x7fe4, 0x8012, 0x8003, 0x8050, 0x809c,
   0x808d, 0x7f97, 0x7f88, 0x7fe4, 0x805f, 0x80da, 0x80ca, 0x80da, 0x8117,
   0x806e, 0x8031, 0x8022, 0x7f88, 0x7f88, 0x7ff3, 0x807e, 0x809c, 0x806e,
   0x7ff3, 0x7ff3, 0x7fc5, 0x8012, 0x80ac, 0x8031, 0x7ff3, 0x805f, 0x8040,
   0x8040, 0x8031, 0x7fd5, 0x7f79, 0x7fd5, 0x7fb6, 0x8012, 0x7f88, 0x7f5a,
   0x7f5a, 0x7f5a, 0x7f4b, 0x7f79, 0x8012, 0x8022, 0x8031, 0x8040, 0x8012,
   0x7f97, 0x7f3b, 0x7eef, 0x7ea2, 0x7eef, 0x7f3b, 0x7fa7, 0x8003, 0x7f88,
   0x7fd5, 0x7fc5, 0x7fb6, 0x7f88, 0x7f79, 0x7fe4, 0x7ff3, 0x8012, 0x8040,
   0x80bb, 0x80bb, 0x80da, 0x80e9, 0x80ac, 0x8040, 0x8012, 0x7fd5, 0x8003,
   0x7fd5, 0x8003, 0x8003, 0x8040, 0x7ff3, 0x8012, 0x7fe4, 0x7f88, 0x7f2c,
   0x7f4b, 0x7f79, 0x7fe4, 0x7ff3, 0x7ff3, 0x7f97, 0x8022, 0x8012, 0x7f2c,
   0x7f2c, 0x7f88, 0x807e, 0x809c, 0x807e, 0x8040, 0x8040, 0x8012, 0x8003,
   0x7fa7, 0x7f69, 0x7f3b, 0x7f69, 0x7fe4, 0x7fe4, 0x7fa7, 0x7fd5, 0x8003,
   0x8031, 0x807e, 0x8040, 0x807e, 0x809c, 0x8040, 0x8022, 0x8022, 0x8022,
   0x807e, 0x807e, 0x8012, 0x8031, 0x7ff3, 0x8012, 0x7fc5, 0x8050, 0x8145,
   0x8126, 0x80ca, 0x80bb, 0x7f97, 0x7eef, 0x7f1d, 0x7f2c, 0x7fb6, 0x8012,
   0x7f88, 0x7f5a, 0x7f3b, 0x7fc5, 0x8012, 0x7fe4, 0x8003, 0x7fe4, 0x7f5a,
   0x7f79, 0x7f97, 0x7f88, 0x7efd, 0x7f2c, 0x7f3b, 0x7f88, 0x7fa7, 0x7fc5,
   0x8012, 0x8003, 0x7ff3, 0x8012, 0x8012, 0x8031, 0x805f, 0x8050, 0x8050,
   0x807e, 0x80da, 0x8040, 0x806e, 0x80da, 0x808d, 0x8003, 0x7f97, 0x7f97,
   0x7f69, 0x7fa7, 0x7f97, 0x8003, 0x8012, 0x8040, 0x8136, 0x8136, 0x808d,
   0x7ff3, 0x7fe4, 0x7fa7, 0x808d, 0x80ca, 0x809c, 0x8126, 0x8154, 0x8145,
   0x806e, 0x8012, 0x7f88, 0x7f0d, 0x7f3b, 0x7f1d, 0x7f2c, 0x7f88, 0x8012,
   0x8031, 0x8050, 0x80ca, 0x8050, 0x7f88, 0x7f1d, 0x7eb1, 0x7f5a, 0x8022,
   0x8050, 0x805f, 0x8050, 0x8031, 0x7ff3, 0x8012, 0x805f, 0x8031, 0x8050,
   0x805f, 0x7f97, 0x7f0d, 0x7f2c, 0x7f5a, 0x7f69, 0x7f69, 0x7f88, 0x7f79,
   0x7efe, 0x7eef, 0x7f2c, 0x7ff3, 0x806e, 0x808d, 0x8022, 0x7fd5, 0x7f3b,
   0x7f88, 0x7f97, 0x7f97, 0x7f79, 0x7fa7, 0x7f97, 0x7fa7, 0x7fc5, 0x7ff3,
   0x8022, 0x8022, 0x8012, 0x7f97, 0x7f79, 0x7f97, 0x7f4b, 0x8022, 0x8040,
   0x8012, 0x7f5a, 0x7f1d, 0x7eef, 0x7eef, 0x7f88, 0x8050, 0x7fc5, 0x7fb6,
   0x7f88, 0x7eef, 0x7f1d, 0x7f4b, 0x8022, 0x806e, 0x806e, 0x8050, 0x7fb6,
   0x7f88, 0x7ed0, 0x7f79, 0x8050, 0x807e, 0x806e, 0x8050, 0x805f, 0x8003,
   0x8012, 0x7fe4, 0x7fe4, 0x7fb6, 0x8022, 0x7fe4, 0x8031, 0x8012, 0x8050,
   0x8050, 0x7fc5, 0x7fe4, 0x7f4b, 0x7f97, 0x7fb6, 0x7fe4, 0x7fd5, 0x7ff3,
   0x8022, 0x807e, 0x8040, 0x806e, 0x808d, 0x806e, 0x8012, 0x7f69, 0x8050,
   0x8050, 0x8050, 0x809c, 0x8012, 0x7fa7, 0x7fd5, 0x7fe4, 0x806e, 0x809c,
   0x8108, 0x809c, 0x806e, 0x805f, 0x7fc5, 0x8031, 0x8012, 0x7fb6, 0x7f79,
   0x8012, 0x7f97, 0x8040, 0x806e, 0x808d, 0x807e, 0x807e, 0x809c, 0x8040,
   0x8040, 0x8012, 0x7f5a, 0x7f79, 0x7f69, 0x7fd5, 0x7ff3, 0x805f, 0x8040,
   0x805f, 0x809c, 0x809c, 0x80bb, 0x8003, 0x7f2c, 0x7f3b, 0x7fb6, 0x8040,
   0x805f, 0x8108, 0x807e, 0x7f97, 0x7f0d, 0x7e65, 0x7eb1, 0x7efe, 0x7f69,
   0x7fd5, 0x8003, 0x7fa7, 0x7f79, 0x7fa7, 0x7fc5, 0x8012, 0x7fa7, 0x7f0d,
   0x7fd5, 0x8031, 0x7ff3, 0x7fe4, 0x8003, 0x8012, 0x805f, 0x806e, 0x80e9,
   0x80e9, 0x80f8, 0x805f, 0x8012, 0x7fd5, 0x8031, 0x805f, 0x8050, 0x8012,
   0x805f, 0x8050, 0x8108, 0x806e, 0x8012, 0x7fb6, 0x8012, 0x7fd5, 0x7f3b,
   0x7f1d, 0x7edf, 0x7efe, 0x7f97, 0x7fd5, 0x7fd5, 0x7f88, 0x8003, 0x8022,
   0x807e, 0x80e9, 0x80bb, 0x8003, 0x7f79, 0x7f88, 0x7fc5, 0x7fd5, 0x7fe4,
   0x8012, 0x7ff3, 0x8031, 0x8003, 0x805f, 0x809c, 0x80ca, 0x805f, 0x7fb6,
   0x8012, 0x7fb6, 0x7ff3, 0x8050, 0x806e, 0x808d, 0x8050, 0x8012, 0x7fb6,
   0x7f69, 0x7f69, 0x8012, 0x7f69, 0x7f5a, 0x7f97, 0x8012, 0x8012, 0x8050,
   0x7fc5, 0x7fc5, 0x7fe4, 0x7fd5, 0x7ff3, 0x7fd5, 0x7fc5, 0x7fb6, 0x7f88,
   0x7f3b, 0x7f88, 0x7fa7, 0x7f88, 0x7f69, 0x7f0d, 0x7f69, 0x7f5a, 0x7f97,
   0x808d, 0x80bb, 0x8031, 0x80f8, 0x80f8, 0x7ff3, 0x7fa7, 0x7edf, 0x7fc5,
   0x8050, 0x806e, 0x807e, 0x80ca, 0x809c, 0x8050, 0x807e, 0x8108, 0x80e9,
   0x80bb, 0x80da, 0x8126, 0x8136, 0x8050, 0x7fe4, 0x7f2c, 0x7f88, 0x8012,
   0x8003, 0x7fd5, 0x7fd5, 0x7fe4, 0x7f79, 0x7f5a, 0x7f69, 0x7fa7, 0x8012,
   0x806e, 0x805f, 0x80f8, 0x807e, 0x8040, 0x7fc5, 0x7f88, 0x7f79, 0x7fb6,
   0x8040, 0x7f88, 0x7eef, 0x7f0d, 0x7f1d, 0x7f1d, 0x7f0d, 0x7f4b, 0x8022,
   0x8040, 0x806e, 0x8022, 0x7ff3, 0x7f1d, 0x7fb6, 0x8022, 0x8108, 0x8108,
   0x80e9, 0x806e, 0x8012, 0x8012, 0x7f97, 0x7fa7, 0x805f, 0x80ac, 0x80bb,
   0x808d, 0x809c, 0x80ac, 0x809c, 0x80ca, 0x80e9, 0x8117, 0x80da, 0x8050,
   0x8031, 0x7fa7, 0x7f4b, 0x7fa7, 0x8040, 0x8050, 0x808d, 0x7fc5, 0x7f79,
   0x7f88, 0x7f79, 0x7fa7, 0x7f4b, 0x7f4b, 0x7f4b, 0x7f4b, 0x8012, 0x8108,
   0x806e, 0x7f5a, 0x7f88, 0x7f88, 0x7f97, 0x8031, 0x8003, 0x8022, 0x8031,
   0x8012, 0x7fc5, 0x8012, 0x807e, 0x80ac, 0x8022, 0x7f97, 0x8012, 0x7f5a,
   0x7fc5, 0x8031, 0x8050, 0x7ff3, 0x8022, 0x8003, 0x8012, 0x805f, 0x8022,
   0x7fb6, 0x7ff3, 0x7fe4, 0x7f5a, 0x7f97, 0x8031, 0x805f, 0x80f8, 0x806e,
   0x7f88, 0x7f5a, 0x7e83, 0x7ed0, 0x7e93, 0x7cd5, 0x79a7, 0x78c1, 0x791d,
   0x79f5, 0x7ca7, 0x7eef, 0x8126, 0x8278, 0x8417, 0x8436, 0x8426, 0x83e9,
   0x836e, 0x8311, 0x8259, 0x822b, 0x81a1, 0x8154, 0x8145, 0x8145, 0x8136,
   0x8136, 0x8154, 0x81ee, 0x820c, 0x8108, 0x80e9, 0x8126, 0x809c, 0x80e9,
   0x8050, 0x80bb, 0x8108, 0x8108, 0x8117, 0x808d, 0x7fe4, 0x7fa7, 0x7fb6,
   0x7f97, 0x7f97, 0x7fb6, 0x8003, 0x806e, 0x8040, 0x80da, 0x809c, 0x8050,
   0x8040, 0x7fc5, 0x7fa7, 0x7fa7, 0x7fd5, 0x8003, 0x8003, 0x806e, 0x808d,
   0x8031, 0x809c, 0x8050, 0x806e, 0x8012, 0x805f, 0x8022, 0x8003, 0x7eef,
   0x7f2c, 0x7f4b, 0x7f79, 0x7f97, 0x7f69, 0x7f97, 0x8003, 0x8050, 0x7ff3,
   0x8012, 0x7f2c, 0x7f5a, 0x7fb6, 0x7ff3, 0x8012, 0x8031, 0x8050, 0x80ca,
   0x807e, 0x807e, 0x7f97, 0x7edf, 0x7ec1, 0x7efe, 0x7f2c, 0x7fd5, 0x7fd5,
   0x7f69, 0x7fc5, 0x7f79, 0x7f69, 0x7fe4, 0x8003, 0x807e, 0x8031, 0x8040,
   0x80ca, 0x80e9, 0x8164, 0x8108, 0x8031, 0x8022, 0x8012, 0x8012, 0x8012,
   0x7f88, 0x8031, 0x805f, 0x80ac, 0x805f, 0x7f69, 0x7f0d, 0x7f3b, 0x7fe4,
   0x8050, 0x808d, 0x807e, 0x80bb, 0x80e9, 0x8050, 0x8031, 0x8003, 0x7f3b,
   0x7f0d, 0x7eb1, 0x7ed0, 0x7f4b, 0x8003, 0x7f4b, 0x7f1d, 0x7efe, 0x7ea2,
   0x7f2c, 0x7f0d, 0x7f2c, 0x7ed0, 0x7f2c, 0x7f2c, 0x7efe, 0x7f5a, 0x7f88,
   0x805f, 0x7fe4, 0x8040, 0x8050, 0x7fa7, 0x7f5a, 0x7f3b, 0x7efe, 0x7f3b,
   0x7f0d, 0x7f5a, 0x806e, 0x8145, 0x8136, 0x805f, 0x7fc5, 0x7f4b, 0x8031,
   0x805f, 0x807e, 0x807e, 0x809c, 0x8040, 0x80e9, 0x80f8, 0x8117, 0x8145,
   0x8012, 0x7f97, 0x8022, 0x7fc5, 0x8040, 0x8050, 0x8050, 0x809c, 0x808d,
   0x809c, 0x809c, 0x808d, 0x80e9, 0x808d, 0x7fb6, 0x8022, 0x806e, 0x8050,
   0x8031, 0x8012, 0x8040, 0x8031, 0x8012, 0x805f, 0x80da, 0x8040, 0x8012,
   0x7fd5, 0x7fa7, 0x7f69, 0x8022, 0x7ff3, 0x8050, 0x806e, 0x8012, 0x8040,
   0x8012, 0x8031, 0x7fb6, 0x7f3b, 0x7f5a, 0x8003, 0x8040, 0x8022, 0x806e,
   0x807e, 0x807e, 0x8003, 0x8012, 0x807e, 0x809c, 0x80e9, 0x80f8, 0x808d,
   0x807e, 0x8040, 0x80da, 0x80e9, 0x80ac, 0x7ff3, 0x7f1d, 0x7f79, 0x7eb1,
   0x7e55, 0x7ed0, 0x7f0d, 0x7fd5, 0x807e, 0x80e9, 0x80da, 0x8108, 0x80f8,
   0x80ca, 0x7ff3, 0x7f1d, 0x7f88, 0x7fe4, 0x8012, 0x80f8, 0x80f8, 0x807e,
   0x8012, 0x7fc5, 0x7fc5, 0x7f79, 0x7fa7, 0x8040, 0x8040, 0x8012, 0x805f,
   0x806e, 0x808d, 0x80da, 0x8117, 0x809c, 0x808d, 0x809c, 0x80e9, 0x80ca,
   0x80ac, 0x8012, 0x7fc5, 0x7fd5, 0x7fa7, 0x7f97, 0x7fe4, 0x7fe4, 0x7f97,
   0x7f88, 0x7f69, 0x7f1d, 0x7fc5, 0x7ff3, 0x8031, 0x8022, 0x8012, 0x8012,
   0x7fc5, 0x7fe4, 0x7fa7, 0x7ff3, 0x7ff3, 0x8012, 0x805f, 0x8031, 0x8050,
   0x809c, 0x806e, 0x806e, 0x8031, 0x8050, 0x806e, 0x805f, 0x8012, 0x7f5a,
   0x7f1d, 0x7f1d, 0x7f69, 0x7f3b, 0x7edf, 0x7f1d, 0x8012, 0x8031, 0x8031,
   0x8050, 0x8022, 0x80bb, 0x80e9, 0x8108, 0x8145, 0x80f8, 0x8126, 0x809c,
   0x8012, 0x806e, 0x806e, 0x7fd5, 0x80bb, 0x8031, 0x80bb, 0x80da, 0x8182,
   0x8136, 0x80da, 0x80bb, 0x8012, 0x8022, 0x7fd5, 0x8012, 0x807e, 0x80bb,
   0x805f, 0x8022, 0x8012, 0x808d, 0x80bb, 0x809c, 0x808d, 0x8003, 0x8050,
   0x8050, 0x806e, 0x8022, 0x8050, 0x8031, 0x80bb, 0x8108, 0x8117, 0x80ca,
   0x80e9, 0x80bb, 0x807e, 0x8040, 0x8003, 0x7fc5, 0x7f69, 0x7f79, 0x7fa7,
   0x7fd5, 0x7fa7, 0x8012, 0x7f97, 0x7ff3, 0x7fd5, 0x8003, 0x8003, 0x8050,
   0x8050, 0x8012, 0x7fb6, 0x7f5a, 0x7f79, 0x7fa7, 0x8040, 0x80ac, 0x8117,
   0x8182, 0x81a1, 0x8145, 0x8136, 0x80f8, 0x805f, 0x8012, 0x8012, 0x7f97,
   0x8040, 0x809c, 0x8050, 0x8012, 0x805f, 0x8050, 0x806e, 0x8108, 0x80da,
   0x806e, 0x7fd5, 0x7f79, 0x7f97, 0x8040, 0x808d, 0x806e, 0x8031, 0x7fc5,
   0x7fc5, 0x7fb6, 0x7f88, 0x7f1d, 0x7f4b, 0x7fa7, 0x7fb6, 0x7f5a, 0x7ff3,
   0x7f79, 0x7ff3, 0x7fb6, 0x7f97, 0x7fe4, 0x8031, 0x8022, 0x8012, 0x7f97,
   0x8040, 0x8022, 0x806e, 0x8031, 0x7ff3, 0x7fd5, 0x7fe4, 0x7ff3, 0x8031,
   0x806e, 0x8050, 0x807e, 0x806e, 0x8050, 0x8003, 0x8003, 0x8022, 0x805f,
   0x8031, 0x8012, 0x7fd5, 0x8012, 0x805f, 0x8022, 0x8031, 0x8003, 0x7fe4,
   0x7fa7, 0x7fe4, 0x7fe4, 0x805f, 0x8022, 0x806e, 0x807e, 0x807e, 0x809c,
   0x8012, 0x805f, 0x7fe4, 0x8012, 0x7fd5, 0x7f88, 0x7ff3, 0x7fe4, 0x8031,
   0x8022, 0x8003, 0x7ff3, 0x7fe4, 0x807e, 0x80ac, 0x8012, 0x7f5a, 0x7ea2,
   0x7e83, 0x7f4b, 0x8003, 0x8012, 0x7fd5, 0x8012, 0x805f, 0x806e, 0x8012,
   0x8012, 0x8012, 0x80ac, 0x80ca, 0x8031, 0x8003, 0x805f, 0x808d, 0x80da,
   0x80ca, 0x807e, 0x80bb, 0x8031, 0x7f88, 0x7f2c, 0x7f4b, 0x7f69, 0x7fc5,
   0x8012, 0x7fd5, 0x7fe4, 0x7ff3, 0x8003, 0x8012, 0x8012, 0x8022, 0x8031,
   0x7f88, 0x7e74, 0x7e37, 0x7eef, 0x7f3b, 0x7f4b, 0x7f97, 0x806e, 0x807e,
   0x807e, 0x807e, 0x805f, 0x805f, 0x8040, 0x7f69, 0x7f5a, 0x7f5a, 0x7fa7,
   0x807e, 0x80e9, 0x806e, 0x7fc5, 0x8012, 0x8050, 0x80ac, 0x8136, 0x80f8,
   0x8108, 0x80e9, 0x80bb, 0x805f, 0x7fa7, 0x7f5a, 0x7ed0, 0x7eb1, 0x7f4b,
   0x8012, 0x8050, 0x8031, 0x8031, 0x8022, 0x8040, 0x8050, 0x8012, 0x8031,
   0x8022, 0x807e, 0x8040, 0x805f, 0x80bb, 0x808d, 0x806e, 0x8012, 0x7f4b,
   0x7f5a, 0x7f88, 0x8003, 0x806e, 0x809c, 0x808d, 0x8012, 0x807e, 0x8012,
   0x8003, 0x8012, 0x8022, 0x8012, 0x8012, 0x7fd5, 0x7ed0, 0x7eef, 0x7ec1,
   0x7ec1, 0x7edf, 0x7f88, 0x7f88, 0x8012, 0x805f, 0x806e, 0x8012, 0x8012,
   0x7f79, 0x7f88, 0x7fb6, 0x8050, 0x80da, 0x80f8, 0x809c, 0x805f, 0x8022,
   0x8012, 0x7fe4, 0x7fc5, 0x7f69, 0x7f97, 0x8012, 0x8022, 0x7fe4, 0x7fe4,
   0x8012, 0x8012, 0x8003, 0x7fd5, 0x7edf, 0x7edf, 0x7fc5, 0x8003, 0x8050,
   0x808d, 0x80e9, 0x80e9, 0x80ca, 0x8031, 0x8022, 0x7fa7, 0x7f1d, 0x7f5a,
   0x7fa7, 0x7fc5, 0x8040, 0x8012, 0x7f79, 0x7f88, 0x8012, 0x806e, 0x8012,
   0x7fa7, 0x7f1d, 0x7f88, 0x7f2c, 0x7fb6, 0x805f, 0x7fd5, 0x8012, 0x7f97,
   0x7f5a, 0x7fa7, 0x7f97, 0x7fb6, 0x8003, 0x807e, 0x809c, 0x80ca, 0x8108,
   0x80ac, 0x8050, 0x7fe4, 0x7f79, 0x7fb6, 0x7fa7, 0x7fe4, 0x8003, 0x8022,
   0x8012, 0x8012, 0x7f79, 0x7fa7, 0x8022, 0x8022, 0x8031, 0x8040, 0x805f,
   0x80bb, 0x808d, 0x8050, 0x8012, 0x7fd5, 0x8012, 0x80ac, 0x807e, 0x7fd5,
   0x7ff3, 0x808d, 0x809c, 0x80ac, 0x8012, 0x806e, 0x7fe4, 0x7f4b, 0x7eb1,
   0x7edf, 0x7ff3, 0x807e, 0x8003, 0x7f88, 0x8003, 0x8003, 0x8012, 0x806e,
   0x80ca, 0x80da, 0x80ca, 0x8012, 0x7fc5, 0x7fd5, 0x8003, 0x806e, 0x8050,
   0x807e, 0x8031, 0x8050, 0x8012, 0x8040, 0x7fc5, 0x8031, 0x805f, 0x80ac,
   0x806e, 0x80bb, 0x80bb, 0x8050, 0x8012, 0x7fc5, 0x8003, 0x8012, 0x8031,
   0x7fb6, 0x7f4b, 0x7f0d, 0x7f3b, 0x7fa7, 0x7fd5, 0x8003, 0x7fd5, 0x7f97,
   0x7f69, 0x7efe, 0x7ed0, 0x7f3b, 0x7f69, 0x7f79, 0x7fb6, 0x7fe4, 0x807e,
   0x805f, 0x8031, 0x806e, 0x807e, 0x7fd5, 0x7f69, 0x7f5a, 0x7f97, 0x7f5a,
   0x7f88, 0x7f97, 0x7fd5, 0x7fd5, 0x7fd5, 0x7fe4, 0x805f, 0x8031, 0x8050,
   0x807e, 0x7fc5, 0x7fa7, 0x7f79, 0x7f5a, 0x7eef, 0x7f0d, 0x7f2c, 0x7f88,
   0x7f79, 0x8031, 0x8022, 0x7ce5, 0x792c, 0x7893, 0x7893, 0x7adb, 0x7dbc,
   0x808d, 0x81cf, 0x836e, 0x852b, 0x851c, 0x8408, 0x8320, 0x834e, 0x836e,
   0x8320, 0x82a6, 0x8278, 0x81fd, 0x8192, 0x8126, 0x80f8, 0x8050, 0x80bb,
   0x806e, 0x806e, 0x805f, 0x7fb6, 0x7f69, 0x7f69, 0x7fa7, 0x8003, 0x7fc5,
   0x8050, 0x7fc5, 0x7fb6, 0x8050, 0x8050, 0x8040, 0x805f, 0x8031, 0x7fb6,
   0x7fb6, 0x7f79, 0x7f97, 0x7f97, 0x7f79, 0x7f79, 0x7f79, 0x7fc5, 0x807e,
   0x80bb, 0x805f, 0x7fe4, 0x808d, 0x8031, 0x8003, 0x8040, 0x8040, 0x805f,
   0x809c, 0x809c, 0x806e, 0x808d, 0x808d, 0x808d, 0x80ac, 0x809c, 0x8050,
   0x80ac, 0x807e, 0x8022, 0x8031, 0x806e, 0x8022, 0x8012, 0x809c, 0x8108,
   0x80da, 0x80bb, 0x80bb, 0x806e, 0x8050, 0x8050, 0x805f, 0x8012, 0x8050,
   0x8040, 0x8012, 0x7ff3, 0x7f97, 0x8022, 0x8003, 0x7fc5, 0x7f5a, 0x7f2c,
   0x7f69, 0x8022, 0x8022, 0x8012, 0x806e, 0x808d, 0x80bb, 0x8031, 0x8003,
   0x7f69, 0x7f88, 0x7f4b, 0x7ff3, 0x8012, 0x808d, 0x806e, 0x8040, 0x7ff3,
   0x7f3b, 0x7f1d, 0x7f4b, 0x7f79, 0x7f3b, 0x7f0d, 0x7f3b, 0x7f4b, 0x7ec1,
   0x7ec1, 0x7f1d, 0x7f1d, 0x7f3b, 0x7f4b, 0x7f69, 0x7fd5, 0x7fe4, 0x7f97,
   0x7f88, 0x7fa7, 0x805f, 0x8031, 0x8012, 0x8050, 0x8040, 0x8031, 0x8003,
   0x7fd5, 0x7fd5, 0x8022, 0x8003, 0x8003, 0x8031, 0x806e, 0x80bb, 0x80f8,
   0x805f, 0x7fe4, 0x7f3b, 0x7f88, 0x807e, 0x806e, 0x807e, 0x7f3b, 0x7edf,
   0x7f69, 0x7fc5, 0x8031, 0x8003, 0x7ff3, 0x805f, 0x80e9, 0x8182, 0x8108,
   0x8108, 0x80ac, 0x80bb, 0x8050, 0x8022, 0x7f5a, 0x7f3b, 0x8022, 0x8040,
   0x8040, 0x8050, 0x80bb, 0x805f, 0x8050, 0x7f97, 0x8012, 0x7fd5, 0x807e,
   0x80ac, 0x80e9, 0x807e, 0x80da, 0x80da, 0x8022, 0x7f5a, 0x7fb6, 0x7fc5,
   0x7fe4, 0x7f79, 0x7f1d, 0x7f79, 0x8012, 0x8012, 0x8031, 0x7f69, 0x7f79,
   0x7ff3, 0x7ff3, 0x8003, 0x8012, 0x8050, 0x8040, 0x8003, 0x8012, 0x8050,
   0x807e, 0x80ca, 0x8022, 0x7f3b, 0x7f97, 0x7fa7, 0x8012, 0x8050, 0x8031,
   0x8012, 0x7f88, 0x8012, 0x8031, 0x8031, 0x7ff3, 0x8003, 0x8012, 0x8003,
   0x8012, 0x8031, 0x7ff3, 0x7fc5, 0x7f69, 0x7fd5, 0x7fd5, 0x7fe4, 0x8012,
   0x8012, 0x8012, 0x8003, 0x7fe4, 0x7f97, 0x7fc5, 0x7fe4, 0x8012, 0x806e,
   0x806e, 0x8003, 0x7ff3, 0x7fc5, 0x7fc5, 0x8003, 0x8012, 0x8012, 0x7ff3,
   0x805f, 0x807e, 0x808d, 0x8040, 0x8031, 0x8012, 0x7fc5, 0x8003, 0x7ff3,
   0x8012, 0x8012, 0x8022, 0x8022, 0x7ff3, 0x809c, 0x806e, 0x805f, 0x8022,
   0x805f, 0x809c, 0x8022, 0x808d, 0x8031, 0x809c, 0x805f, 0x8003, 0x7f3b,
   0x7f0d, 0x7f69, 0x7fa7, 0x806e, 0x805f, 0x807e, 0x7f97, 0x7ff3, 0x8031,
   0x8031, 0x7f79, 0x7f3b, 0x7fb6, 0x7ff3, 0x7f5a, 0x7f5a, 0x7f2c, 0x7f2c,
   0x7fd5, 0x8012, 0x8022, 0x806e, 0x7fe4, 0x8003, 0x8040, 0x805f, 0x7ff3,
   0x7fc5, 0x7fe4, 0x8012, 0x7fd5, 0x7fc5, 0x7fd5, 0x7fe4, 0x7fd5, 0x8012,
   0x7fa7, 0x7ff3, 0x7ff3, 0x7f97, 0x7f97, 0x7f1d, 0x7fc5, 0x7f88, 0x8040,
   0x8012, 0x7f79, 0x7f79, 0x8031, 0x7fe4, 0x7f1d, 0x7efe, 0x7f69, 0x7f4b,
   0x7fa7, 0x8050, 0x808d, 0x8126, 0x809c, 0x80ac, 0x8022, 0x7f79, 0x7f2c,
   0x7eb1, 0x7f4b, 0x7f5a, 0x7f88, 0x7efe, 0x7f2c, 0x7f0d, 0x7f88, 0x7f97,
   0x7ff3, 0x8031, 0x8040, 0x805f, 0x8031, 0x8022, 0x806e, 0x807e, 0x805f,
   0x806e, 0x8050, 0x8050, 0x805f, 0x7fb6, 0x7fa7, 0x8012, 0x8003, 0x7f88,
   0x8012, 0x8031, 0x809c, 0x8031, 0x8012, 0x7fc5, 0x7fc5, 0x8003, 0x7fd5,
   0x7f97, 0x7f97, 0x7f2c, 0x7f79, 0x7f4b, 0x7fb6, 0x8003, 0x8012, 0x807e,
   0x8022, 0x7ff3, 0x7fe4, 0x7f79, 0x8012, 0x7fb6, 0x8003, 0x7f1d, 0x7ec1,
   0x7e27, 0x7e37, 0x7f2c, 0x7fb6, 0x7f88, 0x8022, 0x80ac, 0x8012, 0x8031,
   0x8003, 0x8040, 0x7f97, 0x7f88, 0x8003, 0x8031, 0x805f, 0x805f, 0x808d,
   0x8040, 0x7f3b, 0x7f1d, 0x7f79, 0x7ff3, 0x806e, 0x8050, 0x7ff3, 0x8040,
   0x807e, 0x806e, 0x8040, 0x8022, 0x7fb6, 0x7eef, 0x7efe, 0x7f1d, 0x7f2c,
   0x7ff3, 0x8012, 0x7f1d, 0x7efe, 0x7fc5, 0x8012, 0x8012, 0x807e, 0x805f,
   0x8012, 0x7f97, 0x7f5a, 0x7f69, 0x8022, 0x80e9, 0x808d, 0x7fb6, 0x7f88,
   0x7fc5, 0x7f5a, 0x7f5a, 0x7f0d, 0x7f79, 0x7fa7, 0x7f88, 0x7f97, 0x7fb6,
   0x7f97, 0x7fb6, 0x7f79, 0x7f79, 0x8022, 0x8022, 0x7fa7, 0x7f79, 0x7f97,
   0x7f79, 0x7f79, 0x7f69, 0x7f88, 0x8012, 0x8031, 0x8050, 0x8040, 0x809c,
   0x8050, 0x8040, 0x805f, 0x8003, 0x7fa7, 0x7fa7, 0x7f79, 0x7ff3, 0x8022,
   0x8012, 0x7efe, 0x7eef, 0x7f1d, 0x7f3b, 0x7fb6, 0x7f5a, 0x7fe4, 0x809c,
   0x8031, 0x8040, 0x8050, 0x8108, 0x80f8, 0x8154, 0x8117, 0x809c, 0x8040,
   0x8031, 0x8040, 0x8003, 0x80bb, 0x809c, 0x808d, 0x7f88, 0x7f5a, 0x7efe,
   0x7f0d, 0x7f69, 0x7f88, 0x7f97, 0x807e, 0x8022, 0x8022, 0x7ff3, 0x7ff3,
   0x806e, 0x807e, 0x807e, 0x8012, 0x806e, 0x80ca, 0x80da, 0x809c, 0x8050,
   0x808d, 0x8022, 0x7fc5, 0x7f4b, 0x7eb1, 0x7f0d, 0x7f5a, 0x8022, 0x8003,
   0x809c, 0x808d, 0x80ac, 0x808d, 0x808d, 0x8012, 0x8050, 0x805f, 0x805f,
   0x8012, 0x8003, 0x7f3b, 0x7ed0, 0x7eef, 0x7f88, 0x7f79, 0x8012, 0x8012,
   0x8012, 0x7fe4, 0x8012, 0x8012, 0x8050, 0x8012, 0x7f3b, 0x7f2c, 0x7f5a,
   0x7fa7, 0x8022, 0x7fe4, 0x7ed0, 0x7eb1, 0x7ec1, 0x7f3b, 0x7fd5, 0x7ff3,
   0x8050, 0x8012, 0x7f88, 0x7f4b, 0x7eef, 0x7f88, 0x7f79, 0x8050, 0x7fe4,
   0x7ff3, 0x8050, 0x8022, 0x7fe4, 0x7fc5, 0x7fa7, 0x7f88, 0x8012, 0x806e,
   0x8050, 0x805f, 0x8012, 0x8040, 0x8022, 0x8050, 0x8031, 0x8022, 0x8022,
   0x8012, 0x7fa7, 0x7f5a, 0x7f3b, 0x7ff3, 0x8012, 0x8031, 0x8050, 0x808d,
   0x806e, 0x8040, 0x8031, 0x8050, 0x8031, 0x8050, 0x8022, 0x8040, 0x8012,
   0x8003, 0x7fb6, 0x8050, 0x8040, 0x80ca, 0x80f8, 0x80ca, 0x8050, 0x7ff3,
   0x7fb6, 0x7f4b, 0x7f97, 0x7fe4, 0x809c, 0x805f, 0x7f97, 0x7fd5, 0x7fe4,
   0x8040, 0x807e, 0x805f, 0x7fa7, 0x8003, 0x7fe4, 0x7f88, 0x7f69, 0x7f5a,
   0x7f2c, 0x7f69, 0x7f2c, 0x7fe4, 0x8022, 0x8003, 0x8012, 0x8031, 0x8040,
   0x8050, 0x806e, 0x807e, 0x8040, 0x8040, 0x8022, 0x7fd5, 0x7fb6, 0x7f88,
   0x7fa7, 0x7fb6, 0x807e, 0x805f, 0x7fb6, 0x7f4b, 0x7f2c, 0x7f88, 0x7f4b,
   0x7f5a, 0x7f2c, 0x7e93, 0x7f2c, 0x7f5a, 0x7fa7, 0x8012, 0x7f3b, 0x7fb6,
   0x7fe4, 0x7fb6, 0x7fc5, 0x7f5a, 0x805f, 0x80da, 0x80da, 0x8145, 0x809c,
   0x8022, 0x7fb6, 0x8003, 0x8022, 0x8031, 0x8022, 0x7fd5, 0x7fd5, 0x8012,
   0x7f88, 0x7f88, 0x7f69, 0x8031, 0x8040, 0x8022, 0x8040, 0x8050, 0x8031,
   0x8012, 0x7f2c, 0x7ec1, 0x7edf, 0x7f3b, 0x7f5a, 0x7fe4, 0x7ff3, 0x7f97,
   0x8003, 0x7f97, 0x7f5a, 0x7f88, 0x7fe4, 0x80ac, 0x80da, 0x806f, 0x8012,
   0x8040, 0x7fd6, 0x7f5a, 0x7ff3, 0x7fa7, 0x7f3b, 0x7f5a, 0x7efe, 0x7f88,
   0x7fe4, 0x8022, 0x805f, 0x8003, 0x80f8, 0x80bb, 0x806e, 0x8050, 0x8022,
   0x8031, 0x8012, 0x8040, 0x8012, 0x7fe4, 0x7fa7, 0x7f4b, 0x7f0d, 0x7fc5,
   0x8022, 0x805f, 0x8040, 0x7fb6, 0x7f3b, 0x7ce5, 0x794c, 0x7883, 0x78b1,
   0x7a41, 0x7d60, 0x806e, 0x824a, 0x83ca, 0x84fd, 0x84fd, 0x8454, 0x8417,
   0x83ac, 0x82b5, 0x823a, 0x8108, 0x807e, 0x809c, 0x805f, 0x8012, 0x8040,
   0x8040, 0x7fd5, 0x805f, 0x8012, 0x8012, 0x7ff3, 0x7fe4, 0x7f79, 0x8012,
   0x7fd5, 0x8003, 0x7f3b, 0x7f97, 0x8003, 0x8040, 0x807e, 0x8022, 0x7ff3,
   0x7f97, 0x7f4b, 0x7f88, 0x7f5a, 0x7f88, 0x8003, 0x8031, 0x8040, 0x7f1d,
   0x7f88, 0x8022, 0x7fe4, 0x7f88, 0x7ff3, 0x8050, 0x80ac, 0x80ac, 0x80bb,
   0x80ac, 0x806e, 0x7fa7, 0x7f4b, 0x7f2c, 0x7f3b, 0x7eef, 0x7ec1, 0x7f0d,
   0x7f69, 0x7fc5, 0x8050, 0x7fb6, 0x80e9, 0x80f8, 0x808d, 0x8012, 0x805f,
   0x7fe4, 0x7ff3, 0x7f1d, 0x7f2c, 0x7efe, 0x7f3b, 0x7f79, 0x7f88, 0x7fc5,
   0x7f97, 0x7f5a, 0x8012, 0x807e, 0x8012, 0x8050, 0x8003, 0x7f69, 0x7f69,
   0x7f88, 0x7f3b, 0x7f3b, 0x8022, 0x8012, 0x7ff3, 0x7f3b, 0x7f2c, 0x7f69,
   0x7fb6, 0x7ed0, 0x7e93, 0x7f2c, 0x7f69, 0x8031, 0x809c, 0x8040, 0x809c,
   0x80ca, 0x805f, 0x7fe4, 0x7f97, 0x7f4b, 0x7f3b, 0x7f79, 0x8022, 0x80ac,
   0x7fe4, 0x7fa7, 0x7f5a, 0x7f3b, 0x7f5a, 0x7fb6, 0x7fe4, 0x8012, 0x807e,
   0x807e, 0x806e, 0x80ca, 0x807e, 0x7ff3, 0x7f5a, 0x7f2c, 0x7eee, 0x7eef,
   0x7edf, 0x7f79, 0x7fc5, 0x7f88, 0x7f97, 0x7ff3, 0x80ac, 0x808d, 0x807e,
   0x806e, 0x7fb6, 0x7f2c, 0x7f2c, 0x7f69, 0x7f88, 0x7fc5, 0x7fe4, 0x8012,
   0x805f, 0x808d, 0x809c, 0x8040, 0x807e, 0x805f, 0x8126, 0x80ac, 0x80ac,
   0x7ff3, 0x8022, 0x8012, 0x7fc5, 0x7fc5, 0x7fe4, 0x8012, 0x809c, 0x808d,
   0x80ac, 0x807e, 0x805f, 0x7fa7, 0x7fb6, 0x7fc5, 0x7fd5, 0x7fa7, 0x7e46,
   0x7e46, 0x7eb1, 0x7f3b, 0x7edf, 0x7ec1, 0x7efe, 0x7f4b, 0x7fa7, 0x7fb6,
   0x8012, 0x807e, 0x806e, 0x7ff3, 0x7fa7, 0x7fb6, 0x7fb6, 0x7f3b, 0x7fb6,
   0x7fd5, 0x7ff3, 0x7f88, 0x7f4b, 0x7e27, 0x7d41, 0x7d41, 0x7e46, 0x7f69,
   0x80ca, 0x8108, 0x8164, 0x8145, 0x8154, 0x81a1, 0x8126, 0x80da, 0x8040,
   0x8031, 0x8012, 0x80ac, 0x80da, 0x80ac, 0x806e, 0x8012, 0x7fa7, 0x7efe,
   0x7f4b, 0x7f3b, 0x7eef, 0x7f5a, 0x7fb6, 0x8040, 0x8012, 0x8012, 0x7f69,
   0x7f97, 0x7f5a, 0x7f79, 0x7f4b, 0x7f0d, 0x7eef, 0x7e74, 0x7ed0, 0x7efe,
   0x7f5a, 0x8031, 0x8003, 0x80da, 0x80e9, 0x8050, 0x8050, 0x80ca, 0x80da,
   0x80ca, 0x8050, 0x8012, 0x7fe4, 0x8003, 0x7fe4, 0x805f, 0x8040, 0x80e9,
   0x807e, 0x806e, 0x80ac, 0x8040, 0x8031, 0x8012, 0x7f4b, 0x7f97, 0x8012,
   0x8040, 0x807e, 0x806e, 0x806e, 0x8012, 0x7fb6, 0x7f88, 0x7fa7, 0x7fb6,
   0x8031, 0x80bb, 0x80f8, 0x8050, 0x7f5a, 0x7f5a, 0x7f3b, 0x7f69, 0x8003,
   0x805f, 0x8050, 0x80bb, 0x80bb, 0x80ac, 0x80ac, 0x807e, 0x8040, 0x7f88,
   0x7f69, 0x7fe4, 0x7ff3, 0x8040, 0x7fb6, 0x7f4b, 0x7efe, 0x7ec1, 0x7efe,
   0x7edf, 0x7f0d, 0x7f2c, 0x7ff3, 0x8031, 0x7fc5, 0x7efe, 0x7eef, 0x7f4b,
   0x80ca, 0x806e, 0x8022, 0x807e, 0x822b, 0x8182, 0x8154, 0x80da, 0x805f,
   0x80ca, 0x807e, 0x8003, 0x7f5a, 0x7f4b, 0x7f69, 0x7f5a, 0x7f1d, 0x7e55,
   0x7ea2, 0x7ea2, 0x7e83, 0x7edf, 0x7e83, 0x7e46, 0x7e93, 0x7ec1, 0x7f4b,
   0x7fa7, 0x8012, 0x7ff3, 0x7f88, 0x8022, 0x7f69, 0x7bef, 0x7837, 0x776f,
   0x7846, 0x7af9, 0x7e27, 0x80ac, 0x81c0, 0x8311, 0x8426, 0x84a1, 0x8445,
   0x83bb, 0x8312, 0x822b, 0x823a, 0x81ee, 0x81a1, 0x8154, 0x8108, 0x8173,
   0x8145, 0x8154, 0x80da, 0x80e9, 0x80ca, 0x8022, 0x7fb6, 0x7f97, 0x7f97,
   0x8003, 0x80e9, 0x8022, 0x7edf, 0x7ed0, 0x7f2c, 0x7fd5, 0x8031, 0x806e,
   0x80ca, 0x80ca, 0x8108, 0x80da, 0x808d, 0x8012, 0x8040, 0x8003, 0x8012,
   0x807e, 0x80bb, 0x80da, 0x80ca, 0x80ca, 0x807e, 0x809c, 0x80bb, 0x8040,
   0x807e, 0x7fb6, 0x7f3b, 0x7edf, 0x7f97, 0x8012, 0x8012, 0x8003, 0x7fc5,
   0x7f69, 0x7fb6, 0x8022, 0x805f, 0x809c, 0x8154, 0x821c, 0x821c, 0x8145,
   0x8031, 0x8012, 0x808d, 0x8117, 0x8192, 0x80ac, 0x808d, 0x7f5a, 0x7f2c,
   0x7f5a, 0x8003, 0x8012, 0x7f4b, 0x8040, 0x80da, 0x8154, 0x81b0, 0x80f8,
   0x809c, 0x807e, 0x7f4b, 0x7f0d, 0x7f4b, 0x7ff3, 0x808d, 0x8040, 0x7f97,
   0x7f5a, 0x7fd5, 0x8003, 0x806e, 0x8012, 0x7fc5, 0x7f5a, 0x7f97, 0x7f69,
   0x7f97, 0x7fc5, 0x7fd5, 0x7fd5, 0x8050, 0x7fd5, 0x7fd5, 0x8050, 0x8003,
   0x807e, 0x80f8, 0x80da, 0x80da, 0x8182, 0x80bb, 0x80bb, 0x8012, 0x7fa7,
   0x7f97, 0x7fc5, 0x8040, 0x80ca, 0x80e9, 0x8022, 0x7fe4, 0x8012, 0x8012,
   0x8040, 0x7ff3, 0x7fc5, 0x7fe4, 0x7fc5, 0x7fc5, 0x7ff3, 0x7f4b, 0x7f69,
   0x7fd5, 0x8012, 0x7f79, 0x7f69, 0x8003, 0x8012, 0x7f69, 0x7f69, 0x7f4b,
   0x7f4b, 0x7f69, 0x7f88, 0x7fc5, 0x7f1d, 0x7f88, 0x7f4b, 0x7f69, 0x7f69,
   0x7fd5, 0x809c, 0x8040, 0x80bb, 0x80da, 0x807e, 0x80e9, 0x8117, 0x8012,
   0x7ec1, 0x7e55, 0x7e93, 0x7edf, 0x7ed0, 0x7f2c, 0x7f5a, 0x7efe, 0x7f69,
   0x8012, 0x806e, 0x809c, 0x808d, 0x8031, 0x806e, 0x8012, 0x7fa7, 0x7f5a,
   0x7f0d, 0x7eef, 0x7f4b, 0x806e, 0x80bb, 0x80e9, 0x8108, 0x806e, 0x807e,
   0x806e, 0x8031, 0x7fa7, 0x808d, 0x809c, 0x808d, 0x8040, 0x8040, 0x8012,
   0x7f88, 0x7f4b, 0x7f97, 0x805f, 0x808d, 0x809c, 0x8050, 0x805f, 0x808d,
   0x807e, 0x8031, 0x8040, 0x808d, 0x807e, 0x8040, 0x8050, 0x809c, 0x80ca,
   0x808d, 0x8050, 0x7fa7, 0x7f88, 0x7f69, 0x7fe4, 0x7fb6, 0x807e, 0x805f,
   0x808d, 0x8040, 0x7fb6, 0x7f97, 0x7f97, 0x7f79, 0x8022, 0x8022, 0x7ff3,
   0x7f2c, 0x7efe, 0x7fe4, 0x7fd5, 0x7f0d, 0x7e93, 0x7ec1, 0x7f88, 0x8050,
   0x80ac, 0x8117, 0x8108, 0x806e, 0x80ac, 0x8050, 0x8031, 0x7fb6, 0x7f2c,
   0x7f1d, 0x7ff3, 0x8022, 0x8022, 0x8012, 0x8012, 0x7fc5, 0x7f5a, 0x7f2c,
   0x7f97, 0x7ff3, 0x7f88, 0x7f97, 0x7f5a, 0x7eef, 0x7f79, 0x7ff3, 0x7fe4,
   0x7fc5, 0x7fe4, 0x7eef, 0x7f2c, 0x7ed0, 0x7f1d, 0x7ff3, 0x8003, 0x8050,
   0x807e, 0x8050, 0x7fe4, 0x7f5a, 0x7f2c, 0x7f2c, 0x7fb6, 0x7f5a, 0x7fe4,
   0x8012, 0x8003, 0x8040, 0x8012, 0x8012, 0x8012, 0x8050, 0x806e, 0x8040,
   0x8050, 0x8022, 0x7fb6, 0x7ff3, 0x8050, 0x7fc5, 0x7f0d, 0x7ec1, 0x7e83,
   0x7f0d, 0x7f88, 0x7f79, 0x7fb6, 0x7f97, 0x7f88, 0x7f2c, 0x7f5a, 0x7f4b,
   0x7f69, 0x7f79, 0x8022, 0x8012, 0x8003, 0x7f79, 0x7eef, 0x7e83, 0x7ea2,
   0x7f5a, 0x7f2c, 0x7f4b, 0x8040, 0x8012, 0x8012, 0x7fd5, 0x7fc5, 0x7f79,
   0x7ed0, 0x7eef, 0x7eb1, 0x7f2c, 0x7f2c, 0x7efe, 0x7fa7, 0x7fc5, 0x7fc5,
   0x8040, 0x7f97, 0x7efe, 0x7f2c, 0x7f3b, 0x7fd5, 0x8003, 0x7fb6, 0x7f79,
   0x7fe4, 0x7fc5, 0x7f79, 0x7ec1, 0x7eb1, 0x7f0d, 0x7f4b, 0x8022, 0x8003,
   0x7f4b, 0x7f97, 0x7fb6, 0x7ff3, 0x8040, 0x8031, 0x805f, 0x8012, 0x8012,
   0x8012, 0x8003, 0x7fb6, 0x7fe4, 0x8022, 0x8031, 0x805f, 0x8003, 0x8003,
   0x8012, 0x8031, 0x8040, 0x808d, 0x8050, 0x8022, 0x8050, 0x7fc5, 0x7f1d,
   0x7f5a, 0x7ff3, 0x8050, 0x7fc5, 0x7fe4, 0x809c, 0x80bb, 0x805f, 0x7fb6,
   0x8031, 0x8040, 0x80ca, 0x8145, 0x8136, 0x8126, 0x80bb, 0x8050, 0x8012,
   0x8031, 0x807e, 0x805f, 0x805f, 0x809c, 0x807e, 0x8031, 0x808d, 0x809c,
   0x805f, 0x8012, 0x7ff3, 0x7f3b, 0x7e93, 0x7df9, 0x7e09, 0x7eb1, 0x7ff3,
   0x8050, 0x805f, 0x8040, 0x7ff3, 0x7f69, 0x7eb1, 0x7ea2, 0x7ed0, 0x7f88,
   0x7fc5, 0x7fc5, 0x806e, 0x8003, 0x7ff3, 0x8031, 0x8050, 0x805f, 0x806e,
   0x8031, 0x7fd5, 0x7f5a, 0x7f3b, 0x7fa7, 0x8012, 0x7ff3, 0x8031, 0x7f4b,
   0x7f97, 0x8003, 0x8012, 0x805f, 0x8031, 0x8031, 0x808d, 0x806e, 0x8040,
   0x7fe4, 0x8003, 0x7f88, 0x7fe4, 0x7f69, 0x7fb6, 0x8050, 0x806e, 0x80da,
   0x80da, 0x80f8, 0x8117, 0x8040, 0x7ed0, 0x7ed0, 0x7fc5, 0x805f, 0x8050,
   0x8050, 0x8050, 0x807e, 0x7fa7, 0x7f88, 0x7fa7, 0x7f88, 0x7f88, 0x7fc5,
   0x7f1d, 0x7efe, 0x7e65, 0x7f3b, 0x7eef, 0x7edf, 0x7e27, 0x7e55, 0x7ed0,
   0x7f5a, 0x8003, 0x8003, 0x807e, 0x8050, 0x8031, 0x7fd5, 0x7fb6, 0x8012,
   0x8003, 0x806e, 0x8050, 0x7f5a, 0x7eef, 0x7f5a, 0x7f5a, 0x7fa7, 0x7ff3,
   0x8040, 0x8003, 0x7fa7, 0x7f5a, 0x7f5a, 0x7f69, 0x7fd5, 0x8031, 0x805f,
   0x8040, 0x7fd5, 0x8012, 0x8031, 0x8031, 0x8022, 0x8012, 0x8012, 0x8003,
   0x8022, 0x80bb, 0x80ca, 0x80ca, 0x805f, 0x8012, 0x7f5a, 0x7f5a, 0x7efe,
   0x7f5a, 0x8022, 0x7f97, 0x7f4b, 0x7fc5, 0x8022, 0x8012, 0x8022, 0x7f79,
   0x7f3b, 0x7f69, 0x7f1d, 0x7f1d, 0x7f4b, 0x7fd5, 0x7f79, 0x7f88, 0x7fa7,
   0x7fc5, 0x8012, 0x7fb6, 0x7f0d, 0x7f2c, 0x7fd5, 0x7f79, 0x8040, 0x8031,
   0x8031, 0x805f, 0x8050, 0x7fc5, 0x7fc5, 0x7edf, 0x7ea2, 0x7eb1, 0x7ec1,
   0x7fc5, 0x8022, 0x805f, 0x8012, 0x807e, 0x806e, 0x8050, 0x808d, 0x8022,
   0x807e, 0x8031, 0x7fe4, 0x7fe4, 0x7fe4, 0x808d, 0x80e9, 0x808d, 0x8040,
   0x8022, 0x805f, 0x8040, 0x8040, 0x807e, 0x809c, 0x7fd5, 0x7f0d, 0x7fc5,
   0x8003, 0x7f79, 0x7f4b, 0x8003, 0x805f, 0x80ca, 0x80da, 0x80da, 0x806e,
   0x8012, 0x7f3b, 0x7f79, 0x8050, 0x8050, 0x805f, 0x8022, 0x7f88, 0x7fe4,
   0x8031, 0x807e, 0x8031, 0x7ff3, 0x806e, 0x8022, 0x7ff3, 0x7fb6, 0x7fd5,
   0x7fe4, 0x7fb6, 0x7fd5, 0x7fd5, 0x7fd5, 0x7fd5, 0x7f3b, 0x7f97, 0x8022,
   0x8003, 0x8050, 0x7fa7, 0x8040, 0x7f79, 0x7f4b, 0x7f2c, 0x7f5a, 0x7f97,
   0x7f97, 0x7f97, 0x7f69, 0x8003, 0x8022, 0x8012, 0x7fb6, 0x8012, 0x806e,
   0x80ac, 0x7ff3, 0x7fc5, 0x7ff3, 0x8040, 0x8031, 0x80ac, 0x80ca, 0x8126,
   0x809c, 0x7f97, 0x7f69, 0x7f69, 0x7f69, 0x7fb6, 0x8003, 0x7fd5, 0x8012,
   0x8003, 0x7ff3, 0x8022, 0x8012, 0x80ac, 0x80ac, 0x809c, 0x80f8, 0x80bb,
   0x808d, 0x8012, 0x8040, 0x7f2c, 0x7d9d, 0x7dbc, 0x7e09, 0x7edf, 0x7f3b,
   0x8022, 0x809c, 0x809c, 0x80ca, 0x8050, 0x7f2c, 0x7e83, 0x7e65, 0x7e83,
   0x7f4b, 0x7ec1, 0x7f5a, 0x7f69, 0x8012, 0x8050, 0x809c, 0x8012, 0x80bb,
   0x808d, 0x806e, 0x7fa7, 0x7f88, 0x8012, 0x7fe4, 0x8050, 0x8040, 0x8022,
   0x8012, 0x7ff3, 0x806e, 0x8050, 0x7fa7, 0x7ff3, 0x806e, 0x8050, 0x806e,
   0x8031, 0x807e, 0x807e, 0x805f, 0x8012, 0x7fa7, 0x8022, 0x7fa7, 0x8031,
   0x805f, 0x8050, 0x8003, 0x7fe4, 0x7f97, 0x8012, 0x7fa7, 0x7f88, 0x7f4b,
   0x7fa7, 0x7fe4, 0x7f0d, 0x7f3b, 0x7f88, 0x8040, 0x80bb, 0x80e9, 0x8117,
   0x8108, 0x8108, 0x80ac, 0x806e, 0x807e, 0x8022, 0x7fa7, 0x7fa7, 0x7f69,
   0x7f79, 0x7f69, 0x7f88, 0x7fb6, 0x8012, 0x808d, 0x807e, 0x807e, 0x809c,
   0x7ff3, 0x7fb6, 0x7fd5, 0x7f88, 0x7fb6, 0x806e, 0x809c, 0x80ac, 0x80e9,
   0x806e, 0x7fd5, 0x7fa7, 0x7ff3, 0x7ff3, 0x7fa7, 0x7fa7, 0x7fb6, 0x7fa7,
   0x7f5a, 0x7fd5, 0x7fa7, 0x7ff3, 0x7fe4, 0x8012, 0x8003, 0x8022, 0x7fa7,
   0x7fa7, 0x7fc5, 0x7f88, 0x7f5a, 0x7f69, 0x7f5a, 0x7f1d, 0x7f2c, 0x7fd5,
   0x8050, 0x80ac, 0x80ac, 0x8126, 0x80e9, 0x8108, 0x80da, 0x80bb, 0x8050,
   0x805f, 0x8040, 0x7fe4, 0x7ff3, 0x7fb6, 0x8003, 0x7fd5, 0x7fc5, 0x7f88,
   0x8012, 0x7f97, 0x7ec1, 0x7f1d, 0x7f3b, 0x7f97, 0x7fb6, 0x8012, 0x7fc5,
   0x7fc5, 0x7fb6, 0x7eb1, 0x7f0d, 0x7f5a, 0x7ff3, 0x7ff3, 0x8022, 0x7fc5,
   0x8003, 0x8040, 0x805f, 0x7fd5, 0x7fa7, 0x7fe4, 0x7f79, 0x8012, 0x7fa7,
   0x7f5a, 0x7f88, 0x8031, 0x805f, 0x8022, 0x8031, 0x7f5a, 0x7f3b, 0x7f1d,
   0x7f3b, 0x7f97, 0x8012, 0x8050, 0x8050, 0x8003, 0x806e, 0x806e, 0x8050,
   0x807e, 0x7fe4, 0x7fb6, 0x7ff3, 0x8040, 0x806e, 0x8003, 0x7f88, 0x7ff3,
   0x7f69, 0x7ff3, 0x8003, 0x8012, 0x7fa7, 0x7f79, 0x7f88, 0x7fa7, 0x8022,
   0x8031, 0x806e, 0x80ca, 0x808d, 0x806e, 0x7ff3, 0x8022, 0x8012, 0x7fb6,
   0x7f88, 0x7f97, 0x7fc5, 0x7fe4, 0x7fa7, 0x7eef, 0x7edf, 0x7f4b, 0x7f88,
   0x7ff3, 0x8022, 0x8003, 0x8012, 0x8012, 0x8022, 0x7fa7, 0x7fb6, 0x7ff3,
   0x7ff3, 0x8012, 0x805f, 0x7fe4, 0x7f79, 0x7eef, 0x7f4b, 0x8003, 0x7f2c,
   0x7f2c, 0x7efe, 0x7f2c, 0x7fa7, 0x7fb6, 0x7fa7, 0x7f2c, 0x7efe, 0x7e93,
   0x7eef, 0x7f3b, 0x7f5a, 0x7f1d, 0x7edf, 0x7f79, 0x7fa7, 0x7fb6, 0x7fd5,
   0x8012, 0x7ff3, 0x80ac, 0x80bb, 0x7fc5, 0x7f97, 0x7f97, 0x7fb6, 0x7efe,
   0x7ed0, 0x7e09, 0x7dea, 0x7e55, 0x7e37, 0x7f97, 0x7f0d, 0x7fa7, 0x8022,
   0x80ca, 0x80ca, 0x807e, 0x807e, 0x808d, 0x809c, 0x8031, 0x7fc5, 0x7f69,
   0x7f2c, 0x7f97, 0x7f97, 0x8040, 0x7f5a, 0x7fa7, 0x8031, 0x8040, 0x7fa7,
   0x7f2c, 0x7eef, 0x7f4b, 0x7f97, 0x7f69, 0x7fa7, 0x805f, 0x7ff3, 0x808d,
   0x809c, 0x80ac, 0x8040, 0x8012, 0x8012, 0x806e, 0x8050, 0x807e, 0x809c,
   0x80bb, 0x80ca, 0x8117, 0x808d, 0x805f, 0x8040, 0x80da, 0x8108, 0x805f,
   0x80f8, 0x80ca, 0x808d, 0x7f97, 0x7f0d, 0x7fd5, 0x8012, 0x8012, 0x7fc5,
   0x8003, 0x7e09, 0x7a23, 0x78b1, 0x7883, 0x7979, 0x7bef, 0x7ea2, 0x80f8,
   0x823a, 0x84c0, 0x84cf, 0x8436, 0x835f, 0x8322, 0x82a6, 0x822b, 0x823a,
   0x820c, 0x81ee, 0x8173, 0x80e9, 0x80e9, 0x80da, 0x805f, 0x808d, 0x808d,
   0x805f, 0x7fc5, 0x7f1d, 0x7f97, 0x7fb6, 0x8012, 0x7fe4, 0x8003, 0x80f8,
   0x805f, 0x7ec1, 0x7f4b, 0x7f4b, 0x7ff3, 0x8031, 0x8040, 0x8040, 0x8003,
   0x8012, 0x8050, 0x80e9, 0x80f8, 0x80da, 0x8154, 0x8145, 0x80ac, 0x805f,
   0x8031, 0x807e, 0x806e, 0x8031, 0x8031, 0x7fb6, 0x8012, 0x7fc5, 0x7f97,
   0x7edf, 0x7e65, 0x7eb1, 0x7fa7, 0x806e, 0x809c, 0x8040, 0x8031, 0x7fd5,
   0x7fd5, 0x7f5a, 0x8012, 0x7fd5, 0x7fc5, 0x7fd5, 0x8012, 0x80ac, 0x80ca,
   0x8126, 0x8108, 0x80ac, 0x809c, 0x80bb, 0x8108, 0x80ca, 0x805f, 0x7fd5,
   0x805f, 0x7fa7, 0x8012, 0x7f69, 0x8031, 0x8031, 0x8012, 0x80ac, 0x808d,
   0x8031, 0x7ff3, 0x8012, 0x8031, 0x8022, 0x7f79, 0x7f69, 0x7efe, 0x7f1d,
   0x7f88, 0x7f97, 0x7f88, 0x8012, 0x809c, 0x80e9, 0x806e, 0x7ff3, 0x7ff3,
   0x8031, 0x7fe4, 0x7f4b, 0x7f4b, 0x7f1d, 0x7ec1, 0x7f0d, 0x7f2c, 0x7f1d,
   0x7f69, 0x7f0d, 0x7fd5, 0x7ff3, 0x8003, 0x8031, 0x805f, 0x7ff3, 0x7ff3,
   0x7fe4, 0x7fb6, 0x7ff3, 0x7fa7, 0x7f97, 0x7ff3, 0x7fc5, 0x8003, 0x7fc5,
   0x7ff3, 0x7f88, 0x7fb6, 0x7f5a, 0x7ff3, 0x8022, 0x8040, 0x8031, 0x8012,
   0x8003, 0x80ac, 0x808d, 0x807e, 0x808d, 0x8108, 0x8040, 0x8003, 0x7fb6,
   0x7f2c, 0x7eb1, 0x7edf, 0x7f2c, 0x807e, 0x8108, 0x805f, 0x7f69, 0x7ed0,
   0x7f2c, 0x7fc5, 0x7fc5, 0x7f1d, 0x7f1d, 0x7eef, 0x7f3b, 0x8040, 0x808d,
   0x806e, 0x8031, 0x806e, 0x8022, 0x8040, 0x7fd5, 0x7fc5, 0x7fc5, 0x807e,
   0x8022, 0x808d, 0x807e, 0x8031, 0x8050, 0x8050, 0x7fc5, 0x8012, 0x8022,
   0x8031, 0x7f97, 0x7f4b, 0x7f4b, 0x7f5a, 0x7f2c, 0x7edf, 0x7f88, 0x7f79,
   0x7f5a, 0x7f1d, 0x7f3b, 0x7eef, 0x7f1d, 0x7f4b, 0x7f5a, 0x7f1d, 0x7f79,
   0x7f69, 0x7f97, 0x7f97, 0x7f69, 0x7f5a, 0x8012, 0x805f, 0x7ff3, 0x7ff3,
   0x7f4b, 0x7e55, 0x7e93, 0x7f79, 0x8012, 0x8003, 0x7fc5, 0x8003, 0x7fc5,
   0x7fa7, 0x7fd5, 0x8003, 0x8022, 0x7f69, 0x7f79, 0x8012, 0x8040, 0x8022,
   0x7f88, 0x7f5a, 0x7f3b, 0x7f3b, 0x7fe4, 0x7fd5, 0x7f79, 0x7f2c, 0x7f2c,
   0x7f97, 0x8022, 0x80ca, 0x807e, 0x8117, 0x80ac, 0x8050, 0x8003, 0x7fb6,
   0x8022, 0x8012, 0x8012, 0x8040, 0x8003, 0x7f2b, 0x7f3a, 0x7f79, 0x7f88,
   0x7f4b, 0x7f69, 0x7f97, 0x7fd5, 0x8012, 0x808d, 0x8012, 0x8012, 0x80ac,
   0x807e, 0x807e, 0x8136, 0x805f, 0x805f, 0x80e9, 0x8050, 0x809c, 0x8012,
   0x7eef, 0x7ec1, 0x7fb6, 0x805f, 0x806e, 0x8050, 0x8003, 0x7fa7, 0x8003,
   0x8003, 0x7f97, 0x8003, 0x7ff3, 0x8022, 0x809c, 0x808d, 0x8012, 0x808d,
   0x8022, 0x7f4b, 0x8003, 0x7fe4, 0x7f3b, 0x7f97, 0x8003, 0x8012, 0x805f,
   0x808d, 0x806e, 0x8012, 0x7ff3, 0x8022, 0x8003, 0x7f2c, 0x7fa7, 0x7fb6,
   0x7fd5, 0x7fe4, 0x8022, 0x805f, 0x808d, 0x80ac, 0x80ca, 0x808d, 0x8012,
   0x7f3b, 0x7f1d, 0x7efe, 0x7e93, 0x7eb1, 0x7fa7, 0x806e, 0x80ca, 0x809c,
   0x8040, 0x8022, 0x8003, 0x8003, 0x8012, 0x7fb6, 0x7fc5, 0x7f5a, 0x7eb1,
   0x7ec1, 0x7f1d, 0x7ff3, 0x8003, 0x7f4b, 0x7f0d, 0x7ed0, 0x7efe, 0x7f2c,
   0x7fb6, 0x8003, 0x7fc5, 0x7fb6, 0x7f0d, 0x7fe4, 0x8012, 0x8022, 0x8050,
   0x8031, 0x8040, 0x8040, 0x8040, 0x805f, 0x8031, 0x8003, 0x7ff3, 0x8012,
   0x7f69, 0x7f88, 0x7f3b, 0x7f0d, 0x7efe, 0x7f0d, 0x7fd5, 0x808d, 0x80ac,
   0x80da, 0x80ca, 0x80f8, 0x807e, 0x805f, 0x8003, 0x7ff3, 0x7f79, 0x7f69,
   0x7f3b, 0x7f88, 0x8012, 0x8050, 0x806e, 0x80da, 0x8117, 0x80da, 0x808d,
   0x8040, 0x8050, 0x807e, 0x809c, 0x8040, 0x8022, 0x7f97, 0x7f79, 0x7f69,
   0x7fb6, 0x8022, 0x805f, 0x805f, 0x8031, 0x8012, 0x7ff3, 0x8040, 0x806e,
   0x805f, 0x806e, 0x8012, 0x7fe4, 0x8022, 0x8050, 0x805f, 0x80ca, 0x809c,
   0x8012, 0x8003, 0x80da, 0x80ca, 0x809c, 0x807e, 0x8040, 0x7fe4, 0x7f79,
   0x7f2c, 0x7fb6, 0x8003, 0x806e, 0x807e, 0x805f, 0x8022, 0x8050, 0x8022,
   0x8050, 0x807e, 0x8040, 0x8022, 0x8003, 0x7fe4, 0x7fd5, 0x7fa7, 0x8022,
   0x8012, 0x8012, 0x7fa7, 0x8003, 0x8031, 0x8040, 0x7fb6, 0x7fc5, 0x7fb6,
   0x7f5a, 0x7f79, 0x7fa7, 0x7fb6, 0x7fb6, 0x7fb6, 0x7fc5, 0x7fc5, 0x7f3b,
   0x7f69, 0x7f88, 0x7f4b, 0x7fc5, 0x7f88, 0x8050, 0x8003, 0x8012, 0x806e,
   0x80da, 0x80ac, 0x805f, 0x7fd5, 0x7f88, 0x7fa7, 0x8012, 0x8050, 0x8012,
   0x7f3b, 0x7f0d, 0x7f2c, 0x7f79, 0x7f3b, 0x8003, 0x8050, 0x7ff3, 0x8003,
   0x7f0d, 0x7edf, 0x7f88, 0x807e, 0x80da, 0x8040, 0x8050, 0x8050, 0x806e,
   0x8022, 0x8003, 0x807e, 0x807e, 0x807e, 0x806e, 0x8031, 0x8003, 0x8012,
   0x8003, 0x7ff3, 0x7f79, 0x7f1d, 0x7eef, 0x7f3b, 0x7fd5, 0x7f88, 0x7f2c,
   0x7efe, 0x7eb1, 0x7edf, 0x7ed0, 0x7f69, 0x7f1d, 0x7f5a, 0x7f4b, 0x7f4b,
   0x7fd5, 0x8050, 0x808d, 0x80bb, 0x8031, 0x8031, 0x8003, 0x8050, 0x8003,
   0x7ff3, 0x7fb6, 0x8003, 0x7f88, 0x7f79, 0x7fb6, 0x8022, 0x8040, 0x806e,
   0x809c, 0x7f79, 0x7f97, 0x7f97, 0x7fa7, 0x7fe4, 0x8012, 0x8031, 0x8012,
   0x8012, 0x8003, 0x80ca, 0x80da, 0x80ac, 0x7fa7, 0x7f2c, 0x7f5a, 0x7fb6,
   0x7fd5, 0x7fb6, 0x7fa7, 0x7ff3, 0x7ff3, 0x8012, 0x808d, 0x80ac, 0x80f8,
   0x8182, 0x8126, 0x807e, 0x7f4b, 0x7efe, 0x7ed0, 0x7f1d, 0x7f3b, 0x7f4b,
   0x7f4b, 0x7f5a, 0x8003, 0x808d, 0x806e, 0x809c, 0x80da, 0x80da, 0x80bb,
   0x7ff3, 0x7fa7, 0x7f97, 0x7fb6, 0x7fb6, 0x7fd5, 0x806e, 0x809c, 0x7fc5,
   0x7f5a, 0x7fa7, 0x7fd5, 0x8003, 0x7ff3, 0x806e, 0x7fe4, 0x7f2c, 0x7f1d,
   0x7f3b, 0x7f5a, 0x7f4b, 0x7f2c, 0x7f2c, 0x7f3b, 0x8012, 0x8050, 0x8012,
   0x8022, 0x7ff3, 0x8022, 0x8012, 0x8050, 0x8040, 0x808d, 0x806e, 0x807e,
   0x8050, 0x8022, 0x7ff3, 0x7f5a, 0x7fa7, 0x7fc5, 0x8012, 0x7ff3, 0x8040,
   0x7fd5, 0x7fc5, 0x7f4b, 0x7f2c, 0x7f1d, 0x7f1d, 0x7ff3, 0x7fa7, 0x8003,
   0x7f79, 0x7f88, 0x7ea2, 0x7f69, 0x7fd5, 0x8012, 0x7fa7, 0x7f4b, 0x7f4b,
   0x7f2c, 0x7f4b, 0x7f4b, 0x7ff3, 0x806e, 0x806e, 0x805f, 0x8022, 0x7fe4,
   0x7f88, 0x7f97, 0x8022, 0x805f, 0x8012, 0x7f88, 0x8012, 0x806e, 0x8022,
   0x7ff3, 0x7f5a, 0x7f2c, 0x7f5a, 0x7fa7, 0x7f97, 0x8012, 0x80bb, 0x80bb,
   0x807e, 0x8031, 0x8012, 0x8012, 0x8003, 0x8003, 0x8040, 0x7fe4, 0x7fe4,
   0x8022, 0x8031, 0x8050, 0x8022, 0x8012, 0x8031, 0x8022, 0x7f69, 0x7ec1,
   0x7f1d, 0x7f1d, 0x7eef, 0x7f4b, 0x7ff3, 0x7fe4, 0x7f97, 0x7f69, 0x7f3b,
   0x7f2c, 0x7f69, 0x7fa7, 0x7fb6, 0x7f69, 0x7fc5, 0x7ff3, 0x7f79, 0x8003,
   0x7f97, 0x7f79, 0x7f79, 0x7fb6, 0x7fb6, 0x8031, 0x7ff3, 0x805f, 0x8050,
   0x8012, 0x7ff3, 0x80ac, 0x7ff3, 0x7ff3, 0x8012, 0x8012, 0x8003, 0x8022,
   0x7f88, 0x7f97, 0x8022, 0x7fd5, 0x805f, 0x80ca, 0x80e9, 0x805f, 0x809c,
   0x7f88, 0x7f1d, 0x7f69, 0x7f3b, 0x7f79, 0x7f79, 0x8031, 0x8012, 0x8022,
   0x8022, 0x80bb, 0x808d, 0x80ac, 0x8012, 0x7fa7, 0x7f97, 0x7fa7, 0x8040,
   0x7ff3, 0x8031, 0x7ff3, 0x7fb6, 0x7f88, 0x7f4b, 0x7f1d, 0x7edf, 0x7e83,
   0x7edf, 0x7f3b, 0x7fa7, 0x7fd5, 0x7f79, 0x7f69, 0x7f3b, 0x7fd5, 0x7fb6,
   0x7fc5, 0x7fd5, 0x7f79, 0x7fb6, 0x7fc5, 0x8012, 0x7fc5, 0x8022, 0x7ff3,
   0x8050, 0x805f, 0x806e, 0x8040, 0x8031, 0x80bb, 0x8108, 0x8117, 0x8012,
   0x7f97, 0x7fe4, 0x8003, 0x80ac, 0x8050, 0x8012, 0x8003, 0x8040, 0x806e,
   0x805f, 0x8050, 0x809c, 0x808d, 0x808d, 0x8031, 0x7f4b, 0x7f5a, 0x7f69,
   0x7f2c, 0x7f69, 0x7fa7, 0x7ff3, 0x807e, 0x807e, 0x808d, 0x808d, 0x806e,
   0x8031, 0x808d, 0x80ac, 0x806e, 0x8050, 0x808d, 0x805f, 0x80ac, 0x8022,
   0x805f, 0x7f79, 0x7f4b, 0x7f0d, 0x7eef, 0x7f5a, 0x8040, 0x805f, 0x8050,
   0x7fd5, 0x7fc5, 0x8012, 0x7fb6, 0x7f5a, 0x7f5a, 0x7f3b, 0x7edf, 0x7f79,
   0x8012, 0x809c, 0x805f, 0x808d, 0x8022, 0x7fc5, 0x7fb6, 0x7fe4, 0x8031,
   0x8012, 0x8022, 0x8050, 0x807e, 0x80da, 0x805f, 0x8040, 0x8050, 0x80ca,
   0x807e, 0x8012, 0x7fe4, 0x8012, 0x8003, 0x7ff3, 0x7ff3, 0x807e, 0x8117,
   0x8126, 0x8145, 0x80ac, 0x8050, 0x7fc5, 0x7f1d, 0x7f0d, 0x7ea2, 0x7f1d,
   0x7f79, 0x8022, 0x8003, 0x8022, 0x7fc5, 0x7fe4, 0x8040, 0x8012, 0x8031,
   0x8022, 0x8050, 0x806e, 0x7fa7, 0x7f1d, 0x7f1d, 0x7ed0, 0x7f3b, 0x7f2c,
   0x7f5a, 0x7ff3, 0x7f4b, 0x7f3b, 0x7f69, 0x7f88, 0x7fe4, 0x7f1d, 0x7f1d,
   0x7f5a, 0x7f4b, 0x7f79, 0x7f69, 0x7f79, 0x7f5a, 0x7f2c, 0x7ed0, 0x7eb1,
   0x7f1d, 0x7fa7, 0x7fd5, 0x8050, 0x8040, 0x8003, 0x7f97, 0x7ce4, 0x7a03,
   0x7969, 0x790d, 0x7a9d, 0x7cc5, 0x7ec1, 0x8154, 0x835f, 0x850c, 0x84de,
   0x8464, 0x8340, 0x8278, 0x8259, 0x82c6, 0x823a, 0x824a, 0x8192, 0x80bb,
   0x8003, 0x7f1d, 0x7f1d, 0x7f1d, 0x7f4b, 0x7ff3, 0x8040, 0x806e, 0x8040,
   0x7fc5, 0x7f5a, 0x7ff3, 0x80bb, 0x807e, 0x8022, 0x7fa7, 0x7f1d, 0x7eef,
   0x7fe4, 0x8012, 0x7fb6, 0x7fc5, 0x8012, 0x809c, 0x8031, 0x8012, 0x7ff3,
   0x7ff3, 0x8012, 0x8050, 0x8012, 0x7f5a, 0x7fd5, 0x7fe4, 0x7ff3, 0x8031,
   0x7ff3, 0x805f, 0x809c, 0x8022, 0x8003, 0x8040, 0x80ac, 0x8108, 0x809c,
   0x80bb, 0x805f, 0x805f, 0x805f, 0x808d, 0x809c, 0x7f88, 0x7f5a, 0x7fa7,
   0x7fe4, 0x7f97, 0x8022, 0x805f, 0x805f, 0x7ff3, 0x8003, 0x8031, 0x8012,
   0x8012, 0x8050, 0x8040, 0x805f, 0x8040, 0x7fd5, 0x7f69, 0x7f69, 0x7fe4,
   0x807e, 0x80f8, 0x8136, 0x8108, 0x806e, 0x7fe4, 0x7f4b, 0x7f5a, 0x806e,
   0x7f88, 0x7efe, 0x7edf, 0x7f4b, 0x7f79, 0x7fb6, 0x7fd5, 0x7fe4, 0x7f79,
   0x7f1d, 0x7f5a, 0x7f5a, 0x7f3b, 0x7f4b, 0x7f79, 0x7fe4, 0x7fe4, 0x8031,
   0x8012, 0x8012, 0x806e, 0x807e, 0x8003, 0x7f97, 0x8022, 0x8050, 0x8040,
   0x808d, 0x807e, 0x8031, 0x8040, 0x8031, 0x8031, 0x8040, 0x7f69, 0x7f5a,
   0x7f0d, 0x7f88, 0x7f97, 0x7fc5, 0x8022, 0x806e, 0x80ac, 0x807e, 0x808d,
   0x7ff3, 0x8003, 0x7f88, 0x7fc5, 0x7ff3, 0x8031, 0x8031, 0x8012, 0x7ff3,
   0x7ff3, 0x8012, 0x80ac, 0x80da, 0x8145, 0x80e9, 0x80ac, 0x8050, 0x7f5a,
   0x7f4b, 0x7f3b, 0x7f79, 0x7f79, 0x7f97, 0x7f2c, 0x7f4b, 0x7f79, 0x7f4b,
   0x7f2c, 0x7f4b, 0x7ff3, 0x8003, 0x8012, 0x807e, 0x80ca, 0x805f, 0x8022,
   0x8022, 0x8012, 0x806e, 0x807e, 0x7fb6, 0x7fb6, 0x8003, 0x8003, 0x8012,
   0x8012, 0x806e, 0x807e, 0x8031, 0x7f88, 0x7fa7, 0x8012, 0x7f88, 0x8012,
   0x7ff3, 0x8012, 0x807e, 0x8050, 0x8031, 0x7fc5, 0x7f1d, 0x7f0d, 0x7f2c,
   0x7f88, 0x7fe4, 0x7f4b, 0x7f2c, 0x7f5a, 0x7fd5, 0x8012, 0x809c, 0x8136,
   0x80ac, 0x7fe4, 0x7efe, 0x7f5a, 0x7f4b, 0x7fc5, 0x8040, 0x806e, 0x808d,
   0x7fc5, 0x7fe4, 0x7fa7, 0x8022, 0x81c0, 0x8136, 0x807e, 0x8012, 0x8040,
   0x808d, 0x8108, 0x8117, 0x80ac, 0x8003, 0x8012, 0x7f97, 0x7f3b, 0x7f2c,
   0x7f88, 0x7fd5, 0x8012, 0x8050, 0x809c, 0x8040, 0x8012, 0x8040, 0x8022,
   0x805f, 0x80e9, 0x80da, 0x8012, 0x8003, 0x7ff3, 0x7f97, 0x8022, 0x8012,
   0x7fd5, 0x7fa7, 0x7f69, 0x7f2c, 0x7f69, 0x8003, 0x8031, 0x8040, 0x8040,
   0x8012, 0x7f97, 0x7f79, 0x7fd5, 0x806e, 0x806e, 0x805f, 0x807e, 0x8022,
   0x8031, 0x7fc5, 0x7f3b, 0x7f88, 0x7f4b, 0x7f88, 0x7edf, 0x7efe, 0x7f3b,
   0x7f3b, 0x7fd5, 0x8012, 0x808d, 0x80f8, 0x80ac, 0x808d, 0x8050, 0x7fa7,
   0x7f2c, 0x7f97, 0x7ff3, 0x7fe4, 0x7fe4, 0x7f97, 0x7ff3, 0x7f79, 0x8031,
   0x8012, 0x7ff3, 0x7f97, 0x7f88, 0x8012, 0x808d, 0x806e, 0x805f, 0x8012,
   0x7ff3, 0x805f, 0x8050, 0x8022, 0x807e, 0x807e, 0x805f, 0x8031, 0x8022,
   0x8022, 0x8031, 0x807e, 0x80bb, 0x80da, 0x807e, 0x8022, 0x8031, 0x8003,
   0x8012, 0x8050, 0x807e, 0x807e, 0x7f88, 0x7f0d, 0x7f4b, 0x7f88, 0x7f69,
   0x7fb6, 0x8003, 0x7fd5, 0x7f69, 0x7f1d, 0x7f4b, 0x7f3b, 0x7f4b, 0x7fb6,
   0x806e, 0x7fd5, 0x7f3b, 0x7fb6, 0x8012, 0x8022, 0x805f, 0x7fd5, 0x7fe4,
   0x805f, 0x8022, 0x8012, 0x8003, 0x7fb6, 0x7f97, 0x7f1d, 0x7f2c, 0x7fa7,
   0x8003, 0x8003, 0x805f, 0x8050, 0x7fe4, 0x7fc5, 0x7f3b, 0x7f79, 0x8040,
   0x80ac, 0x8145, 0x80e9, 0x8012, 0x7ff3, 0x8050, 0x8022, 0x8040, 0x807e,
   0x8050, 0x8031, 0x8040, 0x8031, 0x80ca, 0x805f, 0x805f, 0x8022, 0x8003,
   0x7f5a, 0x7f3b, 0x7f88, 0x7f88, 0x7f69, 0x8012, 0x7fb6, 0x7f4b, 0x7ec1,
   0x7ed0, 0x7ed0, 0x7f1d, 0x7fb6, 0x7f69, 0x7fc5, 0x7f88, 0x7f3b, 0x7f1d,
   0x7f4b, 0x7f5a, 0x7fc5, 0x8003, 0x8003, 0x805f, 0x80ca, 0x8050, 0x7f4b,
   0x7f5a, 0x7fc5, 0x7f88, 0x7fc5, 0x8012, 0x7fd5, 0x8012, 0x8040, 0x7f3b,
   0x7f3b, 0x8012, 0x8050, 0x805f, 0x8003, 0x8012, 0x807e, 0x8050, 0x7ff3,
   0x80ac, 0x80ca, 0x80da, 0x81b0, 0x8154, 0x808d, 0x807e, 0x8108, 0x81b0,
   0x8154, 0x8117, 0x807e, 0x807e, 0x8012, 0x7fb6, 0x8003, 0x7fe4, 0x8031,
   0x80bb, 0x80ac, 0x80ac, 0x8012, 0x8040, 0x7fc5, 0x8012, 0x8040, 0x807e,
   0x7f97, 0x7f5a, 0x7edf, 0x7efe, 0x8012, 0x807e, 0x806e, 0x806e, 0x805f,
   0x8022, 0x8031, 0x7fd5, 0x7efe, 0x7f2c, 0x7f1d, 0x7fa7, 0x7f3b, 0x7f1d,
   0x7fd5, 0x7f79, 0x7ff3, 0x7fe4, 0x8022, 0x7fe4, 0x7fe4, 0x7f4b, 0x7f88,
   0x8012, 0x7f79, 0x7ed0, 0x7efe, 0x7f2c, 0x7fc5, 0x7fc5, 0x7f97, 0x8012,
   0x8050, 0x7f97, 0x7f69, 0x7f97, 0x8022, 0x80e9, 0x81a1, 0x8192, 0x8173,
   0x80f8, 0x8192, 0x80f8, 0x809c, 0x8031, 0x8022, 0x7fc5, 0x8012, 0x8040,
   0x808d, 0x80da, 0x80e9, 0x8031, 0x8012, 0x8050, 0x8003, 0x807e, 0x80bb,
   0x8117, 0x8108, 0x80ca, 0x80ca, 0x80ac, 0x8040, 0x7fe4, 0x805f, 0x807e,
   0x807e, 0x8050, 0x8031, 0x805f, 0x8031, 0x8022, 0x7fe4, 0x7fd5, 0x7ff3,
   0x8003, 0x8022, 0x8031, 0x8012, 0x7f69, 0x7e93, 0x7f2c, 0x7fb6, 0x806e,
   0x8040, 0x7fd5, 0x7fc5, 0x8050, 0x808d, 0x807e, 0x8012, 0x8031, 0x8022,
   0x7f97, 0x8040, 0x80ac, 0x80ac, 0x8031, 0x8050, 0x8003, 0x8022, 0x7fd5,
   0x7f5a, 0x7f97, 0x7fb6, 0x7fb6, 0x8012, 0x807e, 0x807e, 0x808d, 0x8050,
   0x7ff3, 0x7ea1, 0x7ede, 0x7f2b, 0x7f5a, 0x7f5a, 0x7f97, 0x7f97, 0x7fd5,
   0x7f79, 0x7efe, 0x7e65, 0x7e83, 0x7e83, 0x7f3b, 0x7f79, 0x7fa7, 0x7fc5,
   0x7fc5, 0x7fb6, 0x7f97, 0x7fa7, 0x7fb6, 0x7fb6, 0x8012, 0x7fa7, 0x7f5a,
   0x7f88, 0x7fe4, 0x807e, 0x805f, 0x8003, 0x8012, 0x8031, 0x7fb6, 0x8040,
   0x809c, 0x8126, 0x8164, 0x8136, 0x8136, 0x8108, 0x809c, 0x8031, 0x8040,
   0x805f, 0x805f, 0x8012, 0x8003, 0x8012, 0x8012, 0x8031, 0x7f79, 0x7fa7,
   0x7fa7, 0x7fd5, 0x7fe4, 0x7fb6, 0x7f69, 0x7fb6, 0x7f69, 0x7fb6, 0x805f,
   0x808d, 0x807e, 0x8022, 0x8031, 0x7ff3, 0x8012, 0x7ff3, 0x8012, 0x8050,
   0x808d, 0x8012, 0x8003, 0x8050, 0x80bb, 0x80f8, 0x80da, 0x807e, 0x809c,
   0x806e, 0x8050, 0x809c, 0x8012, 0x8003, 0x7fc5, 0x7f3b, 0x7f79, 0x7ff3,
   0x8003, 0x7f0d, 0x7edf, 0x7efe, 0x7f5a, 0x7fe4, 0x8040, 0x808d, 0x808d,
   0x7f5a, 0x7f69, 0x7f4b, 0x7f79, 0x7fa7, 0x7fb6, 0x7fb6, 0x7f88, 0x7f69,
   0x8003, 0x7fb6, 0x7ff3, 0x8012, 0x7fc5, 0x8031, 0x806e, 0x8050, 0x8022,
   0x8022, 0x7ff3, 0x7fb6, 0x7ff3, 0x8003, 0x8050, 0x808d, 0x80ac, 0x7fe4,
   0x8012, 0x8012, 0x7f88, 0x7f79, 0x7fe4, 0x7fe4, 0x8012, 0x8012, 0x8050,
   0x7fe4, 0x7f88, 0x7ff3, 0x7fd5, 0x7ff3, 0x8003, 0x7fd5, 0x8022, 0x805f,
   0x7f4b, 0x7f2c, 0x7f2c, 0x7f69, 0x7f69, 0x7fb6, 0x7ff3, 0x8031, 0x807e,
   0x80e9, 0x8182, 0x8173, 0x8145, 0x8108, 0x80ac, 0x80ac, 0x808d, 0x80ac,
   0x8050, 0x8012, 0x7f97, 0x7f97, 0x7f79, 0x7fb6, 0x7f88, 0x7fb6, 0x7f97,
   0x7fd5, 0x7fa7, 0x8012, 0x8012, 0x805f, 0x8012, 0x7fe4, 0x7f4b, 0x7e93,
   0x7eef, 0x7f0d, 0x7f97, 0x8040, 0x8012, 0x8050, 0x8003, 0x7ff3, 0x8031,
   0x807e, 0x809c, 0x80bb, 0x806e, 0x8040, 0x8022, 0x7ff3, 0x7fe4, 0x8022,
   0x806e, 0x809c, 0x806e, 0x8050, 0x805f, 0x8022, 0x7ff3, 0x8031, 0x7fc5,
   0x8040, 0x805f, 0x8050, 0x7fa7, 0x7fb6, 0x7fb6, 0x7f97, 0x7fc5, 0x7fd5,
   0x8031, 0x809c, 0x8040, 0x80da, 0x80ca, 0x805f, 0x806e, 0x808d, 0x8012,
   0x8012, 0x7fd5, 0x7ff3, 0x8022, 0x7ff3, 0x7fc5, 0x8012, 0x7fb6, 0x7fd5,
   0x7ff3, 0x8050, 0x8012, 0x7f97, 0x7fa7, 0x8003, 0x8012, 0x806e, 0x806e,
   0x806e, 0x8003, 0x8003, 0x8003, 0x7fe4, 0x7ff3, 0x8040, 0x80ac, 0x808d,
   0x806e, 0x8040, 0x808d, 0x80ca, 0x80f8, 0x808d, 0x805f, 0x806e, 0x8050,
   0x8040, 0x8050, 0x80da, 0x8050, 0x80ac, 0x809c, 0x8117, 0x807e, 0x7fd5,
   0x7f88, 0x7f0d, 0x7fa7, 0x7f88, 0x7fa7, 0x7f97, 0x7ff3, 0x7fe4, 0x7fe4,
   0x8003, 0x7ff3, 0x7f79, 0x7edf, 0x7e74, 0x7ea2, 0x7eef, 0x7f1d, 0x7f2c,
   0x7f79, 0x7f88, 0x7fd5, 0x7f97, 0x7f88, 0x7f69, 0x8012, 0x8031, 0x7ff3,
   0x805f, 0x809c, 0x806e, 0x806e, 0x8040, 0x808d, 0x808d, 0x8040, 0x8022,
   0x7ff3, 0x7fa7, 0x7f3b, 0x7efe, 0x7f1d, 0x7f97, 0x7f4b, 0x7eef, 0x7efe,
   0x7f88, 0x7f79, 0x7f79, 0x7f5a, 0x7f88, 0x8012, 0x807e, 0x809c, 0x80e9,
   0x80bb, 0x809c, 0x80ac, 0x80ca, 0x808d, 0x805f, 0x8022, 0x8012, 0x8012,
   0x7fd5, 0x7f79, 0x7f1d, 0x7f3b, 0x7f2c, 0x7f0d, 0x7f5a, 0x7f0d, 0x7f69,
   0x7f5a, 0x7fc5, 0x8012, 0x8022, 0x806e, 0x7fc5, 0x7f79, 0x7f79, 0x7f69,
   0x7f79, 0x7f69, 0x7f88, 0x7f2c, 0x7f97, 0x7f97, 0x7fd5, 0x80ca, 0x8040,
   0x8031, 0x806e, 0x809c, 0x7fe4, 0x7fe4, 0x7fd5, 0x7f88, 0x7fd5, 0x7ff3,
   0x7fe4, 0x7fb6, 0x7f97, 0x7fc5, 0x7f5a, 0x7f88, 0x7f97, 0x7fd5, 0x7f1d,
   0x7f4b, 0x7fa7, 0x805f, 0x80ca, 0x80f8, 0x80e9, 0x80ac, 0x8022, 0x8022,
   0x8003, 0x8022, 0x807e, 0x808d, 0x80bb, 0x8012, 0x7fb6, 0x7fa7, 0x7f79,
   0x8012, 0x7fa7, 0x8003, 0x7f97, 0x7f5a, 0x7fc5, 0x7f88, 0x8022, 0x8031,
   0x805f, 0x8164, 0x80bb, 0x805f, 0x805f, 0x806e, 0x8031, 0x8022, 0x7ff3,
   0x8050, 0x809c, 0x8050, 0x8050, 0x7fb6, 0x7edf, 0x7f5a, 0x805f, 0x8050,
   0x807e, 0x80ac, 0x807e, 0x8040, 0x807e, 0x80ca, 0x806e, 0x806e, 0x7fb6,
   0x7f88, 0x7f88, 0x7ff3, 0x806e, 0x8050, 0x8012, 0x8022, 0x7ff3, 0x8022,
   0x8031, 0x8003, 0x7fd5, 0x8031, 0x807e, 0x8040, 0x8012, 0x8003, 0x8040,
   0x8003, 0x7fe4, 0x8031, 0x8012, 0x8003, 0x7ff3, 0x7fe4, 0x805f, 0x8050,
   0x8050, 0x807e, 0x8050, 0x8022, 0x8031, 0x8022, 0x7fb6, 0x7f97, 0x7fe4,
   0x8050, 0x805f, 0x808d, 0x806e, 0x80ca, 0x806e, 0x8012, 0x7ff3, 0x7fe4,
   0x7fc5, 0x8031, 0x8040, 0x8012, 0x7ff3, 0x8012, 0x8003, 0x8040, 0x8012,
   0x7fd5, 0x7f5a, 0x7f97, 0x7efe, 0x7f79, 0x7f97, 0x7fe4, 0x8022, 0x7fd5,
   0x7f69, 0x7f4b, 0x7fc5, 0x7f69, 0x7f0d, 0x7c2c, 0x7883, 0x77db, 0x78c1,
   0x7a13, 0x7cf5, 0x7f4b, 0x8136, 0x82d4, 0x8426, 0x83e9, 0x8408, 0x8320,
   0x8287, 0x8259, 0x81b0, 0x820c, 0x81a1, 0x81a1, 0x8192, 0x80da, 0x809c,
   0x808d, 0x80da, 0x80ac, 0x8145, 0x80ca, 0x805f, 0x7f97, 0x7f5a, 0x8022,
   0x806e, 0x809c, 0x807e, 0x806e, 0x807e, 0x8031, 0x805f, 0x8040, 0x8031,
   0x7fa7, 0x7f88, 0x8022, 0x806e, 0x805f, 0x8040, 0x80da, 0x8108, 0x80da,
   0x8108, 0x8012, 0x7efe, 0x7efe, 0x7f0d, 0x7fc5, 0x8022, 0x807e, 0x80e9,
   0x8003, 0x7ff3, 0x8003, 0x7fb6, 0x805f, 0x806e, 0x7fe4, 0x7f69, 0x7fa7,
   0x8022, 0x80ca, 0x80ac, 0x808d, 0x805f, 0x80bb, 0x808d, 0x807e, 0x807e,
   0x7fe4, 0x7fd5, 0x7fb6, 0x7ff3, 0x7ff3, 0x8012, 0x7f97, 0x8012, 0x8022,
   0x8050, 0x809c, 0x809c, 0x8031, 0x807e, 0x805f, 0x8012, 0x7f97, 0x7f5a,
   0x7f4b, 0x7fd5, 0x7f5a, 0x7f1d, 0x7f88, 0x7fd5, 0x7fc5, 0x8003, 0x7fd5,
   0x8003, 0x8022, 0x8003, 0x8050, 0x8012, 0x8022, 0x805f, 0x7ff3, 0x7f5a,
   0x7f1d, 0x7f3b, 0x7f3b, 0x8003, 0x80bb, 0x808d, 0x80ac, 0x80bb, 0x80f8,
   0x80bb, 0x805f, 0x80bb, 0x8050, 0x8040, 0x8003, 0x7fd5, 0x7f69, 0x7f4b,
   0x7f2c, 0x7fc5, 0x7ff3, 0x8050, 0x8040, 0x8040, 0x8050, 0x8022, 0x7fa7,
   0x7fe4, 0x7fb6, 0x7fe4, 0x8022, 0x8003, 0x8022, 0x7fd5, 0x8012, 0x7fa7,
   0x7ff3, 0x7fb6, 0x7fe4, 0x7f69, 0x7f3b, 0x7f69, 0x7fc5, 0x7fc5, 0x8003,
   0x8050, 0x8126, 0x80f8, 0x7fa7, 0x7f79, 0x7f5a, 0x7ed0, 0x7e83, 0x7e93,
   0x7eb1, 0x7f1d, 0x7f79, 0x8040, 0x8182, 0x81de, 0x8117, 0x8012, 0x7fe4,
   0x7fc5, 0x7f97, 0x7fc5, 0x7f79, 0x7fc5, 0x7f97, 0x8003, 0x8003, 0x7fa7,
   0x7f69, 0x7fe4, 0x7f4b, 0x7ed0, 0x7eb1, 0x7f1d, 0x7eb1, 0x7ed0, 0x7edf,
   0x7ec1, 0x7f97, 0x8012, 0x806e, 0x80e9, 0x80e9, 0x8108, 0x806e, 0x7ff3,
   0x8012, 0x805f, 0x8022, 0x8022, 0x7f97, 0x7f3b, 0x7f88, 0x8022, 0x807e,
   0x805f, 0x8040, 0x809c, 0x8040, 0x8050, 0x8012, 0x8003, 0x7fc5, 0x7f79,
   0x7f2c, 0x7f1d, 0x7f88, 0x7fc5, 0x8040, 0x807e, 0x80e9, 0x809c, 0x80e9,
   0x805f, 0x8050, 0x8040, 0x8022, 0x7fd5, 0x8012, 0x7fb6, 0x7f0d, 0x7edf,
   0x7edf, 0x7f0d, 0x8012, 0x8050, 0x7fe4, 0x8003, 0x7fa7, 0x7f69, 0x7edf,
   0x7f5a, 0x807e, 0x809c, 0x805f, 0x808d, 0x809c, 0x8136, 0x8164, 0x80ca,
   0x7fa7, 0x7f79, 0x7f88, 0x7f97, 0x8012, 0x8022, 0x7fd5, 0x8040, 0x808d,
   0x806e, 0x8050, 0x8003, 0x7fe4, 0x8012, 0x8003, 0x8022, 0x7ff3, 0x8031,
   0x8012, 0x8012, 0x7f79, 0x8003, 0x7f79, 0x7f97, 0x7f79, 0x7f5a, 0x7fd5,
   0x7fd5, 0x7fb6, 0x7f2c, 0x7f2c, 0x7f79, 0x7fa7, 0x7f4b, 0x7eb1, 0x7e65,
   0x7f79, 0x8022, 0x805f, 0x807e, 0x80da, 0x8126, 0x80da, 0x808d, 0x8031,
   0x807e, 0x807e, 0x7ff3, 0x7fe4, 0x8003, 0x7f5a, 0x7f2c, 0x7fa7, 0x7ff3,
   0x7f5a, 0x7f3b, 0x7f2c, 0x7f79, 0x7f79, 0x7fd5, 0x805f, 0x8031, 0x8003,
   0x7ff3, 0x7fe4, 0x7fd5, 0x7fb6, 0x7fd5, 0x7fe4, 0x7f97, 0x7fa7, 0x7f88,
   0x806e, 0x8145, 0x8145, 0x806e, 0x8031, 0x805f, 0x805f, 0x8031, 0x807e,
   0x8022, 0x8050, 0x8012, 0x8012, 0x7f69, 0x8012, 0x8012, 0x8003, 0x807e,
   0x807e, 0x806e, 0x809c, 0x7fc5, 0x7fb6, 0x8031, 0x7fd5, 0x808d, 0x8031,
   0x808d, 0x807e, 0x8050, 0x7fd5, 0x7fc5, 0x8012, 0x8022, 0x808d, 0x80da,
   0x80e9, 0x80da, 0x8108, 0x80e9, 0x8164, 0x8108, 0x8117, 0x7ff3, 0x8050,
   0x8050, 0x7fd5, 0x7fd5, 0x7f79, 0x7ff3, 0x8012, 0x8031, 0x8012, 0x8040,
   0x8022, 0x80e9, 0x809c, 0x8022, 0x7fd5, 0x7fe4, 0x8012, 0x8012, 0x806e,
   0x808d, 0x805f, 0x8050, 0x8012, 0x7fc5, 0x8012, 0x8022, 0x7f88, 0x7f0d,
   0x7eb1, 0x7eef, 0x7f2c, 0x7c88, 0x7997, 0x78b1, 0x794b, 0x7abc, 0x7cf3,
   0x7f69, 0x81ee, 0x834e, 0x84de, 0x854a, 0x84a1, 0x839c, 0x82e3, 0x8287,
   0x8287, 0x8296, 0x8268, 0x81ee, 0x81c0, 0x81ee, 0x81de, 0x8192, 0x8031,
   0x7f79, 0x8022, 0x8040, 0x8003, 0x805f, 0x809c, 0x809c, 0x80bb, 0x806e,
   0x80ac, 0x806e, 0x809c, 0x80bb, 0x80bb, 0x806e, 0x7f4b, 0x7f2c, 0x7f4b,
   0x7fa7, 0x7fa7, 0x8050, 0x805f, 0x8003, 0x7fd5, 0x7fe4, 0x7fe4, 0x8012,
   0x8050, 0x8022, 0x809c, 0x80ac, 0x80bb, 0x80da, 0x80bb, 0x809c, 0x8003,
   0x7fc5, 0x7ff3, 0x8040, 0x8050, 0x8022, 0x7f5a, 0x7efe, 0x7f5a, 0x7fd5,
   0x7fe4, 0x7fb6, 0x8003, 0x8012, 0x8003, 0x7f97, 0x7fa7, 0x7f69, 0x8003,
   0x805f, 0x80f8, 0x805f, 0x8022, 0x8050, 0x8012, 0x8012, 0x8012, 0x8031,
   0x805f, 0x7fa7, 0x7edf, 0x7ed0, 0x7f2c, 0x7f5a, 0x7fc5, 0x8022, 0x8031,
   0x80bb, 0x805f, 0x8031, 0x8050, 0x8050, 0x80e9, 0x80bb, 0x80da, 0x8136,
   0x80da, 0x806e, 0x8003, 0x8003, 0x7f88, 0x7f79, 0x7ff3, 0x809c, 0x8012,
   0x8031, 0x8031, 0x8031, 0x8040, 0x806e, 0x807e, 0x80bb, 0x8050, 0x808d,
   0x808d, 0x8050, 0x8031, 0x8022, 0x8012, 0x8003, 0x8022, 0x805f, 0x8031,
   0x7fb6, 0x7fb6, 0x7f88, 0x7f79, 0x8040, 0x8050, 0x8022, 0x809c, 0x80ac,
   0x807e, 0x809c, 0x808d, 0x7fc5, 0x7fe4, 0x805f, 0x805f, 0x8050, 0x7fa7,
   0x8022, 0x80bb, 0x807e, 0x80ac, 0x807e, 0x807e, 0x8040, 0x7fa7, 0x7f69,
   0x7f1d, 0x7f69, 0x7f3b, 0x7f0d, 0x7f4b, 0x8050, 0x8012, 0x807e, 0x80da,
   0x8126, 0x805f, 0x7ff3, 0x7fd5, 0x7f69, 0x7f0d, 0x7f79, 0x7f88, 0x7fd5,
   0x8012, 0x805f, 0x8012, 0x7fe4, 0x7fc5, 0x7f97, 0x7fd5, 0x7f88, 0x7fb6,
   0x7fe4, 0x8003, 0x7fd5, 0x7fd5, 0x7fa7, 0x8003, 0x8040, 0x8040, 0x8003,
   0x7fc5, 0x7f97, 0x7f88, 0x7ff3, 0x8012, 0x8050, 0x80bb, 0x805f, 0x808d,
   0x809c, 0x809c, 0x8003, 0x7efe, 0x7f0d, 0x7f4b, 0x7f69, 0x7fa7, 0x8050,
   0x8040, 0x7fc5, 0x7f97, 0x7f88, 0x8012, 0x8040, 0x8050, 0x8040, 0x805f,
   0x8031, 0x80ac, 0x809c, 0x8040, 0x8003, 0x8040, 0x8031, 0x80ca, 0x805f,
   0x8012, 0x8003, 0x80bb, 0x80e9, 0x80e9, 0x80e9, 0x805f, 0x7fe4, 0x7fe4,
   0x806e, 0x8031, 0x8050, 0x8050, 0x7ff3, 0x806e, 0x809c, 0x808d, 0x8050,
   0x8050, 0x807e, 0x808d, 0x8031, 0x80ac, 0x805f, 0x8031, 0x8012, 0x7fc5,
   0x7f79, 0x7fb6, 0x7fd5, 0x7fb6, 0x8040, 0x7fd5, 0x7f69, 0x7fb6, 0x7f0d,
   0x7edf, 0x7f88, 0x7f4b, 0x8012, 0x805f, 0x809c, 0x80ca, 0x8108, 0x80ca,
   0x807e, 0x8022, 0x7fb6, 0x7ff3, 0x7f79, 0x7ea2, 0x7ed0, 0x7ea2, 0x7e93,
   0x7f1d, 0x7ed0, 0x7edf, 0x7efe, 0x7ec1, 0x7f0d, 0x7f3b, 0x7edf, 0x7f2c,
   0x7f69, 0x7fc5, 0x7fa7, 0x8040, 0x806e, 0x809c, 0x806e, 0x80ac, 0x806e,
   0x807e, 0x805f, 0x8050, 0x7f97, 0x7f69, 0x7f79, 0x7f88, 0x7ff3, 0x8031,
   0x806e, 0x807e, 0x808d, 0x806e, 0x8022, 0x806e, 0x7fe4, 0x8012, 0x7f79,
   0x7f4b, 0x7f5a, 0x7f88, 0x7f69, 0x8031, 0x80e9, 0x8108, 0x809c, 0x8022,
   0x8022, 0x8012, 0x8003, 0x8003, 0x8012, 0x8012, 0x8022, 0x8012, 0x7fa7,
   0x8012, 0x805f, 0x8012, 0x8022, 0x7f79, 0x7fa7, 0x7fb6, 0x8040, 0x808d,
   0x807e, 0x806e, 0x809c, 0x806e, 0x8050, 0x8012, 0x7f69, 0x8012, 0x7fe4,
   0x8050, 0x80bb, 0x808d, 0x80ca, 0x8022, 0x8050, 0x8012, 0x7f88, 0x7fa7,
   0x7fd5, 0x8012, 0x8003, 0x806e, 0x806e, 0x8012, 0x806e, 0x80e9, 0x80da,
   0x8012, 0x7fd5, 0x7f88, 0x7fc5, 0x8050, 0x806e, 0x80ca, 0x8173, 0x8117,
   0x8108, 0x8108, 0x80ca, 0x808d, 0x8040, 0x8012, 0x7f88, 0x8012, 0x8031,
   0x808d, 0x80ac, 0x8040, 0x8003, 0x8003, 0x7fe4, 0x8012, 0x8012, 0x7ff3,
   0x8022, 0x8012, 0x8031, 0x8050, 0x7ff3, 0x8040, 0x7fd5, 0x7fa7, 0x7fc5,
   0x7fa7, 0x7f3b, 0x7e74, 0x7ed0, 0x7f4b, 0x806e, 0x808d, 0x8012, 0x7ff3,
   0x8003, 0x8012, 0x806e, 0x8031, 0x7fb6, 0x7f1d, 0x7eef, 0x7eef, 0x7f4b,
   0x806e, 0x8050, 0x8031, 0x7fe4, 0x8012, 0x7f88, 0x7f4b, 0x7f4b, 0x7f97,
   0x7f88, 0x7f79, 0x7f79, 0x7f88, 0x7ed0, 0x7eb1, 0x7e55, 0x7f69, 0x7fc5,
   0x7fa7, 0x7fa7, 0x7fd5, 0x7fc5, 0x8012, 0x7f88, 0x7f5a, 0x7efe, 0x7ed0,
   0x7f2c, 0x7f3b, 0x7f79, 0x7f5a, 0x7fa7, 0x7f97, 0x7f97, 0x7fd5, 0x7fc5,
   0x809c, 0x805f, 0x8040, 0x7fa7, 0x7f97, 0x7f5a, 0x7f5a, 0x805f, 0x809c,
   0x80da, 0x80bb, 0x8031, 0x8003, 0x7f5a, 0x7eef, 0x7eef, 0x7fd5, 0x8012,
   0x8040, 0x808d, 0x80bb, 0x80ca, 0x80bb, 0x806e, 0x8031, 0x806e, 0x80ac,
   0x8108, 0x8117, 0x8117, 0x80bb, 0x8003, 0x7fa7, 0x7fd5, 0x7fb6, 0x7f1d,
   0x7f3b, 0x7fa7, 0x808d, 0x80bb, 0x809c, 0x809c, 0x8108, 0x8136, 0x8108,
   0x809c, 0x8012, 0x7ff3, 0x7ff3, 0x8012, 0x80ca, 0x80ca, 0x806e, 0x8022,
   0x80ca, 0x8164, 0x8136, 0x80e9, 0x808d, 0x8003, 0x7fc5, 0x7ff3, 0x7f69,
   0x8012, 0x808d, 0x80f8, 0x80bb, 0x80ac, 0x807e, 0x808d, 0x80ac, 0x8031,
   0x806e, 0x80ac, 0x80da, 0x805f, 0x805f, 0x807e, 0x809c, 0x8117, 0x80e9,
   0x8154, 0x8136, 0x8154, 0x80ca, 0x7fa7, 0x7f5a, 0x7fa7, 0x8040, 0x80f8,
   0x8012, 0x7fb6, 0x7fe4, 0x8050, 0x809c, 0x809c, 0x7fb6, 0x7f5a, 0x8031,
   0x806e, 0x806e, 0x8050, 0x8003, 0x7f97, 0x7eb1, 0x7eef, 0x7f1d, 0x7fb6,
   0x8022, 0x7f88, 0x7e83, 0x7e74, 0x7f3b, 0x7f79, 0x7fd5, 0x8040, 0x80bb,
   0x808d, 0x8012, 0x8003, 0x7f2c, 0x7edf, 0x7eef, 0x7fb6, 0x7f2c, 0x7fc5,
   0x8003, 0x8050, 0x806e, 0x8040, 0x7fd5, 0x8003, 0x8022, 0x7fc5, 0x8003,
   0x8012, 0x8003, 0x8040, 0x805f, 0x805f, 0x808d, 0x8040, 0x7ff3, 0x7f79,
   0x7efe, 0x7f2c, 0x8031, 0x8003, 0x8003, 0x8003, 0x7f97, 0x7fc5, 0x8040,
   0x8050, 0x805f, 0x8031, 0x8022, 0x807e, 0x806e, 0x806e, 0x806e, 0x805f,
   0x805f, 0x8022, 0x8012, 0x8012, 0x8050, 0x8040, 0x8031, 0x807e, 0x8031,
   0x806e, 0x7fe5, 0x8041, 0x806e, 0x8050, 0x7f69, 0x7f0d, 0x7ed0, 0x7f0d,
   0x7f1d, 0x7f97, 0x7fd5, 0x7fc5, 0x7f88, 0x7f1d, 0x7f1d, 0x7f1d, 0x7eef,
   0x7f88, 0x8012, 0x806e, 0x805f, 0x8031, 0x7ff3, 0x807e, 0x808d, 0x7fb6,
   0x7fc5, 0x7ff3, 0x7fd5, 0x7fd5, 0x7f5a, 0x7f3b, 0x7f0d, 0x7f2c, 0x7fa7,
   0x7f3b, 0x7f69, 0x7f69, 0x8012, 0x8003, 0x8012, 0x8012, 0x8022, 0x806e,
   0x808d, 0x807e, 0x7fd5, 0x7f69, 0x8012, 0x8031, 0x807e, 0x8040, 0x809c,
   0x807e, 0x8040, 0x807e, 0x806e, 0x807e, 0x80bb, 0x809c, 0x80da, 0x808d,
   0x805f, 0x8012, 0x80ac, 0x806e, 0x807e, 0x7fc5, 0x7f97, 0x7fb6, 0x7f97,
   0x8012, 0x806e, 0x80ca, 0x8126, 0x8126, 0x8145, 0x80f8, 0x8136, 0x80ca,
   0x805f, 0x7f79, 0x7f1d, 0x7f69, 0x7f3b, 0x7f3b, 0x7f97, 0x8012, 0x8012,
   0x8031, 0x806e, 0x808d, 0x80ea, 0x809c, 0x807e, 0x8031, 0x806e, 0x806e,
   0x806e, 0x7fc5, 0x7f69, 0x7f97, 0x7fb6, 0x7fd5, 0x7ff3, 0x7fc5, 0x7ff3,
   0x8040, 0x8003, 0x8040, 0x808d, 0x8117, 0x80da, 0x809c, 0x809c, 0x8031,
   0x8040, 0x809c, 0x806e, 0x807e, 0x80da, 0x80ac, 0x8003, 0x8012, 0x8050,
   0x8040, 0x7f79, 0x7e65, 0x7ddb, 0x7dea, 0x7ea2, 0x7f97, 0x7f79, 0x7f2c,
   0x7f0d, 0x7e46, 0x7ec1, 0x7ea2, 0x7f2c, 0x7f5a, 0x8003, 0x808d, 0x808d,
   0x808d, 0x80bb, 0x809c, 0x806e, 0x8003, 0x8012, 0x8022, 0x7fd5, 0x7fd5,
   0x7f69, 0x807e, 0x808d, 0x80bb, 0x8192, 0x8117, 0x80f8, 0x8012, 0x8040,
   0x807e, 0x7f97, 0x7f0d, 0x7edf, 0x7efe, 0x7f3b, 0x7f69, 0x8022, 0x80bb,
   0x80bb, 0x805f, 0x7f97, 0x7f88, 0x7fb6, 0x7fd5, 0x7f97, 0x7f0d, 0x7f0d,
   0x7f2c, 0x7fd5, 0x7fd5, 0x8022, 0x8003, 0x7fd5, 0x8012, 0x8040, 0x807e,
   0x8031, 0x7f88, 0x7ff3, 0x805f, 0x7fd5, 0x7ff3, 0x7fe4, 0x7fe4, 0x8012,
   0x8012, 0x7f97, 0x7fd5, 0x7f88, 0x7fc5, 0x7f79, 0x7f88, 0x7fe4, 0x8040,
   0x8012, 0x806e, 0x806e, 0x80ca, 0x80bb, 0x809c, 0x8145, 0x8154, 0x80ca,
   0x807e, 0x8022, 0x8012, 0x7fe4, 0x7f88, 0x7fb6, 0x7fe4, 0x8003, 0x7f5a,
   0x7f97, 0x8040, 0x8050, 0x809c, 0x80f8, 0x80da, 0x808d, 0x809c, 0x808d,
   0x7f0d, 0x7ea2, 0x7f0d, 0x7f69, 0x808d, 0x809c, 0x806e, 0x80ca, 0x80bb,
   0x80bb, 0x8050, 0x809c, 0x80bb, 0x809c, 0x8012, 0x8012, 0x8012, 0x7ff3,
   0x7fe4, 0x7fb6, 0x7f88, 0x7f1d, 0x7f5a, 0x7f79, 0x8012, 0x805f, 0x8012,
   0x8012, 0x7ff3, 0x8031, 0x8012, 0x7f79, 0x7fc5, 0x8003, 0x7ff3, 0x8050,
   0x808d, 0x809c, 0x8040, 0x80ca, 0x808d, 0x806e, 0x8050, 0x808d, 0x8031,
   0x8040, 0x808d, 0x8126, 0x808d, 0x8012, 0x7fe4, 0x7f5a, 0x7f79, 0x7f1d,
   0x7f0d, 0x7efe, 0x7f5a, 0x8003, 0x8022, 0x8022, 0x7fe4, 0x7fe4, 0x7fd5,
   0x7fc5, 0x7f69, 0x7f79, 0x7f97, 0x8003, 0x7f79, 0x7f69, 0x7fc5, 0x7fc5,
   0x7fe4, 0x7ff3, 0x7fb6, 0x7fd5, 0x7fc5, 0x8012, 0x8003, 0x8022, 0x7fc5,
   0x7fe4, 0x7f2b, 0x7f3b, 0x7f0c, 0x7ecf, 0x7efd, 0x7f4b, 0x7fa7, 0x7fb6,
   0x8022, 0x809c, 0x806e, 0x80e9, 0x8136, 0x80ca, 0x806e, 0x7fd5, 0x7fa7,
   0x7fe4, 0x8031, 0x7f4b, 0x7ed0, 0x7f4b, 0x7f0d, 0x7e74, 0x7e65, 0x7f97,
   0x7f97, 0x7fb6, 0x7fa7, 0x805f, 0x8022, 0x8040, 0x8012, 0x8031, 0x8003,
   0x8031, 0x809c, 0x80bb, 0x7ff3, 0x7fe4, 0x7fe4, 0x7fe4, 0x7fc5, 0x7fc5,
   0x7f97, 0x7f97, 0x7fb6, 0x7fd5, 0x807e, 0x807e, 0x8022, 0x8012, 0x807e,
   0x8012, 0x7fd5, 0x7fa7, 0x7ff3, 0x7fe4, 0x7ff3, 0x7fe4, 0x7ff3, 0x7fb6,
   0x8012, 0x7fe4, 0x7fd5, 0x8022, 0x7ff3, 0x7f97, 0x7f2c, 0x7f88, 0x7fb6,
   0x7fe4, 0x7fb6, 0x8012, 0x8012, 0x7ed0, 0x7eb1, 0x7eef, 0x7f0d, 0x7fb6,
   0x806e, 0x8022, 0x7fe4, 0x8003, 0x8012, 0x8022, 0x7fd5, 0x7fc5, 0x808d,
   0x8050, 0x807e, 0x8040, 0x8031, 0x80ac, 0x80da, 0x8022, 0x7fa7, 0x7f97,
   0x7fd5, 0x7ff3, 0x7e55, 0x7a8e, 0x791d, 0x792c, 0x7979, 0x7bdf, 0x7e55,
   0x80da, 0x82c4, 0x8454, 0x8492, 0x837c, 0x82c4, 0x8296, 0x82f2, 0x83aa,
   0x82c4, 0x8182, 0x8164, 0x8126, 0x80e9, 0x806e, 0x8040, 0x8040, 0x7fd5,
   0x8012, 0x8012, 0x80da, 0x8164, 0x8145, 0x8126, 0x8108, 0x8126, 0x8145,
   0x80bb, 0x807e, 0x808d, 0x80ac, 0x807e, 0x8022, 0x8003, 0x8003, 0x7fc5,
   0x7fe4, 0x8012, 0x7fb6, 0x8040, 0x8031, 0x8022, 0x8003, 0x809c, 0x806e,
   0x8022, 0x8003, 0x7ff3, 0x8040, 0x805f, 0x806e, 0x805f, 0x80ac, 0x8040,
   0x8022, 0x7fd5, 0x7f79, 0x7f4b, 0x7f88, 0x8012, 0x8022, 0x8012, 0x807e,
   0x806e, 0x809c, 0x809c, 0x809c, 0x80ac, 0x8022, 0x8012, 0x805f, 0x8040,
   0x7fc5, 0x7f88, 0x7f79, 0x7f88, 0x7f5a, 0x7f3b, 0x7ff3, 0x8050, 0x7f69,
   0x7f5a, 0x7f4b, 0x7f97, 0x8050, 0x8050, 0x7f4b, 0x7f5a, 0x7fb6, 0x7ff3,
   0x7f5a, 0x7eb1, 0x7ea2, 0x7f2c, 0x7f4b, 0x7f1d, 0x7f5a, 0x7fe4, 0x8031,
   0x8022, 0x806e, 0x807e, 0x8022, 0x8050, 0x805f, 0x8050, 0x7fd5, 0x7f2c,
   0x7f5a, 0x805f, 0x8022, 0x806e, 0x8050, 0x80bb, 0x8012, 0x8050, 0x8003,
   0x7fc5, 0x7fa7, 0x7fb6, 0x8003, 0x8012, 0x7fb6, 0x8040, 0x807e, 0x806e,
   0x7f79, 0x7f5a, 0x7f69, 0x7f4b, 0x7f79, 0x7fa7, 0x7ff3, 0x7fd5, 0x7f97,
   0x7f2c, 0x7ea2, 0x7f79, 0x7fa7, 0x7fe4, 0x7fd5, 0x8031, 0x808d, 0x8050,
   0x805f, 0x806e, 0x8012, 0x8012, 0x8050, 0x8012, 0x8022, 0x8040, 0x809c,
   0x805f, 0x806e, 0x8022, 0x7fd5, 0x8012, 0x7fc5, 0x7fa7, 0x7f69, 0x7f5a,
   0x7f69, 0x8012, 0x8012, 0x7fc5, 0x7fd5, 0x7f79, 0x7fb6, 0x8012, 0x8031,
   0x8003, 0x7fd5, 0x7f69, 0x7f1d, 0x7f1d, 0x7efe, 0x7f0d, 0x7f3b, 0x7fa7,
   0x7fa7, 0x7fe4, 0x808d, 0x80e9, 0x80da, 0x808d, 0x806e, 0x7fd5, 0x7fb6,
   0x7f2c, 0x7f97, 0x8040, 0x809c, 0x80ac, 0x80da, 0x80ac, 0x8031, 0x8040,
   0x80ac, 0x805f, 0x7f88, 0x8012, 0x808d, 0x8012, 0x7fd5, 0x7f5a, 0x7f5a,
   0x7f79, 0x7ea2, 0x7f0d, 0x7f79, 0x7f88, 0x7fc5, 0x8022, 0x8022, 0x8050,
   0x80bb, 0x808d, 0x8050, 0x807e, 0x8040, 0x7fe4, 0x805f, 0x808d, 0x7f5a,
   0x7ed0, 0x7eef, 0x7fe4, 0x80f8, 0x80f8, 0x8108, 0x80da, 0x80e9, 0x80ca,
   0x8022, 0x7fc5, 0x7fe4, 0x7fe4, 0x7fa7, 0x7f79, 0x7f5a, 0x7f97, 0x7ff3,
   0x8012, 0x805f, 0x8031, 0x8012, 0x7f88, 0x8003, 0x805f, 0x809c, 0x80ca,
   0x80ca, 0x8040, 0x8040, 0x8050, 0x808d, 0x80f8, 0x8164, 0x80ac, 0x8012,
   0x8031, 0x8012, 0x7fd5, 0x7fc5, 0x7ff3, 0x8031, 0x8012, 0x8040, 0x807e,
   0x8050, 0x806e, 0x7fb6, 0x7f5a, 0x7f3b, 0x7fe4, 0x80bb, 0x809c, 0x8050,
   0x7fe4, 0x7ff3, 0x7fc5, 0x7fa7, 0x7f2c, 0x7edf, 0x7efe, 0x7efe, 0x7eef,
   0x7f0d, 0x7f5a, 0x7f88, 0x7f97, 0x7f79, 0x7f69, 0x7fc5, 0x7f97, 0x8012,
   0x8003, 0x7fd5, 0x7f79, 0x7f97, 0x7f69, 0x8012, 0x8022, 0x7fc5, 0x7fc5,
   0x8012, 0x805f, 0x805f, 0x7fd5, 0x8031, 0x8040, 0x8012, 0x7f97, 0x8040,
   0x807e, 0x8040, 0x8012, 0x7fe4, 0x8022, 0x8050, 0x808d, 0x805f, 0x7f88,
   0x7f97, 0x7ff3, 0x8012, 0x808d, 0x80e9, 0x80f8, 0x80da, 0x80f8, 0x8012,
   0x7f97, 0x7f97, 0x7fc5, 0x7f5a, 0x7f79, 0x805f, 0x809c, 0x80e9, 0x806e,
   0x8031, 0x8012, 0x808d, 0x8040, 0x7fd5, 0x7fd5, 0x8031, 0x8040, 0x8003,
   0x8031, 0x8050, 0x805f, 0x805f, 0x8031, 0x7fe4, 0x7fb6, 0x7f69, 0x7fd5,
   0x8031, 0x7ff3, 0x7f79, 0x7f69, 0x7fa7, 0x7fc5, 0x7fd5, 0x8022, 0x8031,
   0x7fe4, 0x7fb6, 0x8012, 0x8031, 0x8012, 0x8003, 0x7fc5, 0x7ff3, 0x8031,
   0x8040, 0x8050, 0x8012, 0x80ac, 0x80bb, 0x80ac, 0x808d, 0x80ca, 0x8031,
   0x7f69, 0x7edf, 0x7f4b, 0x7fe4, 0x7fb6, 0x8012, 0x7fa7, 0x7f5a, 0x7fb6,
   0x7f5a, 0x7fa7, 0x7f88, 0x7fd5, 0x80bb, 0x80ac, 0x8031, 0x8022, 0x7fb6,
   0x8022, 0x8031, 0x8012, 0x806e, 0x7ff3, 0x8022, 0x7ff3, 0x7fc5, 0x7f88,
   0x7f3b, 0x7fa7, 0x7f97, 0x7f69, 0x7f5a, 0x7fd5, 0x7f97, 0x7edf, 0x7f88,
   0x7fa7, 0x8003, 0x805f, 0x8012, 0x8040, 0x807e, 0x7f88, 0x7f5a, 0x7f5a,
   0x7f4b, 0x7fb6, 0x808d, 0x807e, 0x8012, 0x7fc5, 0x8031, 0x7fe4, 0x7f97,
   0x7f4b, 0x7f4b, 0x7f69, 0x7f3b, 0x7f4b, 0x7f69, 0x7fd5, 0x7f97, 0x7f88,
   0x7f2c, 0x7efe, 0x7f2c, 0x7f97, 0x7fe4, 0x8040, 0x805f, 0x805f, 0x8040,
   0x8022, 0x8022, 0x8040, 0x8031, 0x80ca, 0x80da, 0x807e, 0x805f, 0x8050,
   0x8012, 0x8022, 0x806e, 0x8126, 0x809c, 0x805f, 0x80ac, 0x805f, 0x8003,
   0x7fe4, 0x8003, 0x8022, 0x8012, 0x808d, 0x806e, 0x8040, 0x8031, 0x8031,
   0x8050, 0x8040, 0x8031, 0x7ff3, 0x7fb6, 0x7f79, 0x7ff3, 0x8022, 0x8022,
   0x806e, 0x807e, 0x809c, 0x8050, 0x8012, 0x7fd5, 0x7fb6, 0x805f, 0x809c,
   0x80ca, 0x809c, 0x8117, 0x80da, 0x806e, 0x8022, 0x7f4b, 0x7efe, 0x7f4b,
   0x7f79, 0x8003, 0x806e, 0x80ac, 0x8031, 0x806e, 0x808d, 0x806e, 0x8012,
   0x8022, 0x8003, 0x8012, 0x8012, 0x809c, 0x80ac, 0x80da, 0x80e9, 0x809c,
   0x808d, 0x7fe4, 0x8003, 0x8012, 0x8040, 0x80ca, 0x808d, 0x808d, 0x808d,
   0x7fe4, 0x7fd5, 0x7fe4, 0x8003, 0x809c, 0x7f97, 0x7fa7, 0x8031, 0x8003,
   0x7fc5, 0x7fb6, 0x7f97, 0x7fe4, 0x8012, 0x7fa7, 0x8022, 0x805f, 0x8050,
   0x7fb6, 0x7ed0, 0x7f3b, 0x7fd5, 0x8031, 0x7fa7, 0x7f4b, 0x7f5a, 0x7fa7,
   0x7ff3, 0x8012, 0x8050, 0x80bb, 0x80ac, 0x80bb, 0x80ca, 0x807e, 0x805f,
   0x808d, 0x806e, 0x8031, 0x8003, 0x7ff3, 0x8050, 0x807e, 0x80f8, 0x8117,
   0x80bb, 0x8012, 0x7f69, 0x7eef, 0x7efe, 0x7f2c, 0x7f3b, 0x7fd5, 0x809c,
   0x80ca, 0x80e9, 0x80f8, 0x8050, 0x8040, 0x7fc5, 0x7fe4, 0x806e, 0x80f8,
   0x8126, 0x8003, 0x7fd5, 0x7fe4, 0x805f, 0x8050, 0x80bb, 0x8108, 0x8145,
   0x807e, 0x7f88, 0x7f5a, 0x7fe4, 0x8050, 0x808d, 0x80ca, 0x805f, 0x8003,
   0x7fd5, 0x8050, 0x8040, 0x8012, 0x8012, 0x8031, 0x7f69, 0x7f2c, 0x7fe4,
   0x8050, 0x8126, 0x809c, 0x809c, 0x809c, 0x8040, 0x7fe4, 0x806e, 0x809c,
   0x7fc5, 0x7f88, 0x7fb6, 0x7fd5, 0x7fe4, 0x7f5a, 0x7f0d, 0x7efe, 0x7f3b,
   0x7f4b, 0x7f4b, 0x7fd5, 0x807e, 0x8031, 0x7f88, 0x806e, 0x80ac, 0x808d,
   0x7ff3, 0x8003, 0x7fe4, 0x7fd5, 0x7fd5, 0x7fb6, 0x7ff3, 0x7f97, 0x7fd5,
   0x7fc5, 0x7f69, 0x7f0d, 0x7efe, 0x7f2c, 0x7f88, 0x7fc5, 0x7f69, 0x7f69,
   0x7ed0, 0x7edf, 0x7f5a, 0x7f69, 0x7fe4, 0x7f97, 0x7f5a, 0x7f3b, 0x7fb6,
   0x8050, 0x8012, 0x806e, 0x805f, 0x8031, 0x7fe4, 0x7fd5, 0x7fd5, 0x8031,
   0x8012, 0x8050, 0x8003, 0x8031, 0x8012, 0x805f, 0x808d, 0x807e, 0x805f,
   0x8031, 0x808d, 0x8012, 0x7f79, 0x7f1d, 0x7edf, 0x7efe, 0x7f4b, 0x7f4b,
   0x7fe4, 0x80ca, 0x8108, 0x8136, 0x8108, 0x806e, 0x8012, 0x8022, 0x7ff3,
   0x8117, 0x8145, 0x80f8, 0x8154, 0x81ee, 0x8117, 0x80e9, 0x80ca, 0x808d,
   0x7fd5, 0x7fc5, 0x8003, 0x7fc5, 0x805f, 0x80da, 0x8154, 0x8126, 0x805f,
   0x805f, 0x80ca, 0x80ac, 0x8031, 0x7f97, 0x7f69, 0x7f79, 0x8012, 0x8050,
   0x80e9, 0x807e, 0x805f, 0x805f, 0x809c, 0x807e, 0x8003, 0x7fd5, 0x8050,
   0x806e, 0x809c, 0x8050, 0x809c, 0x8031, 0x7fe4, 0x7fc5, 0x7ff3, 0x809c,
   0x8040, 0x8012, 0x8050, 0x806e, 0x805f, 0x7fd5, 0x7f69, 0x7f4b, 0x7f5a,
   0x7f79, 0x7f4b, 0x7fe4, 0x8022, 0x8003, 0x8012, 0x7f97, 0x8012, 0x7ff3,
   0x8040, 0x8040, 0x809c, 0x80da, 0x80f8, 0x80e9, 0x80ac, 0x8012, 0x7fb6,
   0x7f88, 0x7f97, 0x7f5a, 0x7f4b, 0x7f88, 0x7f69, 0x7f69, 0x7f88, 0x7ff3,
   0x8003, 0x8050, 0x805f, 0x8022, 0x7fb6, 0x7fa7, 0x8012, 0x7fa7, 0x8012,
   0x8012, 0x7fa7, 0x7fd5, 0x8012, 0x7fe4, 0x7ff3, 0x7fb6, 0x7ff3, 0x7ff3,
   0x7fb6, 0x7ff3, 0x8012, 0x8040, 0x7fb6, 0x7f69, 0x7f1d, 0x7f0d, 0x7f3b,
   0x7f4b, 0x7fe4, 0x7fb6, 0x7fb6, 0x7f79, 0x8012, 0x809c, 0x80f8, 0x80e9,
   0x807e, 0x807e, 0x8031, 0x8003, 0x8012, 0x7ff3, 0x8012, 0x7f5a, 0x7fd5,
   0x7f97, 0x8022, 0x8022, 0x8022, 0x8022, 0x7fc5, 0x7efe, 0x7f2c, 0x7fe4,
   0x7fe4, 0x7ff3, 0x7ff3, 0x7fe4, 0x7fe4, 0x7f88, 0x7f3b, 0x7f1d, 0x7f2c,
   0x7f0d, 0x7f69, 0x7fe4, 0x8003, 0x8022, 0x7f79, 0x7f4b, 0x7f4b, 0x7fa7,
   0x8031, 0x8022, 0x7ff3, 0x7fe4, 0x7fb6, 0x7fa7, 0x7f5a, 0x7ff3, 0x8012,
   0x7fe4, 0x7f79, 0x7f88, 0x7eef, 0x7f3b, 0x7f97, 0x7fa7, 0x7fb6, 0x7fe4,
   0x7eef, 0x7f2c, 0x7f5a, 0x7f88, 0x7ff3, 0x808d, 0x8012, 0x7ff3, 0x7fe4,
   0x805f, 0x809c, 0x8126, 0x80bb, 0x805f, 0x809c, 0x8012, 0x7fd5, 0x7f97,
   0x8012, 0x7fd5, 0x7fd5, 0x808d, 0x807e, 0x80ac, 0x805f, 0x7fb6, 0x7f88,
   0x7fd5, 0x7f79, 0x7f79, 0x7f79, 0x7fa7, 0x7fb6, 0x8003, 0x8040, 0x80ca,
   0x8031, 0x7fb6, 0x8031, 0x8040, 0x8050, 0x8003, 0x8012, 0x807e, 0x80bb,
   0x80e9, 0x80bb, 0x809c, 0x806e, 0x8022, 0x809c, 0x809c, 0x8040, 0x7fb6,
   0x8012, 0x8022, 0x8012, 0x7f5a, 0x7fe4, 0x8012, 0x8003, 0x8003, 0x8031,
   0x8012, 0x8022, 0x8012, 0x7fd5, 0x7fc5, 0x805f, 0x8022, 0x7f97, 0x7f5a,
   0x7fc5, 0x8012, 0x8050, 0x808d, 0x8108, 0x80bb, 0x80ca, 0x805f, 0x808d,
   0x806e, 0x7f88, 0x7e55, 0x7f0d, 0x7f0d, 0x7fa7, 0x7fa7, 0x7f3b, 0x7ff3,
   0x807e, 0x7fb6, 0x7eef, 0x7edf, 0x7f3b, 0x7f97, 0x7f5a, 0x7fe4, 0x7fd5,
   0x805f, 0x8012, 0x8031, 0x8031, 0x7fc5, 0x7f79, 0x7f69, 0x7f79, 0x7f69,
   0x7f69, 0x7ff3, 0x8012, 0x8012, 0x7f5a, 0x7f88, 0x7f1d, 0x7f1d, 0x7f5a,
   0x7fb6, 0x7fc5, 0x7fe4, 0x8022, 0x8012, 0x8012, 0x805f, 0x805f, 0x80da,
   0x806e, 0x80ac, 0x809c, 0x805f, 0x8012, 0x8003, 0x7fd5, 0x7fd5, 0x8031,
   0x8012, 0x7fe4, 0x7f79, 0x7f69, 0x7f1d, 0x7f1d, 0x7f5a, 0x7f5a, 0x8003,
   0x809c, 0x8108, 0x806e, 0x7fc5, 0x7f1d, 0x7efe, 0x7f2c, 0x7f4b, 0x8012,
   0x8031, 0x7ff3, 0x8012, 0x8031, 0x8003, 0x7f97, 0x7f2c, 0x7f5a, 0x7f97,
   0x7fa7, 0x7ff3, 0x8040, 0x8012, 0x7fb6, 0x7fc5, 0x7fa7, 0x8012, 0x8050,
   0x8040, 0x8031, 0x8050, 0x7fa7, 0x7efe, 0x7f1d, 0x7f3b, 0x7f1d, 0x7f0d,
   0x7efe, 0x7ec1, 0x7f3b, 0x7f97, 0x8031, 0x806e, 0x806e, 0x8031, 0x806e,
   0x8031, 0x80da, 0x80f8, 0x80ac, 0x807e, 0x806e, 0x806e, 0x808d, 0x80da,
   0x809c, 0x80ac, 0x80da, 0x808d, 0x80da, 0x8126, 0x807e, 0x8040, 0x806e,
   0x8050, 0x7f88, 0x7fb6, 0x8022, 0x806e, 0x80e9, 0x80e9, 0x80f8, 0x80da,
   0x80f8, 0x80ca, 0x8022, 0x8031, 0x8003, 0x7fd5, 0x7ff3, 0x7f69, 0x7edf,
   0x7efe, 0x8012, 0x8050, 0x80ac, 0x806e, 0x8040, 0x809c, 0x807e, 0x8012,
   0x8031, 0x8040, 0x8012, 0x8022, 0x8040, 0x8040, 0x8040, 0x805f, 0x8003,
   0x8022, 0x8003, 0x7f5a, 0x7f2c, 0x7f5a, 0x7f4b, 0x7f0d, 0x7edf, 0x7fb6,
   0x8022, 0x8040, 0x805f, 0x8003, 0x7fc4, 0x8030, 0x8003, 0x805f, 0x8041,
   0x806e, 0x8022, 0x7fb6, 0x8022, 0x7fa7, 0x7f4b, 0x7fe4, 0x7fd5, 0x7fd5,
   0x7fd5, 0x8040, 0x806e, 0x806e, 0x806e, 0x7fd5, 0x7fc5, 0x7ff3, 0x805f,
   0x805f, 0x808d, 0x80ac, 0x806e, 0x8050, 0x8050, 0x80ac, 0x807e, 0x7fb6,
   0x7fe4, 0x7fd5, 0x7fb6, 0x7e65, 0x7dad, 0x7df9, 0x7e74, 0x7f3b, 0x7fd5,
   0x806e, 0x8022, 0x805f, 0x8031, 0x8031, 0x808d, 0x80da, 0x80da, 0x808d,
   0x807e, 0x8022, 0x805f, 0x8040, 0x7fb6, 0x7f5a, 0x7fb6, 0x8003, 0x7fa7,
   0x7fd5, 0x7f5a, 0x7fe4, 0x7fc5, 0x8003, 0x8003, 0x806e, 0x8022, 0x8050,
   0x806e, 0x80e9, 0x80ca, 0x80e9, 0x80bb, 0x805f, 0x8003, 0x8003, 0x7f69,
   0x7f88, 0x7fe4, 0x7f79, 0x7ff3, 0x8003, 0x8050, 0x80bb, 0x80ac, 0x8050,
   0x805f, 0x8031, 0x8003, 0x8031, 0x7fb6, 0x7f2c, 0x7f1d, 0x7f5a, 0x7fc5,
   0x7fe4, 0x7f1d, 0x7eef, 0x7f5a, 0x7f69, 0x7f97, 0x7f69, 0x7ff3, 0x8040,
   0x80bb, 0x807e, 0x8031, 0x7fd5, 0x7f69, 0x7f69, 0x7fc5, 0x80da, 0x81cf,
   0x80e9, 0x8050, 0x8040, 0x805f, 0x806e, 0x8040, 0x8012, 0x7ff3, 0x8031,
   0x8022, 0x8012, 0x7fa7, 0x7fd5, 0x806e, 0x808d, 0x80e9, 0x80da, 0x808d,
   0x8012, 0x7f5a, 0x7f2c, 0x7fa7, 0x8022, 0x7fe4, 0x7fd5, 0x7fb6, 0x7fb6,
   0x7f4b, 0x7eef, 0x7e83, 0x7edf, 0x7efe, 0x7f79, 0x807e, 0x806e, 0x808d,
   0x80f8, 0x8164, 0x80ac, 0x8050, 0x80da, 0x808d, 0x7fe4, 0x7f88, 0x7f69,
   0x7ed0, 0x7f0d, 0x7f5a, 0x7f69, 0x8022, 0x80ca, 0x8022, 0x7fa7, 0x7f79,
   0x7f88, 0x7f2c, 0x7eb1, 0x7f0d, 0x7f69, 0x7fd5, 0x7fc5, 0x8012, 0x8050,
   0x8031, 0x7fa7, 0x7fe4, 0x8003, 0x8031, 0x7fc5, 0x806e, 0x8022, 0x7fd5,
   0x8022, 0x808d, 0x806e, 0x8031, 0x8022, 0x806e, 0x80ac, 0x807e, 0x8012,
   0x8012, 0x8050, 0x809c, 0x80e9, 0x80e9, 0x80ca, 0x808d, 0x8022, 0x7fe4,
   0x8012, 0x8022, 0x8012, 0x7f69, 0x7f88, 0x7f5a, 0x7f1d, 0x7f97, 0x7f79,
   0x7f0d, 0x7f88, 0x8040, 0x8022, 0x8003, 0x7f88, 0x7ed0, 0x7f79, 0x8012,
   0x8050, 0x809c, 0x8031, 0x7fb6, 0x7f5a, 0x7f4b, 0x7fb6, 0x7f97, 0x8012,
   0x8031, 0x8040, 0x7fc5, 0x7fc5, 0x8012, 0x7fc5, 0x8050, 0x808d, 0x80ac,
   0x80f8, 0x80e9, 0x80da, 0x8108, 0x8126, 0x805f, 0x7ff3, 0x8012, 0x7fd5,
   0x8040, 0x8022, 0x8003, 0x8022, 0x80ca, 0x80bb, 0x80ac, 0x80ac, 0x8012,
   0x7fe4, 0x7f79, 0x7fd5, 0x8012, 0x8031, 0x8031, 0x8003, 0x8003, 0x7fe4,
   0x7fc5, 0x7fa7, 0x7fb6, 0x7fd5, 0x7edf, 0x7edf, 0x7efe, 0x7ec1, 0x7efe,
   0x7f4b, 0x7f97, 0x7fe4, 0x806e, 0x805f, 0x8022, 0x7f79, 0x7f4b, 0x7f79,
   0x7f88, 0x7fd5, 0x7f79, 0x7f1d, 0x7f4b, 0x7ff3, 0x809c, 0x7f2c, 0x7eb1,
   0x7eb1, 0x7f4b, 0x7f4b, 0x7f1d, 0x7f4b, 0x7fa7, 0x8012, 0x8003, 0x80ca,
   0x8117, 0x808d, 0x8012, 0x7f4b, 0x7f79, 0x805f, 0x8117, 0x80e9, 0x8050,
   0x7f5a, 0x7f69, 0x7f1d, 0x7f4b, 0x7f79, 0x7f79, 0x8050, 0x8012, 0x8031,
   0x8040, 0x806e, 0x80bb, 0x80ac, 0x8012, 0x8012, 0x8012, 0x7fc5, 0x8050,
   0x809c, 0x80da, 0x807e, 0x8022, 0x7fa7, 0x7f4b, 0x8050, 0x8003, 0x8003,
   0x8012, 0x7ff3, 0x7fb6, 0x7fd5, 0x7fe4, 0x7ff3, 0x7f69, 0x7f69, 0x7f0d,
   0x7fe4, 0x809c, 0x808d, 0x80da, 0x80f8, 0x808d, 0x7fb6, 0x7fc5, 0x7fd5,
   0x8040, 0x8145, 0x8145, 0x808d, 0x8050, 0x7f79, 0x7efe, 0x7f69, 0x7f1d,
   0x7edf, 0x7f4b, 0x7f5a, 0x7f5a, 0x7ff3, 0x8031, 0x8022, 0x8050, 0x8022,
   0x80ac, 0x8022, 0x7fe4, 0x7ff3, 0x8031, 0x8031, 0x8031, 0x805f, 0x8031,
   0x8022, 0x8012, 0x8012, 0x7f69, 0x7f2c, 0x7f4b, 0x7f3b, 0x7f4b, 0x7ff3,
   0x8031, 0x8040, 0x806e, 0x8108, 0x80e9, 0x8164, 0x8145, 0x80da, 0x8031,
   0x7fb6, 0x8022, 0x7f88, 0x7f88, 0x7fb6, 0x7f88, 0x7fb6, 0x7f88, 0x7f79,
   0x7f2c, 0x7efe, 0x7efe, 0x7f79, 0x8022, 0x8012, 0x8022, 0x808d, 0x80e9,
   0x80da, 0x80e9, 0x80bb, 0x8031, 0x8012, 0x805f, 0x805f, 0x805f, 0x806e,
   0x80ac, 0x807e, 0x8012, 0x8040, 0x7fb6, 0x8003, 0x7fc5, 0x7f97, 0x7f97,
   0x7f88, 0x7fa7, 0x7f79, 0x7fa7, 0x7f1d, 0x7f3b, 0x7eb1, 0x7efe, 0x7efe,
   0x7f69, 0x7f69, 0x8003, 0x8031, 0x8031, 0x7f88, 0x7f4b, 0x7f1d, 0x7f2c,
   0x7f97, 0x7f69, 0x7f4b, 0x7f4b, 0x7f0d, 0x7f5a, 0x7f79, 0x7fc5, 0x7fc5,
   0x8003, 0x8022, 0x806e, 0x808d, 0x80ac, 0x80e9, 0x80f8, 0x80bb, 0x80bb,
   0x80bb, 0x808d, 0x8012, 0x8040, 0x8040, 0x807e, 0x8022, 0x7fe4, 0x7fb6,
   0x8012, 0x808d, 0x8040, 0x806e, 0x8022, 0x8012, 0x7ff3, 0x8012, 0x7f97,
   0x7f5a, 0x7fa7, 0x7f79, 0x7f79, 0x7f4b, 0x7f2c, 0x7f5a, 0x7f4b, 0x7f3b,
   0x7f97, 0x8031, 0x806e, 0x805f, 0x8003, 0x7ff3, 0x7fd5, 0x805f, 0x7fd5,
   0x7f97, 0x7fc5, 0x8012, 0x806e, 0x805f, 0x8031, 0x8040, 0x7fc5, 0x7f97,
   0x7fb6, 0x7f4b, 0x7f4b, 0x7fb6, 0x7ff3, 0x8031, 0x8022, 0x8022, 0x8031,
   0x7fe4, 0x8012, 0x7fa7, 0x8031, 0x8050, 0x8031, 0x805f, 0x8050, 0x8050,
   0x8003, 0x8022, 0x8050, 0x805f, 0x8022, 0x8040, 0x8031, 0x8022, 0x8031,
   0x7ff3, 0x8050, 0x8050, 0x806e, 0x8003, 0x8012, 0x808d, 0x8022, 0x8031,
   0x8050, 0x8040, 0x7fe4, 0x7fc5, 0x7fe4, 0x7fb6, 0x7f79, 0x7f69, 0x7f2c,
   0x7f3b, 0x7f2c, 0x7f3b, 0x7fb6, 0x7fd5, 0x8040, 0x806e, 0x80da, 0x80ac,
   0x807e, 0x8040, 0x8031, 0x7fd5, 0x7f78, 0x7f59, 0x7f99, 0x7fc5, 0x8031,
   0x8031, 0x8022, 0x7fd5, 0x8022, 0x8012, 0x8022, 0x7ff3, 0x809c, 0x807e,
   0x7fe4, 0x7fa7, 0x7f97, 0x8012, 0x807e, 0x805f, 0x8050, 0x7fe4, 0x7fd5,
   0x8022, 0x8050, 0x8050, 0x8040, 0x7fe4, 0x7fe4, 0x7fd5, 0x8050, 0x8022,
   0x7fe4, 0x8012, 0x7fa7, 0x7fa7, 0x7ec1, 0x7e83, 0x7efe, 0x7f79, 0x8012,
   0x806e, 0x807e, 0x808d, 0x7fc5, 0x7fb6, 0x806e, 0x805f, 0x7fa7, 0x7c69,
   0x794c, 0x7855, 0x7865, 0x7a8e, 0x7e93, 0x8126, 0x8340, 0x8482, 0x851c,
   0x84b0, 0x8454, 0x83da, 0x835f, 0x82e3, 0x82c4, 0x8296, 0x82c4, 0x823a,
   0x8164, 0x80ac, 0x80ca, 0x8108, 0x80ac, 0x80e9, 0x80f8, 0x80ac, 0x7fc5,
   0x7fb6, 0x7f88, 0x7f69, 0x7f3b, 0x7e18, 0x7df9, 0x7e09, 0x7e93, 0x7efe,
   0x7f3b, 0x7f88, 0x7f5a, 0x7f3b, 0x7efe, 0x7f88, 0x8012, 0x8003, 0x8012,
   0x8050, 0x805f, 0x807e, 0x80da, 0x806e, 0x8031, 0x7ff3, 0x7f2c, 0x7ed0,
   0x7f3b, 0x7f69, 0x7f88, 0x8012, 0x8050, 0x7f79, 0x8003, 0x8031, 0x8040,
   0x807e, 0x7fe4, 0x7f5a, 0x7f1d, 0x7ea2, 0x7e83, 0x7efe, 0x7f3b, 0x7fa7,
   0x807e, 0x8012, 0x7f3b, 0x7f69, 0x7f97, 0x7fd5, 0x807e, 0x806e, 0x8050,
   0x805f, 0x80ac, 0x80da, 0x80ac, 0x8050, 0x7f79, 0x7ed0, 0x7f5a, 0x7ff3,
   0x8003, 0x80ac, 0x807e, 0x805f, 0x80bb, 0x8050, 0x8003, 0x8040, 0x805f,
   0x7fd5, 0x7f88, 0x7f88, 0x7fa7, 0x7ff3, 0x8012, 0x7f69, 0x7f0d, 0x7f88,
   0x7fd5, 0x8050, 0x8003, 0x8022, 0x7ff3, 0x8031, 0x80bb, 0x80ca, 0x8108,
   0x8117, 0x80ca, 0x80bb, 0x807e, 0x807e, 0x8012, 0x7fb6, 0x7f1d, 0x7f0d,
   0x7f79, 0x8022, 0x8050, 0x8012, 0x8012, 0x8003, 0x7fe4, 0x7fe4, 0x7fd5,
   0x7fc5, 0x805f, 0x809c, 0x809c, 0x8040, 0x807e, 0x7fe4, 0x7f69, 0x7f0d,
   0x7ea2, 0x7f1d, 0x7ff3, 0x8012, 0x8050, 0x805f, 0x8050, 0x807e, 0x8003,
   0x8003, 0x7fe4, 0x7efe, 0x7eef, 0x7e55, 0x7e83, 0x7f1d, 0x7f79, 0x7f88,
   0x7f69, 0x8012, 0x8012, 0x7fe4, 0x8012, 0x7ff3, 0x8003, 0x7ff3, 0x7f88,
   0x7f5a, 0x7f0d, 0x7fc5, 0x7f2c, 0x7f79, 0x7fe4, 0x7fb6, 0x7fd5, 0x8012,
   0x7fe4, 0x8012, 0x7ff3, 0x7fa7, 0x7fc5, 0x8012, 0x8040, 0x8031, 0x8022,
   0x7fe4, 0x8012, 0x7ff3, 0x8022, 0x7f97, 0x7fb6, 0x7f69, 0x805f, 0x80da,
   0x80ac, 0x80e9, 0x8164, 0x80da, 0x807e, 0x8050, 0x8050, 0x8003, 0x7f97,
   0x7f69, 0x7f3b, 0x7f88, 0x8050, 0x7fd5, 0x7ff3, 0x8040, 0x7fb6, 0x7f88,
   0x7f69, 0x7efe, 0x7f88, 0x7fa7, 0x7f88, 0x8022, 0x8050, 0x809c, 0x80da,
   0x8154, 0x809c, 0x7fe4, 0x7eef, 0x7eb1, 0x7f0d, 0x7f69, 0x7fd5, 0x809c,
   0x80ca, 0x80f8, 0x8108, 0x809c, 0x7fa7, 0x7fc5, 0x7f4b, 0x7eb1, 0x7ec1,
   0x7eef, 0x7f5a, 0x7fb6, 0x807e, 0x80e9, 0x808d, 0x80ca, 0x80da, 0x809c,
   0x8050, 0x8031, 0x7fd5, 0x7f88, 0x8031, 0x8012, 0x8031, 0x8022, 0x7fd5,
   0x7fa7, 0x7fd5, 0x8003, 0x8012, 0x8012, 0x8003, 0x7ff3, 0x806e, 0x8022,
   0x8050, 0x8050, 0x808d, 0x809c, 0x8108, 0x80bb, 0x8108, 0x80da, 0x806e,
   0x80ac, 0x80e9, 0x80ca, 0x808d, 0x806e, 0x8050, 0x809c, 0x80f8, 0x808d,
   0x806e, 0x7fc5, 0x7f2c, 0x7f0d, 0x7f2c, 0x7f0d, 0x7e93, 0x7ec1, 0x7f88,
   0x8031, 0x805f, 0x8012, 0x8022, 0x8031, 0x8003, 0x8012, 0x7f69, 0x7fa7,
   0x7fc5, 0x80bb, 0x80da, 0x80bb, 0x80bb, 0x80ca, 0x8050, 0x7fd5, 0x7fe4,
   0x8050, 0x807e, 0x8040, 0x7f0d, 0x7f3b, 0x7f97, 0x7f1d, 0x7f4b, 0x7f1d,
   0x7fe4, 0x8022, 0x8040, 0x8040, 0x8022, 0x8022, 0x7f69, 0x7f69, 0x7ff3,
   0x8012, 0x8012, 0x8012, 0x7fd5, 0x8003, 0x7ff3, 0x8022, 0x7ff3, 0x807e,
   0x80ac, 0x80ca, 0x80ac, 0x7ff3, 0x7f79, 0x7f3b, 0x7f2c, 0x7ff3, 0x7f2c,
   0x7f69, 0x7ff3, 0x8050, 0x8031, 0x7f5a, 0x7f0d, 0x7fc5, 0x8022, 0x805f,
   0x8012, 0x8040, 0x808d, 0x808d, 0x80bb, 0x80f8, 0x8145, 0x8117, 0x8108,
   0x809c, 0x807e, 0x7fd5, 0x7efe, 0x8003, 0x809c, 0x80f8, 0x80ac, 0x80da,
   0x806e, 0x8050, 0x8040, 0x8031, 0x805f, 0x7f88, 0x7f69, 0x7fa7, 0x7f2c,
   0x7eef, 0x7eef, 0x7f69, 0x8003, 0x80ac, 0x80da, 0x809c, 0x8022, 0x7f97,
   0x7f97, 0x7f79, 0x7fe4, 0x7fa7, 0x7fc5, 0x7fc5, 0x7fb6, 0x7fc5, 0x7fa7,
   0x7f5a, 0x7fd5, 0x8003, 0x807e, 0x805f, 0x806e, 0x809c, 0x8050, 0x80ac,
   0x807e, 0x80da, 0x807e, 0x7fc5, 0x7f79, 0x7f4b, 0x7fc5, 0x809c, 0x80ca,
   0x80ca, 0x80ac, 0x80ca, 0x805f, 0x80ac, 0x80ca, 0x80e9, 0x807e, 0x8003,
   0x8040, 0x80da, 0x80ac, 0x809c, 0x7fe4, 0x8003, 0x8003, 0x8012, 0x806e,
   0x806e, 0x80e9, 0x807e, 0x8012, 0x7ff3, 0x8012, 0x8003, 0x7fb6, 0x7ed0,
   0x8012, 0x805f, 0x8050, 0x8050, 0x805f, 0x8050, 0x8022, 0x8003, 0x8022,
   0x8050, 0x8012, 0x8040, 0x8012, 0x7fd5, 0x7fd5, 0x8040, 0x8003, 0x8050,
   0x8031, 0x806e, 0x80ac, 0x7fe4, 0x7ff3, 0x7ff3, 0x8012, 0x8040, 0x807e,
   0x8022, 0x7fb6, 0x7fa7, 0x7ed0, 0x7ec1, 0x7f0d, 0x7fa7, 0x7fc5, 0x8022,
   0x8050, 0x809c, 0x8022, 0x7ff3, 0x7f5a, 0x7efe, 0x7f0d, 0x7f2c, 0x7f79,
   0x7f97, 0x8040, 0x806e, 0x80bb, 0x8050, 0x8031, 0x805f, 0x8012, 0x7fe4,
   0x7fc5, 0x8022, 0x8031, 0x806e, 0x805f, 0x807e, 0x80ca, 0x7ff3, 0x7fd5,
   0x7f97, 0x7f5a, 0x7fc5, 0x8022, 0x8012, 0x809c, 0x809c, 0x808d, 0x80ac,
   0x8003, 0x7f5a, 0x7f4b, 0x7f69, 0x7eef, 0x7ed0, 0x7f3b, 0x7f5a, 0x7fc5,
   0x8012, 0x8022, 0x805f, 0x807e, 0x7f97, 0x8003, 0x7fe4, 0x7f79, 0x7f69,
   0x7f97, 0x7fd5, 0x7fe4, 0x7fe4, 0x8012, 0x8031, 0x7fe4, 0x809c, 0x8012,
   0x8031, 0x7fd5, 0x7f97, 0x7fc5, 0x7f88, 0x7efe, 0x7efe, 0x7f0d, 0x7efe,
   0x7f69, 0x7f88, 0x8022, 0x8022, 0x805f, 0x806e, 0x8040, 0x8031, 0x8022,
   0x8012, 0x8050, 0x807e, 0x807e, 0x80bb, 0x8050, 0x8022, 0x806e, 0x8040,
   0x8022, 0x7fa7, 0x7fc5, 0x7fe4, 0x8022, 0x8022, 0x80bb, 0x807e, 0x806e,
   0x8012, 0x809c, 0x80ac, 0x80da, 0x8003, 0x8031, 0x8031, 0x8003, 0x7f5a,
   0x7fb6, 0x7fc5, 0x7fa7, 0x7f5a, 0x7f79, 0x7efe, 0x7e74, 0x7ec1, 0x7eef,
   0x7f4b, 0x7f88, 0x7f5a, 0x7f88, 0x8003, 0x7ff3, 0x8003, 0x7fd5, 0x7f97,
   0x7fc5, 0x8003, 0x8012, 0x808d, 0x8003, 0x7fc5, 0x7f79, 0x7f97, 0x8022,
   0x8040, 0x80ac, 0x808d, 0x8012, 0x8031, 0x7fc5, 0x8012, 0x806e, 0x806e,
   0x809c, 0x807e, 0x806e, 0x8022, 0x8012, 0x8050, 0x7fa7, 0x7f88, 0x7f88,
   0x7f79, 0x7f69, 0x7f88, 0x7f69, 0x8012, 0x806e, 0x80f8, 0x8164, 0x8126,
   0x808d, 0x805f, 0x7f88, 0x7f0d, 0x7fb6, 0x7fa7, 0x7f88, 0x7f3b, 0x7ea2,
   0x7ec1, 0x7e93, 0x7f1d, 0x7efe, 0x7f1d, 0x7e74, 0x7ed0, 0x7efe, 0x7f2c,
   0x7f88, 0x7f79, 0x7f69, 0x7f88, 0x805f, 0x7fd5, 0x8031, 0x7fb6, 0x7bfe,
   0x78df, 0x7827, 0x78c1, 0x79d5, 0x7c2c, 0x7efe, 0x8182, 0x82d4, 0x8454,
   0x8473, 0x838d, 0x8303, 0x8296, 0x8278, 0x81ee, 0x81fd, 0x8182, 0x8117,
   0x80ca, 0x80ca, 0x7f88, 0x809c, 0x80ac, 0x80ac, 0x809c, 0x8031, 0x807e,
   0x807e, 0x8012, 0x7ff3, 0x8012, 0x8031, 0x806e, 0x80ac, 0x8108, 0x80ac,
   0x807e, 0x8050, 0x7fb6, 0x7fb6, 0x7fa7, 0x7ff3, 0x8012, 0x8012, 0x7fb6,
   0x7fa7, 0x7f5a, 0x7f69, 0x7fc5, 0x7fc5, 0x7ff3, 0x8012, 0x7fa7, 0x7f79,
   0x805f, 0x80f8, 0x808d, 0x8040, 0x8022, 0x8012, 0x8012, 0x8012, 0x805f,
   0x8040, 0x8022, 0x7f97, 0x7fe4, 0x8031, 0x8050, 0x807e, 0x805f, 0x8040,
   0x806e, 0x8012, 0x7fd5, 0x7fd5, 0x7fe4, 0x7f88, 0x7f97, 0x7fc5, 0x7fb6,
   0x8012, 0x7fd5, 0x7fe4, 0x8031, 0x8003, 0x8012, 0x7fa7, 0x7f3b, 0x7f2c,
   0x7f1d, 0x7fe4, 0x80ac, 0x80e9, 0x809c, 0x80bb, 0x80ac, 0x80bb, 0x8040,
   0x7fe4, 0x805f, 0x8040, 0x8012, 0x7f5a, 0x7edf, 0x7fa7, 0x7fb6, 0x7fe4,
   0x8031, 0x806e, 0x80ca, 0x808d, 0x7ff3, 0x7f5a, 0x7efe, 0x7f69, 0x7ff3,
   0x7ff3, 0x8050, 0x805f, 0x806e, 0x805f, 0x7fa7, 0x7f79, 0x7f1d, 0x7e46,
   0x7eef, 0x7fd5, 0x806e, 0x8108, 0x80ca, 0x807e, 0x808d, 0x80ac, 0x8003,
   0x8012, 0x7fc5, 0x7fd5, 0x7fe4, 0x8003, 0x7f88, 0x7f3b, 0x7f97, 0x7f97,
   0x7fd5, 0x8040, 0x806e, 0x809c, 0x8031, 0x8003, 0x8012, 0x809c, 0x80ac,
   0x8022, 0x7fd5, 0x7f79, 0x7ed0, 0x7eb1, 0x7f79, 0x8012, 0x7fe4, 0x7f88,
   0x7fe4, 0x7fe4, 0x8012, 0x7fe4, 0x8031, 0x8040, 0x8022, 0x806e, 0x8050,
   0x8012, 0x7fe4, 0x8040, 0x8031, 0x8022, 0x7fe4, 0x7f88, 0x7fc5, 0x7ff3,
   0x7eef, 0x7ea2, 0x7efe, 0x7f1d, 0x7f4b, 0x7f5a, 0x7fe4, 0x805f, 0x80e9,
   0x808d, 0x8022, 0x8012, 0x7fb6, 0x7f2c, 0x7f69, 0x8012, 0x807e, 0x8031,
   0x7fc5, 0x8031, 0x7fc5, 0x806e, 0x7ff3, 0x8012, 0x8022, 0x807e, 0x80bb,
   0x8182, 0x81de, 0x8154, 0x80e9, 0x80ac, 0x8012, 0x7f97, 0x7ff3, 0x807e,
   0x809c, 0x7ff3, 0x7f4b, 0x7f3b, 0x7fb6, 0x8031, 0x7ff3, 0x7ff3, 0x807e,
   0x8031, 0x8031, 0x8050, 0x8050, 0x8031, 0x8012, 0x7ff3, 0x8040, 0x8012,
   0x7f79, 0x8003, 0x8040, 0x806e, 0x8050, 0x8022, 0x8012, 0x7fe4, 0x8003,
   0x7f88, 0x7f5a, 0x7f88, 0x7f88, 0x7f5a, 0x7f3b, 0x7f97, 0x7eef, 0x7f0d,
   0x7f4b, 0x7fe4, 0x8003, 0x8031, 0x8040, 0x8022, 0x8003, 0x7ff3, 0x7fe4,
   0x8031, 0x8012, 0x7ff3, 0x8012, 0x8040, 0x80bb, 0x8040, 0x807e, 0x80ac,
   0x8022, 0x7f79, 0x7e83, 0x7f1d, 0x7f97, 0x8040, 0x8050, 0x80f8, 0x80e9,
   0x7f1d, 0x7ea2, 0x7f2c, 0x7fb6, 0x8050, 0x807e, 0x80ac, 0x80ac, 0x80ac,
   0x805f, 0x80ac, 0x8050, 0x807e, 0x8003, 0x7fb6, 0x8003, 0x8050, 0x8040,
   0x8012, 0x7fd5, 0x7f79, 0x7f79, 0x7f0d, 0x7f3b, 0x7f79, 0x8012, 0x7fe4,
   0x8012, 0x8022, 0x8040, 0x8031, 0x7fc5, 0x7eef, 0x7f2c, 0x8003, 0x807e,
   0x807e, 0x80ac, 0x805f, 0x7fe4, 0x7f88, 0x7fc5, 0x808d, 0x80e9, 0x8050,
   0x7f97, 0x7fc5, 0x7f88, 0x7f79, 0x805f, 0x808d, 0x808d, 0x7fe4, 0x7fe4,
   0x7f97, 0x7fd5, 0x7fd5, 0x8012, 0x8031, 0x8022, 0x806e, 0x8050, 0x8022,
   0x7fe4, 0x8012, 0x8012, 0x8022, 0x8040, 0x8022, 0x807e, 0x8012, 0x7f97,
   0x7f79, 0x7f79, 0x7f4b, 0x7f0d, 0x7f79, 0x7f97, 0x7fb6, 0x806e, 0x8022,
   0x8032, 0x7f96, 0x7f2b, 0x7eef, 0x7f59, 0x7fb6, 0x7fd5, 0x7fb6, 0x7fe4,
   0x8040, 0x8012, 0x7ff3, 0x7ff3, 0x7fe4, 0x7fb6, 0x8003, 0x8040, 0x8022,
   0x7f97, 0x7fa7, 0x7fc5, 0x8012, 0x8022, 0x807e, 0x80bb, 0x80ca, 0x80ca,
   0x805f, 0x8012, 0x7f97, 0x7f79, 0x7fb6, 0x7ff3, 0x7f97, 0x8022, 0x8040,
   0x8031, 0x8031, 0x8040, 0x807e, 0x8031, 0x8012, 0x809c, 0x809c, 0x8012,
   0x8022, 0x8003, 0x8003, 0x8012, 0x7fe4, 0x7fa7, 0x7f97, 0x7f69, 0x7f4b,
   0x7ff3, 0x8022, 0x8031, 0x80bb, 0x808d, 0x80ac, 0x80f8, 0x809c, 0x805f,
   0x8012, 0x7fe4, 0x8012, 0x7ff3, 0x7f2c, 0x7ea2, 0x7e93, 0x7eef, 0x7f5a,
   0x7f79, 0x7fd5, 0x8040, 0x808d, 0x80bb, 0x808d, 0x807e, 0x808d, 0x7fc5,
   0x7f4b, 0x7f69, 0x7f4b, 0x8031, 0x80bb, 0x80ca, 0x806e, 0x8031, 0x7f88,
   0x7f97, 0x7ff3, 0x805f, 0x8022, 0x8012, 0x7fe4, 0x8022, 0x8022, 0x806e,
   0x80ca, 0x809c, 0x807e, 0x807e, 0x806e, 0x80bb, 0x8126, 0x80da, 0x807e,
   0x8012, 0x8003, 0x8022, 0x8012, 0x8022, 0x80ac, 0x80da, 0x8126, 0x8126,
   0x80e9, 0x8108, 0x8108, 0x80e9, 0x80da, 0x80e9, 0x8022, 0x7f79, 0x7f1d,
   0x7eef, 0x7f0d, 0x7edf, 0x7efe, 0x7e93, 0x7eb1, 0x7f4b, 0x7efe, 0x7ea2,
   0x7e93, 0x7edf, 0x7f88, 0x7fc5, 0x8022, 0x8040, 0x8012, 0x7fa7, 0x7f88,
   0x8012, 0x7fb6, 0x8012, 0x805f, 0x807e, 0x807e, 0x808d, 0x808d, 0x7fd5,
   0x7fa7, 0x7fd5, 0x805f, 0x807e, 0x7ff3, 0x7ff3, 0x8003, 0x7f97, 0x7fe4,
   0x7ff3, 0x7fe4, 0x7ff3, 0x7fe4, 0x7fe4, 0x8012, 0x808d, 0x80da, 0x808d,
   0x8040, 0x8031, 0x8022, 0x7ff3, 0x7efe, 0x7eb1, 0x7e93, 0x7f2c, 0x8022,
   0x806e, 0x809c, 0x8117, 0x806e, 0x8022, 0x806e, 0x8031, 0x808d, 0x80da,
   0x80bb, 0x8050, 0x7f88, 0x7f4b, 0x7ff3, 0x8003, 0x8040, 0x8040, 0x8003,
   0x8022, 0x80ca, 0x8012, 0x7fa7, 0x7f5a, 0x7f1d, 0x7eef, 0x7f2c, 0x7e83,
   0x7e74, 0x7e93, 0x7f3b, 0x8003, 0x8012, 0x7fe4, 0x7fe4, 0x8022, 0x80ac,
   0x80bb, 0x806e, 0x80bb, 0x805f, 0x8040, 0x8012, 0x805f, 0x806e, 0x809c,
   0x7ff3, 0x7fc5, 0x8022, 0x7f97, 0x7f88, 0x7fb6, 0x8031, 0x8040, 0x809c,
   0x80ca, 0x808d, 0x8012, 0x8040, 0x8050, 0x806e, 0x8050, 0x7fd5, 0x8012,
   0x8050, 0x8050, 0x807e, 0x8050, 0x805f, 0x807e, 0x7f88, 0x7fb6, 0x7f97,
   0x8003, 0x8040, 0x7fb6, 0x7ff3, 0x805f, 0x8050, 0x8031, 0x7f79, 0x7fe4,
   0x8022, 0x809c, 0x7fd5, 0x7f97, 0x7f5a, 0x7f88, 0x7fd5, 0x7fe4, 0x7fd5,
   0x8031, 0x8040, 0x805f, 0x805f, 0x8050, 0x8050, 0x7fe4, 0x7f88, 0x7f3b,
   0x7f0d, 0x7f5a, 0x7fa7, 0x7fb6, 0x8012, 0x80da, 0x806e, 0x808d, 0x8050,
   0x7ff3, 0x7fb6, 0x7ff3, 0x807e, 0x80f8, 0x8108, 0x8117, 0x80bb, 0x809c,
   0x808d, 0x80bb, 0x805f, 0x8022, 0x8012, 0x7ff3, 0x7fe4, 0x8003, 0x8031,
   0x8040, 0x80bb, 0x80ac, 0x80bb, 0x80ca, 0x80bb, 0x808d, 0x7efe, 0x7ec1,
   0x7f1d, 0x7f5a, 0x7f88, 0x8040, 0x80ac, 0x80bb, 0x80e9, 0x8117, 0x80ac,
   0x7fd5, 0x7f97, 0x7f2c, 0x7f79, 0x8003, 0x8050, 0x8022, 0x8022, 0x8012,
   0x7fe4, 0x8012, 0x7ff3, 0x7f97, 0x7f4b, 0x7f69, 0x8003, 0x7fe4, 0x7fd5,
   0x8012, 0x8012, 0x8012, 0x8022, 0x7fd5, 0x7fd5, 0x8012, 0x7fb6, 0x7fa7,
   0x7fa7, 0x8003, 0x8031, 0x806e, 0x8040, 0x806e, 0x8050, 0x8050, 0x8012,
   0x8031, 0x8031, 0x8012, 0x8003, 0x8031, 0x8050, 0x7fe4, 0x8012, 0x7fb6,
   0x7fb6, 0x8003, 0x806e, 0x8031, 0x80ac, 0x807e, 0x807e, 0x8050, 0x805f,
   0x7fb6, 0x7f88, 0x7fb6, 0x8012, 0x8050, 0x807e, 0x805f, 0x808d, 0x7ff3,
   0x809c, 0x8003, 0x80da, 0x808d, 0x8050, 0x8108, 0x80ac, 0x8050, 0x8003,
   0x7ff3, 0x8012, 0x80bb, 0x808d, 0x8040, 0x8012, 0x8031, 0x7fe4, 0x7f97,
   0x7fc5, 0x8012, 0x8040, 0x809c, 0x80ac, 0x80e9, 0x807e, 0x7f97, 0x8003,
   0x7f4b, 0x7e27, 0x7dea, 0x7e93, 0x7ed0, 0x7fc5, 0x80ac, 0x8126, 0x8108,
   0x80da, 0x80f8, 0x8050, 0x7fd5, 0x7fa7, 0x7f69, 0x7f88, 0x7ff3, 0x8012,
   0x8003, 0x808d, 0x80cb, 0x8146, 0x809c, 0x7fd5, 0x7f97, 0x7f1d, 0x7eb1,
   0x7fa7, 0x7f97, 0x7fe4, 0x8012, 0x806e, 0x809c, 0x80ca, 0x806e, 0x8050,
   0x8022, 0x7fa7, 0x7fc5, 0x8012, 0x80f8, 0x80ca, 0x8145, 0x8117, 0x805f,
   0x7fd5, 0x7f1d, 0x7f1d
};

static const uint16_t SPIKESHF[30000] = {
   0x7fde, 0x7fcf, 0x7fc0, 0x7f54, 0x7f82, 0x7fa1, 0x7fde, 0x7fa1, 0x7fcf,
   0x7ffd, 0x7fee, 0x7fb0, 0x7fc0, 0x7fde, 0x7fc0, 0x7fb0, 0x7fee, 0x7fcf,
   0x7fee, 0x7fa1, 0x7fb0, 0x7f92, 0x7fb0, 0x7fb0, 0x7fcf, 0x800c, 0x7ffd,
   0x800c, 0x7fee, 0x7fee, 0x7fde, 0x7fa1, 0x7fa1, 0x800c, 0x7fa1, 0x7fb0,
   0x800c, 0x801c, 0x7fee, 0x7fc0, 0x7f92, 0x7f64, 0x7fc0, 0x7fee, 0x7fb0,
   0x7fb0, 0x800c, 0x7ffd, 0x800c, 0x800c, 0x7fb0, 0x7fb0, 0x7fcf, 0x800c,
   0x7fcf, 0x7fa1, 0x7fa1, 0x7f82, 0x7ffd, 0x7fde, 0x7fcf, 0x7fc0, 0x7fee,
   0x7fc0, 0x7ffd, 0x7fc0, 0x7fee, 0x800c, 0x7ffd, 0x7fc0, 0x7fcf, 0x7fde,
   0x7f73, 0x7fcf, 0x7fde, 0x802b, 0x801c, 0x7fde, 0x7f82, 0x7fee, 0x7fee,
   0x7fc0, 0x7fde, 0x802b, 0x800c, 0x7fc0, 0x801c, 0x7fb0, 0x7fcf, 0x7fa1,
   0x7fee, 0x7fde, 0x7fa1, 0x7fb0, 0x7fcf, 0x7fde, 0x800c, 0x7fee, 0x7fa1,
   0x7fc0, 0x7fde, 0x7fb0, 0x7fb0, 0x7fcf, 0x7f82, 0x800c, 0x7fee, 0x7fc0,
   0x7fb0, 0x7f82, 0x7fc0, 0x7fa1, 0x7fde, 0x7fb0, 0x7fc0, 0x7fa1, 0x7fc0,
   0x7fb0, 0x7fc0, 0x7f92, 0x7f92, 0x7fb0, 0x7fde, 0x7f82, 0x7f92, 0x7fee,
   0x7fde, 0x7fcf, 0x7f92, 0x7fc0, 0x7fee, 0x7fc0, 0x7ffd, 0x7fcf, 0x7fcf,
   0x7fee, 0x7fde, 0x7fde, 0x7fee, 0x7fcf, 0x7fde, 0x7f92, 0x7fee, 0x7fc0,
   0x7fcf, 0x7fee, 0x7fc0, 0x7fa1, 0x7fde, 0x7fcf, 0x7fcf, 0x7fc0, 0x7fee,
   0x800c, 0x800c, 0x7ffd, 0x801c, 0x800c, 0x7fee, 0x7fc0, 0x7f45, 0x7f82,
   0x7fee, 0x7ffd, 0x801c, 0x800c, 0x7fb0, 0x7f82, 0x7fa1, 0x7fde, 0x7fde,
   0x7ffd, 0x7fcf, 0x7fcf, 0x7fee, 0x802b, 0x7fb0, 0x7ffd, 0x7fc0, 0x7fc0,
   0x7fcf, 0x7fc0, 0x7ffd, 0x800c, 0x800c, 0x7fde, 0x7fc0, 0x7ffd, 0x802b,
   0x802b, 0x7fee, 0x801c, 0x7fcf, 0x7fee, 0x7fc0, 0x800c, 0x7f92, 0x7fb0,
   0x7fde, 0x7ffd, 0x800c, 0x802b, 0x7fee, 0x800c, 0x803a, 0x7fb0, 0x7fb0,
   0x7fb0, 0x7fb0, 0x7fde, 0x801c, 0x801c, 0x803a, 0x801c, 0x7ffd, 0x7fde,
   0x802b, 0x7fcf, 0x803a, 0x800c, 0x7fb0, 0x800c, 0x7fde, 0x802b, 0x7ffd,
   0x7fcf, 0x800c, 0x7fc0, 0x800c, 0x7fcf, 0x7fee, 0x7fee, 0x7fcf, 0x7fcf,
   0x7fc0, 0x7fc0, 0x7fde, 0x7fde, 0x801c, 0x800c, 0x800c, 0x804a, 0x803a,
   0x801c, 0x800c, 0x7ffd, 0x7fcf, 0x801c, 0x8059, 0x803a, 0x804a, 0x8059,
   0x800c, 0x800c, 0x7fc0, 0x800c, 0x7fee, 0x800c, 0x803a, 0x800c, 0x801c,
   0x7fee, 0x7ffd, 0x7ffd, 0x802b, 0x803a, 0x8096, 0x802b, 0x7fb0, 0x800c,
   0x801c, 0x7fc0, 0x7fde, 0x800c, 0x802b, 0x800c, 0x800c, 0x7ffd, 0x801c,
   0x804a, 0x801c, 0x8059, 0x8059, 0x803a, 0x802b, 0x7fee, 0x8068, 0x801c,
   0x803a, 0x803a, 0x803a, 0x801c, 0x800c, 0x801c, 0x801c, 0x800c, 0x7ffd,
   0x7fee, 0x7ffd, 0x800c, 0x7ffd, 0x7fde, 0x7fcf, 0x7fcf, 0x800c, 0x7fde,
   0x7fcf, 0x8059, 0x7fee, 0x804a, 0x804a, 0x804a, 0x801c, 0x7fde, 0x7fb0,
   0x7fcf, 0x7fee, 0x7ffd, 0x800c, 0x801c, 0x804a, 0x804a, 0x800c, 0x802b,
   0x802b, 0x800c, 0x7fee, 0x801c, 0x803a, 0x803a, 0x803a, 0x801c, 0x804a,
   0x801c, 0x802b, 0x802b, 0x802b, 0x803a, 0x7fcf, 0x800c, 0x7ffd, 0x800c,
   0x800c, 0x800c, 0x7ffd, 0x7ffd, 0x800c, 0x800c, 0x800c, 0x7ffd, 0x800c,
   0x800c, 0x7fb0, 0x7fc0, 0x803a, 0x7f54, 0x7f92, 0x7f64, 0x7f64, 0x7fa1,
   0x7fcf, 0x7f82, 0x7f62, 0x7fa0, 0x7f81, 0x7faf, 0x7f72, 0x7fce, 0x7fa0,
   0x800c, 0x7fce, 0x7fcf, 0x800c, 0x7fcf, 0x7fde, 0x7ffd, 0x7fcf, 0x7fde,
   0x801c, 0x7fee, 0x7fde, 0x7f92, 0x7fc0, 0x7f92, 0x7fa1, 0x7fcf, 0x7fb0,
   0x7fa1, 0x7f92, 0x7fc0, 0x7fa1, 0x7fcf, 0x7fc0, 0x7fcf, 0x7fde, 0x803a,
   0x803a, 0x7ffd, 0x7fee, 0x7ffd, 0x7fde, 0x7fee, 0x800c, 0x800c, 0x804a,
   0x8059, 0x803a, 0x800c, 0x803a, 0x7fee, 0x7fee, 0x7fde, 0x801c, 0x801c,
   0x800c, 0x7fee, 0x7ffd, 0x801c, 0x802b, 0x8078, 0x802b, 0x804a, 0x7ffd,
   0x7ffd, 0x7ffd, 0x7ffd, 0x800c, 0x7ffd, 0x800c, 0x7ffd, 0x7fcf, 0x800c,
   0x7fcf, 0x7fb0, 0x7fee, 0x7ffd, 0x803a, 0x7fee, 0x7fc0, 0x800c, 0x7fde,
   0x7ffd, 0x7ffd, 0x801c, 0x7fde, 0x800c, 0x7ffd, 0x800c, 0x7fcf, 0x7fcf,
   0x7fb0, 0x800c, 0x7ffd, 0x7fde, 0x7fee, 0x800c, 0x7fcf, 0x7fee, 0x7ffd,
   0x800c, 0x800c, 0x7fc0, 0x7fb0, 0x7fde, 0x7fee, 0x7fee, 0x800c, 0x800c,
   0x801c, 0x7fde, 0x801c, 0x7fde, 0x7fcf, 0x7fee, 0x7fc0, 0x7fee, 0x800c,
   0x800c, 0x7fde, 0x800c, 0x800c, 0x7f45, 0x7e6e, 0x7cb0, 0x7b6e, 0x7b6e,
   0x7d1c, 0x7ef8, 0x801c, 0x815e, 0x8244, 0x82af, 0x8234, 0x8234, 0x818c,
   0x81c9, 0x817c, 0x813f, 0x80e3, 0x80c4, 0x80e3, 0x80c4, 0x803a, 0x80d4,
   0x80a6, 0x803a, 0x801c, 0x802b, 0x7fee, 0x800c, 0x802b, 0x7ffd, 0x7ffd,
   0x7fde, 0x7fcf, 0x7fc0, 0x7fee, 0x7fa1, 0x7fee, 0x800c, 0x7fcf, 0x7fb0,
   0x7f92, 0x7f64, 0x7fcf, 0x7fee, 0x800c, 0x7fc0, 0x7fc0, 0x7fcf, 0x7fde,
   0x7fee, 0x7fc0, 0x7fee, 0x7fee, 0x7fb0, 0x7fb0, 0x7fc0, 0x800c, 0x7fcf,
   0x7fde, 0x7fde, 0x802b, 0x802b, 0x801c, 0x7fde, 0x7f92, 0x7fcf, 0x7fee,
   0x7fde, 0x803a, 0x804a, 0x7ffd, 0x7fde, 0x7fcf, 0x7f64, 0x7f64, 0x7f82,
   0x800c, 0x7ffd, 0x7ffd, 0x7ffd, 0x801c, 0x800c, 0x802b, 0x8059, 0x803a,
   0x8078, 0x7fee, 0x7fde, 0x7ffd, 0x7fde, 0x7fde, 0x7fcf, 0x7fde, 0x7fc0,
   0x801c, 0x801c, 0x7ffd, 0x7fcf, 0x7fee, 0x802b, 0x801c, 0x802b, 0x802b,
   0x7ffd, 0x7ffd, 0x7fde, 0x800c, 0x7ffd, 0x801c, 0x800c, 0x7fde, 0x7fde,
   0x7fde, 0x7ffd, 0x7ffd, 0x802b, 0x803a, 0x800c, 0x800c, 0x800c, 0x801c,
   0x7fde, 0x7fde, 0x7ffd, 0x7fde, 0x7fcf, 0x801c, 0x803a, 0x7ffd, 0x7fde,
   0x7fb0, 0x7fcf, 0x801c, 0x7fde, 0x7fa1, 0x7fcf, 0x7ffd, 0x804a, 0x7ffd,
   0x801c, 0x801c, 0x7fee, 0x7fee, 0x7fee, 0x801c, 0x7fde, 0x7fc0, 0x800c,
   0x800c, 0x7fee, 0x7fee, 0x800c, 0x801c, 0x7fee, 0x800c, 0x7fde, 0x800c,
   0x7fa1, 0x7fc0, 0x7fee, 0x800c, 0x800c, 0x7f92, 0x800c, 0x800c, 0x800c,
   0x800c, 0x8068, 0x800c, 0x802b, 0x801c, 0x7fee, 0x802b, 0x7fde, 0x7f82,
   0x7f82, 0x7f92, 0x7fee, 0x800c, 0x7ffd, 0x803a, 0x802b, 0x800c, 0x7fde,
   0x7ffd, 0x803a, 0x800c, 0x801c, 0x800c, 0x7fee, 0x7f92, 0x7fb0, 0x7fc0,
   0x7fde, 0x7fee, 0x7ffd, 0x800c, 0x7fde, 0x800c, 0x800c, 0x800c, 0x801c,
   0x7fc0, 0x7ffd, 0x7fde, 0x7f82, 0x7fee, 0x7ffd, 0x7fcf, 0x800c, 0x804a,
   0x7fde, 0x800c, 0x7ffd, 0x801c, 0x803a, 0x8059, 0x804a, 0x804a, 0x803a,
   0x7fee, 0x7fcf, 0x7fcf, 0x7ffd, 0x7fde, 0x800c, 0x7fcf, 0x7fee, 0x7f92,
   0x7f64, 0x7f45, 0x7f36, 0x7f82, 0x7f64, 0x7fb0, 0x7fb0, 0x801c, 0x7fcf,
   0x800c, 0x800c, 0x7ffd, 0x7fee, 0x7fcf, 0x7ffd, 0x800c, 0x7ffd, 0x800c,
   0x7fde, 0x7fa1, 0x7fde, 0x7ffd, 0x7fee, 0x800c, 0x801c, 0x7ffd, 0x7ffd,
   0x800c, 0x801c, 0x7fee, 0x7fcf, 0x7fee, 0x800c, 0x7fde, 0x7fcf, 0x803a,
   0x803a, 0x7ffd, 0x7fcf, 0x7fc0, 0x7fde, 0x7f92, 0x7f92, 0x7f92, 0x800c,
   0x7f73, 0x7fee, 0x7fc0, 0x7ffd, 0x800c, 0x7ffd, 0x7f92, 0x7ffd, 0x7ffd,
   0x7fee, 0x7ffd, 0x7fee, 0x7fee, 0x800c, 0x801c, 0x7f92, 0x7fcf, 0x7fde,
   0x7ffd, 0x804a, 0x7fee, 0x7fee, 0x7fb0, 0x7fb0, 0x803a, 0x800c, 0x7ffd,
   0x7ffd, 0x801c, 0x801c, 0x802b, 0x800c, 0x803a, 0x7fee, 0x7fb0, 0x7f92,
   0x7fee, 0x800c, 0x7ffd, 0x7f82, 0x7fc0, 0x7fee, 0x802b, 0x7fcf, 0x7fee,
   0x7ffd, 0x7fcf, 0x7fcf, 0x7fde, 0x7fb0, 0x7f73, 0x7fa1, 0x7fcf, 0x7f64,
   0x7f64, 0x7f73, 0x7f64, 0x7f26, 0x7f73, 0x7f92, 0x7f92, 0x7f92, 0x7f54,
   0x7f64, 0x7f45, 0x7f36, 0x7f08, 0x7f73, 0x7f92, 0x7f45, 0x7fb0, 0x7f73,
   0x7f82, 0x7fa1, 0x7f54, 0x7f17, 0x7f36, 0x7f45, 0x7fc0, 0x7f73, 0x7f17,
   0x7f64, 0x7f92, 0x7f92, 0x7f92, 0x7f54, 0x7f54, 0x7f26, 0x7f54, 0x7f73,
   0x7f64, 0x7f64, 0x7f73, 0x7f73, 0x7fa1, 0x7fa1, 0x7fcf, 0x7f82, 0x7fb0,
   0x7fc0, 0x7fcf, 0x7f92, 0x7fa1, 0x7f82, 0x7f73, 0x7fb0, 0x7fb0, 0x7f64,
   0x7f64, 0x7f36, 0x7f08, 0x7ee9, 0x7f26, 0x7f73, 0x7f08, 0x7ef8, 0x7f17,
   0x7f64, 0x7f36, 0x7f82, 0x7f45, 0x7f17, 0x7f54, 0x7f36, 0x7fb0, 0x7fa1,
   0x7fa1, 0x7fde, 0x7fcf, 0x7fb0, 0x7f92, 0x803a, 0x7fcf, 0x7f73, 0x7fcf,
   0x7fee, 0x7fb0, 0x7ee9, 0x7df2, 0x7bf8, 0x7a59, 0x7ae4, 0x7c36, 0x7e31,
   0x7f92, 0x8102, 0x81d8, 0x8216, 0x8225, 0x81d8, 0x818c, 0x8102, 0x80d4,
   0x80a6, 0x8102, 0x80f2, 0x8096, 0x8078, 0x80a6, 0x804a, 0x802b, 0x800c,
   0x802b, 0x802b, 0x804a, 0x802b, 0x800c, 0x7fee, 0x7fde, 0x804a, 0x800c,
   0x7fee, 0x7fde, 0x7fee, 0x800c, 0x7fde, 0x7fb0, 0x7fcf, 0x7f92, 0x7fc0,
   0x7fb0, 0x7ffd, 0x800c, 0x7fee, 0x800c, 0x7fee, 0x7f92, 0x7fc0, 0x7fee,
   0x7fee, 0x7fee, 0x7fee, 0x7ffd, 0x7fee, 0x7fc0, 0x803a, 0x7fcf, 0x7fee,
   0x800c, 0x801c, 0x8078, 0x80c4, 0x8096, 0x80b5, 0x80a6, 0x8059, 0x8059,
   0x803a, 0x804a, 0x800c, 0x8068, 0x8096, 0x8059, 0x8096, 0x803a, 0x8078,
   0x8059, 0x80e3, 0x8096, 0x8087, 0x80b5, 0x8087, 0x8087, 0x8059, 0x8078,
   0x803a, 0x8078, 0x80b5, 0x8068, 0x8059, 0x8078, 0x8068, 0x803a, 0x8096,
   0x8078, 0x803a, 0x804a, 0x8078, 0x8096, 0x80a6, 0x80c4, 0x8120, 0x816d,
   0x8120, 0x80b5, 0x80d4, 0x80a6, 0x80e3, 0x80a6, 0x80e3, 0x80e3, 0x80a6,
   0x8087, 0x8068, 0x8096, 0x8087, 0x80d4, 0x80c4, 0x80b5, 0x804a, 0x80a6,
   0x80c4, 0x8087, 0x80b5, 0x80b5, 0x80a6, 0x80a6, 0x8130, 0x8102, 0x80d4,
   0x80d4, 0x80f2, 0x80f2, 0x80b5, 0x8102, 0x80f2, 0x8111, 0x80c4, 0x80e3,
   0x80f2, 0x80c4, 0x80b5, 0x80d4, 0x8102, 0x8102, 0x8078, 0x804a, 0x80c4,
   0x80b5, 0x80d4, 0x80d4, 0x80b5, 0x80a6, 0x80b5, 0x80b5, 0x8096, 0x803a,
   0x80b5, 0x8078, 0x80a6, 0x8087, 0x80d4, 0x8068, 0x801c, 0x800c, 0x800c,
   0x7ffd, 0x804a, 0x8059, 0x8059, 0x8087, 0x802b, 0x801c, 0x800c, 0x8068,
   0x800c, 0x8068, 0x80a6, 0x8096, 0x803a, 0x802b, 0x8087, 0x8096, 0x80a6,
   0x8087, 0x8059, 0x8087, 0x80a6, 0x800c, 0x801c, 0x7fcf, 0x7ffd, 0x801c,
   0x800c, 0x800c, 0x7fa1, 0x7fde, 0x7fee, 0x8059, 0x8059, 0x8087, 0x80c4,
   0x8096, 0x8078, 0x8078, 0x8059, 0x8096, 0x803a, 0x8059, 0x804a, 0x802b,
   0x7fcf, 0x800c, 0x802b, 0x7fee, 0x800c, 0x7fc0, 0x7fcf, 0x7fee, 0x7f92,
   0x7f73, 0x7fc0, 0x7fb0, 0x7f73, 0x7f92, 0x7ffd, 0x7fa1, 0x7f64, 0x7fc0,
   0x800c, 0x7fde, 0x7fc0, 0x7fde, 0x803a, 0x8059, 0x8059, 0x8059, 0x7ffd,
   0x800c, 0x800c, 0x800c, 0x801c, 0x803a, 0x801c, 0x802b, 0x7fcf, 0x7f64,
   0x7fc0, 0x7fee, 0x803a, 0x800c, 0x7ffd, 0x800c, 0x7fde, 0x7f82, 0x7fcf,
   0x7fee, 0x7ffd, 0x7fde, 0x7ffd, 0x7ffd, 0x800c, 0x7fcf, 0x7fee, 0x7fcf,
   0x7fde, 0x800c, 0x8059, 0x801c, 0x800c, 0x803a, 0x7fee, 0x800c, 0x7ffd,
   0x800c, 0x800c, 0x7ffd, 0x7ffd, 0x803a, 0x7ffd, 0x7fc0, 0x803a, 0x800c,
   0x801c, 0x800c, 0x7fee, 0x800c, 0x800c, 0x800c, 0x801c, 0x800c, 0x803a,
   0x7fcf, 0x7fc0, 0x800c, 0x801c, 0x7fcf, 0x7fde, 0x7fcf, 0x7fde, 0x7fde,
   0x7fcf, 0x7fee, 0x7fcf, 0x7fee, 0x7ffd, 0x7fde, 0x7fde, 0x7fcf, 0x7ffd,
   0x7fde, 0x7fee, 0x7fde, 0x7fa1, 0x7fb0, 0x7f92, 0x7f54, 0x7f64, 0x7fc0,
   0x7fb0, 0x7fcf, 0x7fcf, 0x7fa1, 0x7f82, 0x7f26, 0x7f26, 0x7f73, 0x7f82,
   0x7f73, 0x7f64, 0x7fb0, 0x7fcf, 0x7fb0, 0x7fb0, 0x7fb0, 0x7fc0, 0x7fde,
   0x802b, 0x800c, 0x7fc0, 0x7fa1, 0x7fcf, 0x7fb0, 0x7fc0, 0x7fc0, 0x7fde,
   0x7fc0, 0x7fb0, 0x7ffd, 0x7fee, 0x7fde, 0x7fb0, 0x7fb0, 0x7fc0, 0x7fcf,
   0x7fde, 0x7fde, 0x7fde, 0x7ffd, 0x7fc0, 0x7f92, 0x7f73, 0x7fee, 0x7ffd,
   0x7fc0, 0x7ffd, 0x801c, 0x803a, 0x800c, 0x7fde, 0x7fcf, 0x7ffd, 0x7fcf,
   0x7fcf, 0x7fee, 0x7fee, 0x7f92, 0x7f73, 0x7fc0, 0x7fa1, 0x7fb0, 0x7fcf,
   0x7ffd, 0x7fb0, 0x7fee, 0x801c, 0x800c, 0x7fde, 0x7ffd, 0x7fcf, 0x800c,
   0x7ffd, 0x7ffd, 0x7f82, 0x7fee, 0x800c, 0x7fde, 0x7fee, 0x804a, 0x800c,
   0x800c, 0x7ffd, 0x7fee, 0x7fde, 0x7fc0, 0x800c, 0x7fcf, 0x7fb0, 0x800c,
   0x801c, 0x800c, 0x800c, 0x801c, 0x804a, 0x7fee, 0x7fee, 0x800c, 0x7fee,
   0x7fde, 0x7f73, 0x7ffd, 0x800c, 0x7fc0, 0x7fcf, 0x7ffd, 0x801c, 0x7fde,
   0x800c, 0x800c, 0x7fde, 0x7fde, 0x7ffd, 0x800c, 0x803a, 0x803a, 0x7fde,
   0x802b, 0x800c, 0x7ffd, 0x800c, 0x802b, 0x800c, 0x804a, 0x802b, 0x800c,
   0x804a, 0x803a, 0x80c4, 0x804a, 0x8059, 0x7fee, 0x7fa1, 0x7e50, 0x7cfd,
   0x7b31, 0x7b31, 0x7cb0, 0x7e7e, 0x800c, 0x814e, 0x8234, 0x8244, 0x81e8,
   0x8206, 0x8225, 0x81ba, 0x818c, 0x816d, 0x817c, 0x80e3, 0x80d4, 0x8078,
   0x8078, 0x80b5, 0x80d4, 0x8059, 0x802b, 0x8059, 0x7ffd, 0x801c, 0x800c,
   0x7fde, 0x7ffd, 0x801c, 0x804a, 0x802b, 0x802b, 0x80b5, 0x8059, 0x7fee,
   0x800c, 0x7ffd, 0x8059, 0x801c, 0x801c, 0x7fee, 0x7ffd, 0x7fde, 0x801c,
   0x7fcf, 0x7fee, 0x803a, 0x800c, 0x800c, 0x7fde, 0x800c, 0x802b, 0x7fc0,
   0x7fc0, 0x800c, 0x7f92, 0x7fc0, 0x7f92, 0x7fde, 0x7fcf, 0x7fde, 0x7fee,
   0x7fc0, 0x7fcf, 0x7fde, 0x7ffd, 0x804a, 0x803a, 0x7fee, 0x7fde, 0x800c,
   0x7fde, 0x7fb0, 0x7fa1, 0x7f92, 0x7fee, 0x7fde, 0x7fcf, 0x7fa1, 0x7fee,
   0x7f92, 0x7fb0, 0x7fee, 0x7fde, 0x7fc0, 0x7ffd, 0x7fcf, 0x800c, 0x7ffd,
   0x800c, 0x7fee, 0x800c, 0x7fee, 0x7fde, 0x7fb0, 0x7fb0, 0x7fc0, 0x7fcf,
   0x7fee, 0x7ffd, 0x802b, 0x803a, 0x800c, 0x7ffd, 0x7fcf, 0x7fc0, 0x7fee,
   0x800c, 0x802b, 0x801c, 0x7fee, 0x7fde, 0x7fee, 0x7ffd, 0x7fde, 0x7ffd,
   0x803a, 0x801c, 0x7fcf, 0x7fb0, 0x7fc0, 0x800c, 0x801c, 0x801c, 0x804a,
   0x802b, 0x8059, 0x80d4, 0x8059, 0x802b, 0x802b, 0x802b, 0x8059, 0x800c,
   0x8087, 0x8087, 0x8087, 0x803a, 0x803a, 0x804a, 0x803a, 0x801c, 0x7ffd,
   0x803a, 0x8068, 0x8068, 0x801c, 0x800c, 0x7fee, 0x7fee, 0x800c, 0x803a,
   0x7fb0, 0x7fee, 0x7ffd, 0x803a, 0x8059, 0x802b, 0x8078, 0x804a, 0x8068,
   0x800c, 0x8068, 0x802b, 0x802b, 0x803a, 0x802b, 0x7ffd, 0x802b, 0x7fc0,
   0x800c, 0x800c, 0x7fde, 0x7fee, 0x802b, 0x802b, 0x803a, 0x7fde, 0x7fde,
   0x800c, 0x7ffd, 0x7ffd, 0x803a, 0x8078, 0x8059, 0x7ffd, 0x80a6, 0x803a,
   0x80b5, 0x8078, 0x8078, 0x802b, 0x800c, 0x7fee, 0x7fde, 0x800c, 0x801c,
   0x7fcf, 0x7fde, 0x802b, 0x801c, 0x7ffd, 0x801c, 0x800c, 0x800c, 0x803a,
   0x8059, 0x802b, 0x7fee, 0x7fc0, 0x800c, 0x801c, 0x800c, 0x804a, 0x802b,
   0x800c, 0x7fcf, 0x7fb0, 0x7fcf, 0x800c, 0x8068, 0x800c, 0x801c, 0x7fde,
   0x800c, 0x7fcf, 0x802b, 0x7fde, 0x803a, 0x7ffd, 0x802b, 0x800c, 0x801c,
   0x802b, 0x802b, 0x800c, 0x7fee, 0x800c, 0x800c, 0x7ffd, 0x7fde, 0x7fb0,
   0x7fcf, 0x7fcf, 0x7f92, 0x7fc0, 0x7fee, 0x7fde, 0x7fb0, 0x7fde, 0x7fcf,
   0x7fcf, 0x7ffd, 0x7ffd, 0x800c, 0x802b, 0x800c, 0x7fee, 0x7fee, 0x7fde,
   0x7fc0, 0x800c, 0x7ffd, 0x801c, 0x802b, 0x803a, 0x804a, 0x803a, 0x800c,
   0x7fde, 0x802b, 0x7fee, 0x800c, 0x7fee, 0x7f73, 0x7fde, 0x7fde, 0x7ffd,
   0x7ffd, 0x7ffd, 0x7f82, 0x7fa1, 0x7fcf, 0x7f73, 0x7f92, 0x7fb0, 0x7fc0,
   0x7fa1, 0x7fcf, 0x7f82, 0x7fc0, 0x7fa1, 0x7fb0, 0x7f64, 0x800c, 0x7fc0,
   0x7fee, 0x7fc0, 0x7fc0, 0x7fb0, 0x7fde, 0x7fde, 0x7fc0, 0x7fee, 0x800c,
   0x7fde, 0x7fc0, 0x7fee, 0x7f73, 0x7f73, 0x7fb0, 0x7fc0, 0x7fde, 0x7f82,
   0x7fee, 0x7f73, 0x7fb0, 0x7f54, 0x7fc0, 0x7ffd, 0x800c, 0x7fb0, 0x7f64,
   0x7fc0, 0x7f92, 0x7fc0, 0x7fde, 0x7f36, 0x7f92, 0x7f17, 0x7f08, 0x7fb0,
   0x7f54, 0x7f92, 0x7f64, 0x7fcf, 0x7f92, 0x7f73, 0x7fa1, 0x7f73, 0x7fa1,
   0x7fa1, 0x7f92, 0x7fa1, 0x7fb0, 0x7fc0, 0x7f73, 0x7f92, 0x7fcf, 0x7fcf,
   0x7fc0, 0x7fee, 0x7fb0, 0x7f82, 0x7f64, 0x7fcf, 0x7f82, 0x7f64, 0x7f26,
   0x7f36, 0x7f64, 0x7f92, 0x7f82, 0x7f54, 0x7f73, 0x7f92, 0x7fcf, 0x7f73,
   0x7f26, 0x7f64, 0x7f64, 0x7fee, 0x7fee, 0x800c, 0x7f92, 0x7f82, 0x7f82,
   0x800c, 0x7ffd, 0x7fde, 0x7ffd, 0x800c, 0x7fee, 0x7fee, 0x7f92, 0x7fde,
   0x802b, 0x800c, 0x7f45, 0x7fde, 0x7fee, 0x7fc0, 0x7fde, 0x7f73, 0x7f64,
   0x7fb0, 0x7fcf, 0x7fcf, 0x7fcf, 0x7f54, 0x7fc0, 0x7fde, 0x7f92, 0x7fde,
   0x800c, 0x7ffd, 0x7ffd, 0x7ffd, 0x7ffd, 0x7fee, 0x800c, 0x803a, 0x804a,
   0x804a, 0x802b, 0x7fcf, 0x7fee, 0x7fb0, 0x802b, 0x7ffd, 0x7fb0, 0x800c,
   0x802b, 0x7ffd, 0x804a, 0x8068, 0x804a, 0x7fb0, 0x7fcf, 0x804a, 0x8068,
   0x8059, 0x80a6, 0x80a6, 0x8087, 0x8059, 0x8059, 0x80a6, 0x8087, 0x7ffd,
   0x7ffd, 0x800c, 0x7fcf, 0x7ffd, 0x7fc0, 0x7fb0, 0x7fde, 0x7fb0, 0x800c,
   0x801c, 0x7ffd, 0x7fcf, 0x7fa1, 0x801c, 0x802b, 0x7fee, 0x800c, 0x8059,
   0x800c, 0x803a, 0x804a, 0x802b, 0x8078, 0x8078, 0x800c, 0x8068, 0x8096,
   0x8078, 0x8068, 0x8102, 0x80e3, 0x80a6, 0x8087, 0x8096, 0x80e3, 0x80a6,
   0x8059, 0x80a6, 0x803a, 0x7ffd, 0x7ffd, 0x803a, 0x8059, 0x8078, 0x8068,
   0x8068, 0x8096, 0x800c, 0x800c, 0x800c, 0x8068, 0x804a, 0x804a, 0x804a,
   0x8087, 0x80f2, 0x8059, 0x8059, 0x800c, 0x8078, 0x802b, 0x800c, 0x802b,
   0x80c4, 0x8068, 0x804a, 0x802b, 0x8078, 0x8078, 0x804a, 0x802b, 0x8059,
   0x8087, 0x80b5, 0x8087, 0x8087, 0x80d4, 0x8059, 0x8059, 0x8068, 0x8068,
   0x8059, 0x801c, 0x800c, 0x7fcf, 0x7fcf, 0x800c, 0x8068, 0x8068, 0x8059,
   0x802b, 0x8096, 0x8059, 0x800c, 0x802b, 0x801c, 0x804a, 0x800c, 0x800c,
   0x804a, 0x8059, 0x7ffd, 0x802b, 0x803a, 0x7fee, 0x7ffd, 0x7ffd, 0x802b,
   0x800c, 0x803a, 0x804a, 0x803a, 0x802b, 0x804a, 0x7ffd, 0x802b, 0x803a,
   0x800c, 0x801c, 0x803a, 0x804a, 0x801c, 0x804a, 0x802b, 0x801c, 0x801c,
   0x801c, 0x8059, 0x8059, 0x8068, 0x8068, 0x80b5, 0x801c, 0x7fee, 0x800c,
   0x8078, 0x8059, 0x803a, 0x8068, 0x8078, 0x8059, 0x8096, 0x8078, 0x8078,
   0x80e3, 0x8059, 0x802b, 0x803a, 0x804a, 0x8068, 0x804a, 0x8087, 0x80e3,
   0x8087, 0x803a, 0x8096, 0x80b5, 0x800c, 0x8059, 0x802b, 0x804a, 0x803a,
   0x801c, 0x7ffd, 0x801c, 0x801c, 0x7ffd, 0x801c, 0x801c, 0x803a, 0x8078,
   0x802b, 0x800c, 0x800c, 0x804a, 0x803a, 0x801c, 0x803a, 0x800c, 0x800c,
   0x7fc0, 0x7ffd, 0x800c, 0x7fde, 0x7fee, 0x7fee, 0x800c, 0x7fee, 0x800c,
   0x800c, 0x800c, 0x800c, 0x804a, 0x7fcf, 0x800c, 0x7f17, 0x7e22, 0x7d3a,
   0x7b50, 0x7b50, 0x7c08, 0x7e31, 0x7fee, 0x815e, 0x81d8, 0x8262, 0x82a0,
   0x8216, 0x81e8, 0x81ba, 0x818c, 0x815e, 0x816d, 0x815e, 0x813f, 0x8130,
   0x80e3, 0x8111, 0x80c4, 0x80a6, 0x80b5, 0x8087, 0x804a, 0x804a, 0x804a,
   0x802b, 0x802b, 0x804a, 0x801c, 0x800c, 0x7fee, 0x8078, 0x800c, 0x802b,
   0x7ffd, 0x7fc0, 0x7fcf, 0x7fde, 0x802b, 0x804a, 0x801c, 0x800c, 0x8059,
   0x801c, 0x802b, 0x8059, 0x801c, 0x803a, 0x803a, 0x801c, 0x7fc0, 0x7fc0,
   0x800c, 0x7fee, 0x7fee, 0x7fc0, 0x7ffd, 0x7fde, 0x7ffd, 0x7fc0, 0x7fee,
   0x802b, 0x7fb0, 0x7f92, 0x7fc0, 0x7fc0, 0x7ffd, 0x7fa1, 0x7fc0, 0x7fc0,
   0x7fde, 0x800c, 0x7ffd, 0x800c, 0x7fde, 0x7fb0, 0x801c, 0x7ffd, 0x800c,
   0x7fde, 0x7fcf, 0x7fde, 0x8059, 0x800c, 0x802b, 0x7f92, 0x7fb0, 0x7fde,
   0x7fa1, 0x801c, 0x803a, 0x802b, 0x7fde, 0x803a, 0x800c, 0x801c, 0x800c,
   0x7fee, 0x800c, 0x801c, 0x800c, 0x7ffd, 0x7fc0, 0x7fc0, 0x7fa1, 0x7fde,
   0x7fb0, 0x7fc0, 0x7fee, 0x800c, 0x801c, 0x802b, 0x802b, 0x800c, 0x800c,
   0x800c, 0x7fde, 0x7ffd, 0x7fb0, 0x7fde, 0x7fde, 0x7fc0, 0x7fa1, 0x7fcf,
   0x800c, 0x7fde, 0x800c, 0x7fde, 0x7fde, 0x7fb0, 0x800c, 0x802b, 0x801c,
   0x7ffd, 0x802b, 0x802b, 0x8059, 0x802b, 0x8068, 0x800c, 0x7fee, 0x7fde,
   0x800c, 0x7fcf, 0x7f92, 0x7f92, 0x7ffd, 0x7fee, 0x7fee, 0x7fcf, 0x7ffd,
   0x7f92, 0x7f92, 0x7fc0, 0x800c, 0x7fcf, 0x7ffd, 0x7f92, 0x7fee, 0x7f92,
   0x7fc0, 0x7f82, 0x7fc0, 0x7fcf, 0x800c, 0x800c, 0x7ffd, 0x7fee, 0x7fc0,
   0x7fee, 0x7fb0, 0x7fcf, 0x7ffd, 0x7fc0, 0x800c, 0x7fcf, 0x7ffd, 0x7f92,
   0x7fb0, 0x800c, 0x7f92, 0x7f92, 0x7fde, 0x7fee, 0x7ffd, 0x801c, 0x7fde,
   0x7fc0, 0x7fa1, 0x7fc0, 0x7f82, 0x7fc0, 0x7fee, 0x7fa1, 0x7f92, 0x7fde,
   0x7fc0, 0x7fa1, 0x7fee, 0x7ffd, 0x7fee, 0x7fde, 0x7fcf, 0x7fcf, 0x7fb0,
   0x7fb0, 0x7ffd, 0x7ffd, 0x800c, 0x7fee, 0x8059, 0x7ffd, 0x7fde, 0x801c,
   0x7ffd, 0x7ffd, 0x801c, 0x7fcf, 0x7fa1, 0x801c, 0x7fde, 0x7fde, 0x7ffd,
   0x7ffd, 0x801c, 0x804a, 0x7fc0, 0x7fee, 0x800c, 0x800c, 0x803a, 0x803a,
   0x7ffd, 0x802b, 0x801c, 0x804a, 0x800c, 0x8059, 0x802b, 0x801c, 0x800c,
   0x800c, 0x801c, 0x801c, 0x800c, 0x801c, 0x7fb0, 0x7fc0, 0x7fde, 0x801c,
   0x800c, 0x7fde, 0x7fee, 0x7fb0, 0x7fee, 0x7fee, 0x8078, 0x800c, 0x804a,
   0x800c, 0x7fde, 0x7ffd, 0x800c, 0x7ffd, 0x802b, 0x802b, 0x803a, 0x801c,
   0x800c, 0x7fee, 0x800c, 0x7fde, 0x7ffd, 0x7fee, 0x803a, 0x804a, 0x801c,
   0x803a, 0x7ffd, 0x801c, 0x801c, 0x801c, 0x802b, 0x800c, 0x803a, 0x800c,
   0x800c, 0x801c, 0x800c, 0x800c, 0x7fc0, 0x7fc0, 0x7fde, 0x7fc0, 0x7fc0,
   0x7fee, 0x7f92, 0x7fcf, 0x7fde, 0x7fc0, 0x7fc0, 0x7fde, 0x7fa1, 0x7fcf,
   0x7fc0, 0x800c, 0x802b, 0x7fcf, 0x801c, 0x7ffd, 0x7fcf, 0x7fcf, 0x7fcf,
   0x7fcf, 0x7fee, 0x802b, 0x800c, 0x800c, 0x7fcf, 0x7fb0, 0x7fb0, 0x7fb0,
   0x7f64, 0x7fcf, 0x7fde, 0x800c, 0x7fde, 0x7fc0, 0x7fa1, 0x7f92, 0x7fc0,
   0x7fb0, 0x7fb0, 0x7f92, 0x7fb0, 0x7fde, 0x7fcf, 0x7f92, 0x7f36, 0x7f64,
   0x7fcf, 0x7fb0, 0x7fee, 0x7fde, 0x7fee, 0x7fa1, 0x7fde, 0x7fc0, 0x7fde,
   0x7fde, 0x7fcf, 0x800c, 0x7fc0, 0x7f92, 0x7fcf, 0x7fde, 0x804a, 0x7fcf,
   0x7fde, 0x7fb0, 0x7f82, 0x7fb0, 0x800c, 0x7fee, 0x802b, 0x8059, 0x800c,
   0x800c, 0x7fa1, 0x7f92, 0x7f92, 0x7f82, 0x7f82, 0x7f82, 0x7fb0, 0x7fb0,
   0x7fc0, 0x7fc0, 0x7fde, 0x7fb0, 0x7fcf, 0x804a, 0x7ffd, 0x7fee, 0x7fcf,
   0x800c, 0x801c, 0x801c, 0x802b, 0x8096, 0x801c, 0x7fc0, 0x7fee, 0x7ffd,
   0x800c, 0x7fde, 0x7fb0, 0x7fde, 0x802b, 0x7ffd, 0x7fcf, 0x7fde, 0x7fcf,
   0x7fde, 0x7fde, 0x7fee, 0x800c, 0x7fde, 0x801c, 0x8068, 0x7fde, 0x7fc0,
   0x800c, 0x7fde, 0x803a, 0x801c, 0x803a, 0x7ffd, 0x7fee, 0x800c, 0x801c,
   0x7ffd, 0x7fa1, 0x801c, 0x800c, 0x802b, 0x7fee, 0x800c, 0x800c, 0x801c,
   0x800c, 0x800c, 0x8059, 0x8059, 0x804a, 0x801c, 0x803a, 0x7fee, 0x800c,
   0x7ffd, 0x800c, 0x800c, 0x800c, 0x7fcf, 0x7fa1, 0x800c, 0x800c, 0x802b,
   0x7fee, 0x800c, 0x800c, 0x800c, 0x800c, 0x800c, 0x801c, 0x803a, 0x8068,
   0x8087, 0x804a, 0x8068, 0x803a, 0x80b5, 0x8087, 0x804a, 0x803a, 0x8059,
   0x8068, 0x8068, 0x803a, 0x800c, 0x800c, 0x801c, 0x800c, 0x803a, 0x7fb0,
   0x800c, 0x804a, 0x7fde, 0x800c, 0x802b, 0x7ffd, 0x7fde, 0x7fde, 0x7fde,
   0x800c, 0x803a, 0x8059, 0x801c, 0x803a, 0x8059, 0x8078, 0x802b, 0x7f82,
   0x800c, 0x802b, 0x8068, 0x8078, 0x8059, 0x804a, 0x8059, 0x800c, 0x8059,
   0x7fee, 0x8087, 0x8068, 0x80a6, 0x8059, 0x8068, 0x800c, 0x802b, 0x802b,
   0x803a, 0x804a, 0x804a, 0x8096, 0x802b, 0x801c, 0x800c, 0x7fc0, 0x7fcf,
   0x7ffd, 0x7fde, 0x7fde, 0x800c, 0x803a, 0x8059, 0x801c, 0x800c, 0x7fc0,
   0x7fa1, 0x7f64, 0x7fc0, 0x7fee, 0x7fee, 0x7fde, 0x7ffd, 0x801c, 0x800c,
   0x800c, 0x7fee, 0x804a, 0x800c, 0x800c, 0x800c, 0x800c, 0x804a, 0x7fde,
   0x800c, 0x804a, 0x8087, 0x7fee, 0x7fc0, 0x7f82, 0x7f73, 0x7f64, 0x7f73,
   0x7fcf, 0x7fb0, 0x7f73, 0x7f73, 0x7f36, 0x7f36, 0x7f36, 0x7f54, 0x7ebb,
   0x7f82, 0x7f92, 0x7f08, 0x7ef8, 0x7f64, 0x7f64, 0x7f73, 0x7f54, 0x7f92,
   0x7f64, 0x7f64, 0x7fa1, 0x7fb0, 0x7f73, 0x7f54, 0x7f45, 0x7f36, 0x7f36,
   0x7ef8, 0x7f17, 0x7f64, 0x7f73, 0x7f92, 0x7f45, 0x7f64, 0x7f36, 0x7f92,
   0x7fc0, 0x7f36, 0x7f26, 0x7f36, 0x7f73, 0x7f82, 0x7fb0, 0x7f64, 0x7f54,
   0x7f08, 0x7fb0, 0x7f45, 0x7f92, 0x7f82, 0x7f73, 0x7f54, 0x7f82, 0x7fcf,
   0x7f82, 0x7f73, 0x7f82, 0x7f17, 0x7f36, 0x7f36, 0x7f17, 0x7f54, 0x7f82,
   0x7f92, 0x7fcf, 0x7fa1, 0x7f36, 0x7f73, 0x7f54, 0x7f45, 0x7f54, 0x7fa1,
   0x7f64, 0x7f17, 0x7f54, 0x7fa1, 0x7f82, 0x7f82, 0x7f82, 0x7f82, 0x7f92,
   0x7fa1, 0x7fa1, 0x7f64, 0x7f73, 0x7f54, 0x7f64, 0x7f17, 0x7f54, 0x7fa1,
   0x7f64, 0x7f82, 0x7fc0, 0x7fa1, 0x7fb0, 0x7fcf, 0x7fcf, 0x7fee, 0x800c,
   0x7fa1, 0x7fb0, 0x7fde, 0x800c, 0x7fa1, 0x7fb0, 0x7f73, 0x7fc0, 0x7fc0,
   0x7fcf, 0x7fa1, 0x7fb0, 0x7fc0, 0x7f92, 0x7f54, 0x7f82, 0x7fc0, 0x7fee,
   0x7fee, 0x7fde, 0x800c, 0x7fc0, 0x7fcf, 0x7fc0, 0x7fde, 0x7fb0, 0x7fde,
   0x800c, 0x7fee, 0x7fee, 0x800c, 0x7fc0, 0x7f92, 0x7ffd, 0x7ffd, 0x7ffd,
   0x7fcf, 0x7fa1, 0x8059, 0x803a, 0x801c, 0x8059, 0x8059, 0x803a, 0x800c,
   0x802b, 0x801c, 0x804a, 0x7ffd, 0x801c, 0x800c, 0x802b, 0x800c, 0x802b,
   0x8068, 0x800c, 0x7ffd, 0x803a, 0x802b, 0x8059, 0x803a, 0x8078, 0x801c,
   0x803a, 0x803a, 0x804a, 0x8059, 0x8068, 0x804a, 0x800c, 0x8068, 0x8096,
   0x802b, 0x8068, 0x801c, 0x800c, 0x800c, 0x800c, 0x800c, 0x802b, 0x800c,
   0x8096, 0x8068, 0x8068, 0x8078, 0x8096, 0x8130, 0x8096, 0x8078, 0x8068,
   0x8087, 0x802b, 0x8096, 0x8068, 0x804a, 0x804a, 0x804a, 0x8059, 0x803a,
   0x801c, 0x801c, 0x7fcf, 0x800c, 0x802b, 0x8096, 0x8087, 0x801c, 0x802b,
   0x803a, 0x803a, 0x801c, 0x802b, 0x804a, 0x8059, 0x802b, 0x8059, 0x8068,
   0x803a, 0x803a, 0x8059, 0x803a, 0x80c4, 0x8078, 0x80a6, 0x802b, 0x80c4,
   0x80c4, 0x8096, 0x80b5, 0x80b5, 0x8087, 0x8068, 0x8068, 0x8096, 0x80e3,
   0x8102, 0x80a6, 0x80d4, 0x80e3, 0x80a6, 0x8096, 0x80a6, 0x8096, 0x7fee,
   0x801c, 0x801c, 0x801c, 0x802b, 0x8087, 0x8087, 0x80c4, 0x8102, 0x80e3,
   0x80b5, 0x80a6, 0x80f2, 0x80e3, 0x8078, 0x8087, 0x8068, 0x8102, 0x8130,
   0x8102, 0x80a6, 0x80a6, 0x8087, 0x800c, 0x8059, 0x8087, 0x8096, 0x8068,
   0x8078, 0x8068, 0x803a, 0x803a, 0x8059, 0x800c, 0x800c, 0x800c, 0x7f92,
   0x7fb0, 0x802b, 0x801c, 0x8059, 0x8059, 0x802b, 0x800c, 0x801c, 0x803a,
   0x800c, 0x801c, 0x800c, 0x804a, 0x801c, 0x800c, 0x800c, 0x800c, 0x7fcf,
   0x800c, 0x802b, 0x802b, 0x7fde, 0x800c, 0x7fee, 0x7fde, 0x803a, 0x800c,
   0x802b, 0x8096, 0x800c, 0x8059, 0x80b5, 0x8096, 0x8078, 0x8078, 0x803a,
   0x8087, 0x803a, 0x8087, 0x8068, 0x80b5, 0x80e3, 0x804a, 0x800c, 0x8059,
   0x8059, 0x8059, 0x801c, 0x7fee, 0x7fcf, 0x7fb0, 0x803a, 0x801c, 0x804a,
   0x8087, 0x8068, 0x803a, 0x8096, 0x8068, 0x802b, 0x80a6, 0x8059, 0x80c4,
   0x803a, 0x804a, 0x800c, 0x801c, 0x7ffd, 0x800c, 0x7fee, 0x801c, 0x800c,
   0x7fde, 0x7ffd, 0x7ffd, 0x7ffd, 0x800c, 0x800c, 0x804a, 0x801c, 0x8087,
   0x80a6, 0x80c4, 0x80f2, 0x80d4, 0x8130, 0x8102, 0x80d4, 0x8087, 0x804a,
   0x8087, 0x8096, 0x8078, 0x802b, 0x804a, 0x804a, 0x8087, 0x800c, 0x7fee,
   0x800c, 0x802b, 0x800c, 0x802b, 0x7ffd, 0x7ffd, 0x802b, 0x800c, 0x801c,
   0x800c, 0x8068, 0x802b, 0x804a, 0x801c, 0x8059, 0x7ffd, 0x800c, 0x802b,
   0x8078, 0x802b, 0x7fa1, 0x7e9c, 0x7cee, 0x7b5f, 0x7bca, 0x7cfd, 0x7eac,
   0x800c, 0x81c9, 0x8244, 0x8253, 0x8272, 0x8244, 0x8234, 0x81ba, 0x814e,
   0x8130, 0x8120, 0x8111, 0x80d4, 0x80a6, 0x80b5, 0x80d4, 0x80c4, 0x80d4,
   0x8078, 0x80f2, 0x80e3, 0x8059, 0x800c, 0x802b, 0x803a, 0x8059, 0x8059,
   0x802b, 0x7fc0, 0x7fde, 0x7fee, 0x7ffd, 0x801c, 0x8078, 0x802b, 0x800c,
   0x801c, 0x800c, 0x800c, 0x7fde, 0x7fee, 0x7fee, 0x7ffd, 0x7fc0, 0x801c,
   0x7fee, 0x7fee, 0x7fcf, 0x7fa1, 0x7fde, 0x7ffd, 0x7fde, 0x7ffd, 0x7fde,
   0x7f82, 0x7f73, 0x7fcf, 0x800c, 0x801c, 0x802b, 0x7ffd, 0x802b, 0x7ffd,
   0x801c, 0x7f92, 0x7fc0, 0x7fde, 0x7fc0, 0x7ffd, 0x7ffd, 0x7fde, 0x7fb0,
   0x7fa1, 0x7fee, 0x800c, 0x7f73, 0x7fb0, 0x7fde, 0x7f92, 0x7fa1, 0x7ffd,
   0x800c, 0x7f92, 0x7f45, 0x7f54, 0x7f64, 0x7f54, 0x7fa1, 0x7fcf, 0x8059,
   0x7fcf, 0x7f92, 0x7fde, 0x7fde, 0x7fde, 0x7ffd, 0x7ffd, 0x7ffd, 0x7fee,
   0x7fb0, 0x7fee, 0x7ffd, 0x7fb0, 0x800c, 0x7fb0, 0x7fb0, 0x7ffd, 0x7ffd,
   0x7fb0, 0x7fa1, 0x7fcf, 0x7fee, 0x7fee, 0x800c, 0x801c, 0x7fc0, 0x7f82,
   0x7f73, 0x7fcf, 0x802b, 0x7fde, 0x7fee, 0x7fee, 0x801c, 0x7fde, 0x7fb0,
   0x7fa1, 0x7fcf, 0x7fee, 0x7fb0, 0x7fa1, 0x7fa1, 0x7f82, 0x800c, 0x800c,
   0x804a, 0x7fee, 0x7fde, 0x7ffd, 0x7fde, 0x7ffd, 0x8059, 0x7fc0, 0x7fc0,
   0x800c, 0x7f92, 0x7f92, 0x7fcf, 0x7fc0, 0x7fcf, 0x7fa1, 0x7fee, 0x7ffd,
   0x7ffd, 0x800c, 0x8059, 0x803a, 0x801c, 0x80a6, 0x801c, 0x8068, 0x802b,
   0x800c, 0x800c, 0x7fee, 0x7fc0, 0x800c, 0x802b, 0x800c, 0x800c, 0x802b,
   0x801c, 0x800c, 0x800c, 0x8087, 0x8087, 0x80a6, 0x7fee, 0x7ffd, 0x7fc0,
   0x801c, 0x803a, 0x800c, 0x801c, 0x804a, 0x801c, 0x803a, 0x8059, 0x8068,
   0x801c, 0x800c, 0x804a, 0x8068, 0x80a6, 0x800c, 0x804a, 0x804a, 0x7fee,
   0x80a6, 0x8059, 0x7ffd, 0x800c, 0x800c, 0x7ffd, 0x7fcf, 0x803a, 0x801c,
   0x8059, 0x8059, 0x8068, 0x804a, 0x802b, 0x803a, 0x800c, 0x801c, 0x804a,
   0x801c, 0x804a, 0x8059, 0x8068, 0x801c, 0x8059, 0x8111, 0x80b5, 0x801c,
   0x80b5, 0x8068, 0x8059, 0x804a, 0x801c, 0x7ffd, 0x8068, 0x8078, 0x800c,
   0x800c, 0x801c, 0x8059, 0x80b5, 0x802b, 0x804a, 0x800c, 0x800c, 0x803a,
   0x8068, 0x8059, 0x8078, 0x801c, 0x8059, 0x800c, 0x7ffd, 0x804a, 0x8078,
   0x801c, 0x804a, 0x802b, 0x802b, 0x8078, 0x8078, 0x8068, 0x803a, 0x80b5,
   0x8087, 0x803a, 0x803a, 0x800c, 0x802b, 0x8059, 0x803a, 0x7f26, 0x7e31,
   0x7cfd, 0x7b8d, 0x7bf8, 0x7d4a, 0x7eda, 0x80a6, 0x81c9, 0x8281, 0x82be,
   0x82ce, 0x8272, 0x8253, 0x81f7, 0x814e, 0x8102, 0x818c, 0x816d, 0x815e,
   0x813f, 0x80c4, 0x80b5, 0x80c4, 0x8102, 0x8096, 0x80b5, 0x8087, 0x8059,
   0x8068, 0x8087, 0x8068, 0x802b, 0x801c, 0x8059, 0x802b, 0x8068, 0x80a6,
   0x8068, 0x8068, 0x8059, 0x8087, 0x8059, 0x801c, 0x8059, 0x801c, 0x804a,
   0x803a, 0x8078, 0x8096, 0x804a, 0x8078, 0x80a6, 0x804a, 0x804a, 0x800c,
   0x7fde, 0x7fc0, 0x7fee, 0x7fc0, 0x7fcf, 0x7ffd, 0x802b, 0x800c, 0x803a,
   0x802b, 0x801c, 0x801c, 0x8068, 0x8059, 0x802b, 0x803a, 0x8059, 0x802b,
   0x800c, 0x801c, 0x804a, 0x804a, 0x802b, 0x7fcf, 0x7fde, 0x800c, 0x7fde,
   0x7ffd, 0x800c, 0x802b, 0x8059, 0x804a, 0x803a, 0x802b, 0x803a, 0x804a,
   0x8096, 0x804a, 0x803a, 0x7fee, 0x7fa1, 0x7fc0, 0x7fde, 0x7fcf, 0x7f73,
   0x7fb0, 0x7fde, 0x7fa1, 0x7fb0, 0x7f92, 0x7fcf, 0x7fc0, 0x7fcf, 0x7fb0,
   0x7fee, 0x803a, 0x7ffd, 0x7fc0, 0x7fc0, 0x7fc0, 0x7fcf, 0x800c, 0x800c,
   0x7fde, 0x7fde, 0x7f82, 0x7fcf, 0x802b, 0x800c, 0x800c, 0x804a, 0x7fde,
   0x7fcf, 0x7fc0, 0x7fb0, 0x7fee, 0x7fcf, 0x7f82, 0x7fb0, 0x7fc0, 0x7fb0,
   0x7f92, 0x7f82, 0x7fde, 0x7f82, 0x7fcf, 0x7fb0, 0x7fde, 0x7fcf, 0x7fee,
   0x7ffd, 0x7fee, 0x802b, 0x804a, 0x802b, 0x7ffd, 0x800c, 0x804a, 0x7ffd,
   0x800c, 0x7fee, 0x7fee, 0x7fcf, 0x7fee, 0x7fcf, 0x7fc0, 0x7f73, 0x7f36,
   0x7f64, 0x7f92, 0x7f54, 0x7f17, 0x7f26, 0x7f73, 0x7fa1, 0x7f92, 0x7fee,
   0x7fc0, 0x800c, 0x803a, 0x803a, 0x800c, 0x7fc0, 0x7f92, 0x7f82, 0x7fcf,
   0x7f82, 0x7f82, 0x7fde, 0x7fcf, 0x800c, 0x7fb0, 0x7f82, 0x7f82, 0x7fcf,
   0x7fcf, 0x7fb0, 0x7fc0, 0x800c, 0x801c, 0x802b, 0x7ffd, 0x803a, 0x7fee,
   0x7ffd, 0x800c, 0x7ffd, 0x7ffd, 0x801c, 0x800c, 0x7ffd, 0x7ffd, 0x7fc0,
   0x7f92, 0x7fde, 0x7fc0, 0x800c, 0x7fcf, 0x7f45, 0x7ffd, 0x802b, 0x800c,
   0x800c, 0x7fee, 0x7fcf, 0x7fde, 0x801c, 0x8068, 0x7ffd, 0x800c, 0x7fee,
   0x802b, 0x802b, 0x8059, 0x800c, 0x7ffd, 0x7fee, 0x7fde, 0x800c, 0x7fde,
   0x803a, 0x7ffd, 0x800c, 0x800c, 0x800c, 0x801c, 0x801c, 0x801c, 0x7ffd,
   0x7fb0, 0x800c, 0x8059, 0x801c, 0x804a, 0x800c, 0x800c, 0x800c, 0x800c,
   0x8068, 0x802b, 0x8087, 0x803a, 0x800c, 0x7fde, 0x802b, 0x80b5, 0x8078,
   0x8068, 0x80a6, 0x800c, 0x803a, 0x803a, 0x800c, 0x804a, 0x7fcf, 0x7fde,
   0x7fb0, 0x7fee, 0x802b, 0x7ffd, 0x801c, 0x8068, 0x800c, 0x803a, 0x8068,
   0x80c4, 0x8078, 0x8068, 0x8087, 0x80c4, 0x8087, 0x80a6, 0x8078, 0x8096,
   0x8087, 0x80c4, 0x8068, 0x8087, 0x8087, 0x80b5, 0x80d4, 0x80b5, 0x80b5,
   0x80a6, 0x8078, 0x8078, 0x80e3, 0x8078, 0x800c, 0x80a6, 0x80e3, 0x80b5,
   0x8068, 0x8078, 0x8078, 0x8059, 0x803a, 0x801c, 0x7ffd, 0x802b, 0x802b,
   0x80f2, 0x8096, 0x8078, 0x800c, 0x7ffd, 0x804a, 0x7fee, 0x7f08, 0x7d68,
   0x7bca, 0x7af4, 0x7b5f, 0x7d4a, 0x7f17, 0x804a, 0x81ba, 0x8206, 0x81aa,
   0x81f7, 0x81aa, 0x81c9, 0x819b, 0x817c, 0x816d, 0x815e, 0x80f2, 0x80b5,
   0x80d4, 0x80e3, 0x804a, 0x8087, 0x803a, 0x803a, 0x800c, 0x7fc0, 0x7fc0,
   0x800c, 0x7fb0, 0x7fb0, 0x7f54, 0x7f73, 0x7f73, 0x7f82, 0x7f73, 0x7fee,
   0x7fee, 0x7fb0, 0x7fb0, 0x7f82, 0x7f54, 0x7f73, 0x801c, 0x7fde, 0x7fc0,
   0x7fa1, 0x7fc0, 0x7f82, 0x7ffd, 0x7fc0, 0x7f92, 0x7f82, 0x7f73, 0x7fc0,
   0x7fa1, 0x7f82, 0x7f82, 0x7f36, 0x7f54, 0x7f45, 0x7fa1, 0x7f08, 0x7fa1,
   0x7f64, 0x7f64, 0x7f26, 0x7f64, 0x7f82, 0x7f64, 0x7fb0, 0x7fcf, 0x7fee,
   0x7f54, 0x7fc0, 0x7fcf, 0x7f73, 0x7fa1, 0x7fc0, 0x7f92, 0x7fcf, 0x7f92,
   0x7f73, 0x7f64, 0x7f64, 0x7f82, 0x7f54, 0x7f54, 0x7f82, 0x7f92, 0x7f82,
   0x7f45, 0x7f73, 0x7fb0, 0x7f26, 0x7f64, 0x7f82, 0x7f73, 0x7fb0, 0x7f64,
   0x7ffd, 0x7ffd, 0x7ffd, 0x800c, 0x804a, 0x801c, 0x800c, 0x7fde, 0x7fc0,
   0x7fee, 0x7fc0, 0x7fc0, 0x7fde, 0x7fde, 0x7fc0, 0x7fcf, 0x7f82, 0x7fa1,
   0x7f92, 0x7f82, 0x7fc0, 0x7fde, 0x7fde, 0x7fde, 0x800c, 0x803a, 0x7ffd,
   0x7fee, 0x800c, 0x802b, 0x8059, 0x8059, 0x8059, 0x800c, 0x803a, 0x8078,
   0x801c, 0x804a, 0x8078, 0x804a, 0x7ffd, 0x802b, 0x800c, 0x801c, 0x802b,
   0x802b, 0x8068, 0x803a, 0x804a, 0x800c, 0x800c, 0x803a, 0x803a, 0x8059,
   0x8087, 0x8078, 0x802b, 0x800c, 0x802b, 0x80b5, 0x80a6, 0x8068, 0x80b5,
   0x803a, 0x802b, 0x800c, 0x7fde, 0x801c, 0x803a, 0x800c, 0x800c, 0x800c,
   0x803a, 0x8096, 0x8087, 0x801c, 0x80c4, 0x80c4, 0x8096, 0x8059, 0x804a,
   0x8078, 0x804a, 0x8078, 0x8096, 0x80b5, 0x8059, 0x8068, 0x8078, 0x804a,
   0x8096, 0x80e3, 0x80c4, 0x80d4, 0x80d4, 0x8096, 0x8078, 0x800c, 0x8096,
   0x8078, 0x80b5, 0x80b5, 0x8078, 0x80e3, 0x8078, 0x8068, 0x8102, 0x8096,
   0x800c, 0x7fee, 0x800c, 0x8068, 0x801c, 0x803a, 0x80e3, 0x80b5, 0x803a,
   0x8096, 0x804a, 0x8059, 0x801c, 0x803a, 0x8059, 0x8068, 0x80b5, 0x80e3,
   0x8111, 0x80c4, 0x80c4, 0x8096, 0x8078, 0x80d4, 0x80b5, 0x8087, 0x802b,
   0x804a, 0x8087, 0x8068, 0x8059, 0x8059, 0x804a, 0x8068, 0x803a, 0x804a,
   0x804a, 0x801c, 0x8078, 0x8068, 0x8059, 0x803a, 0x800c, 0x804a, 0x803a,
   0x800c, 0x7fde, 0x7fde, 0x7ffd, 0x7fcf, 0x801c, 0x800c, 0x7fcf, 0x7fcf,
   0x7fde, 0x800c, 0x7fee, 0x7fee, 0x7fb0, 0x7fb0, 0x7fb0, 0x7fee, 0x7fee,
   0x7f64, 0x7fa1, 0x7fc0, 0x7fee, 0x7fc0, 0x7fee, 0x801c, 0x802b, 0x7ffd,
   0x7ffd, 0x7fee, 0x7fee, 0x7fee, 0x7fb0, 0x7fb0, 0x7fde, 0x7fb0, 0x7f36,
   0x7f82, 0x7f82, 0x7fa1, 0x7f82, 0x7f82, 0x7fa1, 0x7fcf, 0x7fcf, 0x7fcf,
   0x7fee, 0x7fb0, 0x800c, 0x7fde, 0x7fde, 0x7ffd, 0x7fde, 0x7fcf, 0x7ffd,
   0x800c, 0x7f92, 0x7f36, 0x7f92, 0x7f82, 0x7f45, 0x7f64, 0x7f73, 0x7f45,
   0x7f82, 0x7fa1, 0x7fa1, 0x7fb0, 0x7f54, 0x7fc0, 0x7fde, 0x7f73, 0x7f92,
   0x7f73, 0x7f64, 0x7f45, 0x7f64, 0x7fde, 0x7f92, 0x7f82, 0x7fa1, 0x7f92,
   0x801c, 0x7ffd, 0x800c, 0x8059, 0x7fa1, 0x7fde, 0x7fde, 0x7fb0, 0x7fc0,
   0x7fc0, 0x7fb0, 0x7fcf, 0x7fa1, 0x7fcf, 0x800c, 0x800c, 0x7fcf, 0x7f73,
   0x800c, 0x7fee, 0x7fde, 0x7fb0, 0x800c, 0x800c, 0x7ffd, 0x7f64, 0x7eac,
   0x7d87, 0x7b22, 0x7ae4, 0x7bca, 0x7d3a, 0x7ef8, 0x80d4, 0x8206, 0x8225,
   0x81f7, 0x819b, 0x81c9, 0x81aa, 0x815e, 0x8102, 0x8130, 0x813f, 0x815e,
   0x813f, 0x80b5, 0x80c4, 0x803a, 0x802b, 0x8059, 0x8059, 0x80c4, 0x8068,
   0x804a, 0x8068, 0x80a6, 0x8059, 0x8068, 0x8059, 0x80a6, 0x80b5, 0x804a,
   0x803a, 0x801c, 0x8078, 0x8068, 0x8096, 0x8068, 0x80a6, 0x80d4, 0x8096,
   0x8068, 0x8078, 0x8096, 0x80b5, 0x8087, 0x8096, 0x8087, 0x80a6, 0x80a6,
   0x8078, 0x8068, 0x8096, 0x8096, 0x80b5, 0x804a, 0x80c4, 0x8087, 0x80b5,
   0x803a, 0x80b5, 0x80a6, 0x8087, 0x8068, 0x8087, 0x80a6, 0x8096, 0x80a6,
   0x80d4, 0x80e3, 0x80c4, 0x8120, 0x8102, 0x8102, 0x80d4, 0x80e3, 0x8102,
   0x80f2, 0x80b5, 0x8078, 0x80d4, 0x8087, 0x8087, 0x8096, 0x80d4, 0x80d4,
   0x8078, 0x80b5, 0x8120, 0x80d4, 0x80a6, 0x80b5, 0x8078, 0x803a, 0x8087,
   0x8068, 0x8078, 0x804a, 0x804a, 0x8087, 0x8059, 0x8068, 0x8059, 0x801c,
   0x8096, 0x804a, 0x8078, 0x803a, 0x8059, 0x7ffd, 0x803a, 0x803a, 0x800c,
   0x7fc0, 0x7fde, 0x802b, 0x800c, 0x800c, 0x7ffd, 0x8059, 0x804a, 0x801c,
   0x802b, 0x804a, 0x803a, 0x8059, 0x7fee, 0x801c, 0x7fde, 0x7f64, 0x7f73,
   0x7f92, 0x7fc0, 0x7fee, 0x7fee, 0x7f82, 0x7fc0, 0x7ffd, 0x7f82, 0x7fde,
   0x801c, 0x801c, 0x800c, 0x7fde, 0x800c, 0x802b, 0x7fee, 0x7ffd, 0x7fde,
   0x7fee, 0x7fb0, 0x7fcf, 0x7f82, 0x7fc0, 0x7f92, 0x7fde, 0x7f82, 0x7fee,
   0x7fa1, 0x7f82, 0x7ef8, 0x7f82, 0x7f82, 0x7fa1, 0x7f92, 0x7fc0, 0x7fc0,
   0x7f73, 0x7f92, 0x802b, 0x800c, 0x7f92, 0x7f92, 0x7fc0, 0x7fcf, 0x7f92,
   0x7fc0, 0x7fc0, 0x802b, 0x800c, 0x7fee, 0x802b, 0x800c, 0x7f73, 0x7f54,
   0x7ef8, 0x7ef8, 0x7f92, 0x7fb0, 0x7fee, 0x7fee, 0x7fb0, 0x7ee9, 0x7f17,
   0x7e9c, 0x7e40, 0x7d2b, 0x7bca, 0x7a4a, 0x7b5f, 0x7ca1, 0x7e6e, 0x7fb0,
   0x8078, 0x81aa, 0x81f7, 0x818c, 0x816d, 0x8130, 0x8102, 0x8102, 0x80f2,
   0x80e3, 0x80c4, 0x8096, 0x80c4, 0x8087, 0x803a, 0x803a, 0x8087, 0x8068,
   0x8078, 0x801c, 0x8068, 0x7ffd, 0x800c, 0x7fee, 0x7fc0, 0x7fa1, 0x7f82,
   0x7fb0, 0x7fee, 0x800c, 0x7fc0, 0x7fee, 0x7fc0, 0x7fde, 0x7f92, 0x7fde,
   0x8068, 0x7fee, 0x800c, 0x7fee, 0x800c, 0x802b, 0x7ffd, 0x800c, 0x803a,
   0x804a, 0x802b, 0x801c, 0x8068, 0x802b, 0x7ffd, 0x800c, 0x800c, 0x801c,
   0x800c, 0x800c, 0x800c, 0x802b, 0x7fcf, 0x800c, 0x7fde, 0x804a, 0x801c,
   0x801c, 0x800c, 0x801c, 0x801c, 0x802b, 0x803a, 0x801c, 0x8087, 0x804a,
   0x80a6, 0x8059, 0x80c4, 0x80a6, 0x8087, 0x804a, 0x802b, 0x803a, 0x803a,
   0x8068, 0x8068, 0x800c, 0x8068, 0x8068, 0x8059, 0x80b5, 0x8096, 0x80b5,
   0x8087, 0x8096, 0x804a, 0x803a, 0x804a, 0x803a, 0x802b, 0x802b, 0x8059,
   0x8068, 0x8068, 0x8068, 0x8068, 0x8068, 0x8068, 0x802b, 0x800c, 0x800c,
   0x800c, 0x7ffd, 0x800c, 0x7ffd, 0x804a, 0x803a, 0x804a, 0x800c, 0x8059,
   0x803a, 0x8059, 0x8078, 0x803a, 0x802b, 0x8059, 0x800c, 0x802b, 0x802b,
   0x803a, 0x803a, 0x800c, 0x802b, 0x804a, 0x804a, 0x7ffd, 0x802b, 0x802b,
   0x7fee, 0x7ffd, 0x7fcf, 0x7fcf, 0x7ffd, 0x7fcf, 0x7ffd, 0x800c, 0x7ffd,
   0x800c, 0x802b, 0x7fee, 0x7fde, 0x7fee, 0x7fcf, 0x803a, 0x801c, 0x801c,
   0x800c, 0x7fc0, 0x7fee, 0x7fde, 0x7fa1, 0x7fb0, 0x7ffd, 0x7fde, 0x7f92,
   0x7fc0, 0x7fde, 0x800c, 0x7fcf, 0x800c, 0x801c, 0x7fde, 0x7fde, 0x7fc0,
   0x7fcf, 0x7f92, 0x7fb0, 0x7fee, 0x7fcf, 0x7fee, 0x7fcf, 0x7fde, 0x7fc0,
   0x7f73, 0x7fa1, 0x7f82, 0x7f26, 0x7f92, 0x7f73, 0x7f64, 0x7fb0, 0x7fde,
   0x7fcf, 0x7fee, 0x7f92, 0x7f64, 0x7f64, 0x7f36, 0x7f92, 0x7f64, 0x7fcf,
   0x7fa1, 0x7fb0, 0x7fa1, 0x7fde, 0x7f92, 0x7f92, 0x7f36, 0x7f64, 0x7f64,
   0x7fb0, 0x7fb0, 0x7fa1, 0x7f36, 0x7f08, 0x7f26, 0x7f73, 0x7f92, 0x7f08,
   0x7f73, 0x7f73, 0x7f64, 0x7f64, 0x7f54, 0x7f45, 0x7f45, 0x7f64, 0x7fa1,
   0x7fcf, 0x7fa1, 0x7f36, 0x7f82, 0x7f73, 0x7fcf, 0x7fcf, 0x7ffd, 0x800c,
   0x7f82, 0x7f54, 0x7f64, 0x7f36, 0x7fb0, 0x7fc0, 0x7f64, 0x7f92, 0x7f82,
   0x7f64, 0x7fb0, 0x7fc0, 0x7fc0, 0x7f82, 0x7fa1, 0x7f73, 0x7fb0, 0x7ffd,
   0x7fa1, 0x7fcf, 0x7fcf, 0x7fcf, 0x7fee, 0x803a, 0x7fde, 0x7f92, 0x7fde,
   0x7f92, 0x7fde, 0x7fee, 0x7fcf, 0x7fc0, 0x7f82, 0x7f45, 0x7f92, 0x7fc0,
   0x7fde, 0x7ffd, 0x801c, 0x801c, 0x7fee, 0x802b, 0x803a, 0x7fee, 0x7fb0,
   0x800c, 0x8068, 0x7ffd, 0x803a, 0x803a, 0x801c, 0x7fde, 0x800c, 0x7fc0,
   0x7ffd, 0x7ffd, 0x800c, 0x803a, 0x8078, 0x80a6, 0x8078, 0x8059, 0x8059,
   0x802b, 0x800c, 0x800c, 0x7ffd, 0x7fee, 0x7fde, 0x800c, 0x7ffd, 0x7fee,
   0x804a, 0x800c, 0x7fde, 0x7ffd, 0x800c, 0x801c, 0x800c, 0x802b, 0x800c,
   0x800c, 0x801c, 0x802b, 0x801c, 0x7ffd, 0x802b, 0x803a, 0x801c, 0x802b,
   0x804a, 0x8087, 0x802b, 0x800c, 0x802b, 0x7ffd, 0x7ffd, 0x800c, 0x8087,
   0x800c, 0x7fee, 0x800c, 0x803a, 0x803a, 0x8087, 0x8059, 0x803a, 0x803a,
   0x800c, 0x7ffd, 0x801c, 0x7ffd, 0x801c, 0x802b, 0x801c, 0x803a, 0x800c,
   0x802b, 0x801c, 0x7ffd, 0x7fcf, 0x7fb0, 0x7fb0, 0x7ffd, 0x7fee, 0x7fee,
   0x7ffd, 0x7fcf, 0x7fc0, 0x7f92, 0x7fa1, 0x803a, 0x804a, 0x800c, 0x800c,
   0x7ffd, 0x7fcf, 0x7fee, 0x800c, 0x800c, 0x7fcf, 0x7fa1, 0x802b, 0x802b,
   0x802b, 0x804a, 0x7ffd, 0x7f92, 0x7fa1, 0x7fa1, 0x7fc0, 0x7f92, 0x7fc0,
   0x7f73, 0x7fa1, 0x7f45, 0x7f73, 0x7f92, 0x7fc0, 0x7fc0, 0x7f73, 0x7f92,
   0x7fa1, 0x7f45, 0x7f92, 0x7fee, 0x7fcf, 0x7fb0, 0x7f64, 0x7f82, 0x7f64,
   0x7f45, 0x7f73, 0x7f82, 0x7f54, 0x7f82, 0x7f82, 0x7f82, 0x7f64, 0x7fa1,
   0x7f82, 0x7f92, 0x7f64, 0x7f36, 0x7f64, 0x7f64, 0x7f45, 0x7f82, 0x7f64,
   0x7f92, 0x7f73, 0x7f92, 0x7fa1, 0x7f54, 0x7fc0, 0x7fa1, 0x7f82, 0x7f64,
   0x7fa1, 0x7f82, 0x7f82, 0x7f92, 0x7fc0, 0x7fc0, 0x7f64, 0x7fb0, 0x7f82,
   0x7f82, 0x7f64, 0x7f54, 0x7f82, 0x7f54, 0x7f17, 0x7f36, 0x7f36, 0x7f17,
   0x7f17, 0x7fa1, 0x7f73, 0x7f45, 0x7f17, 0x7f64, 0x7fa1, 0x7f82, 0x7fa1,
   0x7f36, 0x7f36, 0x7f54, 0x7f92, 0x7f64, 0x7f64, 0x7fc0, 0x7f92, 0x7f36,
   0x7fb0, 0x7fa1, 0x7f82, 0x7f45, 0x7f73, 0x7f73, 0x7fcf, 0x7fb0, 0x7f82,
   0x7f82, 0x7fa1, 0x7fa1, 0x7f82, 0x7f73, 0x7f82, 0x7fcf, 0x7ffd, 0x7fc0,
   0x7f17, 0x7f92, 0x7fc0, 0x7fcf, 0x7ffd, 0x7f64, 0x7fc0, 0x7fa1, 0x7fb0,
   0x7fcf, 0x800c, 0x7fde, 0x7fb0, 0x7fb0, 0x7ffd, 0x7f92, 0x7fa1, 0x7f54,
   0x7fde, 0x800c, 0x7fcf, 0x800c, 0x800c, 0x804a, 0x8059, 0x8059, 0x800c,
   0x7ffd, 0x802b, 0x7fb0, 0x7fee, 0x7ffd, 0x8059, 0x804a, 0x800c, 0x803a,
   0x7fb0, 0x7fa1, 0x7ffd, 0x802b, 0x7ffd, 0x801c, 0x800c, 0x7ffd, 0x7fee,
   0x803a, 0x8068, 0x8078, 0x802b, 0x8059, 0x8068, 0x8059, 0x801c, 0x7fee,
   0x7ffd, 0x7fde, 0x800c, 0x802b, 0x800c, 0x802b, 0x803a, 0x804a, 0x8059,
   0x8059, 0x803a, 0x804a, 0x803a, 0x8096, 0x80a6, 0x8111, 0x80f2, 0x813f,
   0x813f, 0x8111, 0x80e3, 0x8068, 0x8078, 0x80b5, 0x80e3, 0x80f2, 0x80f2,
   0x80a6, 0x804a, 0x80a6, 0x80b5, 0x80d4, 0x80c4, 0x8078, 0x803a, 0x8087,
   0x8068, 0x8087, 0x8068, 0x804a, 0x802b, 0x800c, 0x803a, 0x8078, 0x8096,
   0x8096, 0x8087, 0x7ffd, 0x8059, 0x8068, 0x802b, 0x8059, 0x8068, 0x801c,
   0x803a, 0x802b, 0x8059, 0x804a, 0x802b, 0x8068, 0x8096, 0x8068, 0x8087,
   0x8102, 0x80c4, 0x8068, 0x8068, 0x804a, 0x7fc0, 0x802b, 0x800c, 0x7fde,
   0x800c, 0x802b, 0x800c, 0x8059, 0x800c, 0x802b, 0x8068, 0x800c, 0x800c,
   0x803a, 0x800c, 0x7fb0, 0x7fee, 0x804a, 0x800c, 0x803a, 0x801c, 0x803a,
   0x803a, 0x801c, 0x802b, 0x7fee, 0x7ffd, 0x7fde, 0x7fcf, 0x7fcf, 0x800c,
   0x7fc0, 0x7fc0, 0x7fee, 0x7fee, 0x7f92, 0x7fee, 0x7fcf, 0x7fa1, 0x800c,
   0x7fcf, 0x7fee, 0x800c, 0x7fee, 0x800c, 0x7f82, 0x7f82, 0x7f45, 0x7fde,
   0x7f82, 0x7f82, 0x7f82, 0x7f54, 0x7f73, 0x7f54, 0x7f36, 0x7f26, 0x7fcf,
   0x7fee, 0x7f45, 0x7f82, 0x7f82, 0x7f36, 0x7f17, 0x7f36, 0x7f26, 0x7eca,
   0x7ee9, 0x7ef8, 0x7f64, 0x7ef8, 0x7eda, 0x7eca, 0x7ee9, 0x7f26, 0x7e7e,
   0x7f08, 0x7eca, 0x7eca, 0x7ebb, 0x7e7e, 0x7eac, 0x7e9c, 0x7f17, 0x7ee9,
   0x7f36, 0x7ee9, 0x7ebb, 0x7f45, 0x7f36, 0x7ee9, 0x7ee9, 0x7e7e, 0x7ee9,
   0x7ebb, 0x7eac, 0x7f08, 0x7ebb, 0x7eda, 0x7ee9, 0x7eda, 0x7f17, 0x7f17,
   0x7e8d, 0x7ebb, 0x7ebb, 0x7e9c, 0x7e9c, 0x7e9c, 0x7eac, 0x7e6e, 0x7e8d,
   0x7ebb, 0x7ebb, 0x7f08, 0x7f45, 0x7ee9, 0x7f17, 0x7f26, 0x7f54, 0x7f45,
   0x7f36, 0x7f45, 0x7e8d, 0x7f17, 0x7ee9, 0x7eda, 0x7eda, 0x7ee9, 0x7f17,
   0x7f36, 0x7ef8, 0x7ef8, 0x7f17, 0x7f17, 0x7f26, 0x7f92, 0x7fb0, 0x7fc0,
   0x7f54, 0x7f26, 0x7f64, 0x7f64, 0x7f92, 0x7f36, 0x7f54, 0x7f54, 0x7f54,
   0x7fb0, 0x7fc0, 0x7f82, 0x7ffd, 0x7fa1, 0x7fee, 0x7f73, 0x7f54, 0x7f73,
   0x7f54, 0x7f82, 0x7f82, 0x7f26, 0x7f45, 0x7fa1, 0x7f82, 0x7fc0, 0x7f82,
   0x7f73, 0x7f26, 0x7f73, 0x7f64, 0x7fcf, 0x800c, 0x7fa1, 0x7fcf, 0x800c,
   0x7ffd, 0x802b, 0x801c, 0x7ffd, 0x7ffd, 0x7ffd, 0x803a, 0x802b, 0x800c,
   0x802b, 0x802b, 0x800c, 0x800c, 0x7fde, 0x800c, 0x7fcf, 0x800c, 0x7fee,
   0x7ffd, 0x7fde, 0x7ffd, 0x7ffd, 0x800c, 0x801c, 0x804a, 0x8078, 0x804a,
   0x800c, 0x800c, 0x802b, 0x80c4, 0x80a6, 0x80b5, 0x804a, 0x802b, 0x800c,
   0x804a, 0x8078, 0x8078, 0x8059, 0x803a, 0x803a, 0x802b, 0x801c, 0x8068,
   0x804a, 0x802b, 0x800c, 0x800c, 0x803a, 0x8096, 0x8096, 0x804a, 0x7f64,
   0x7df4, 0x7c17, 0x7b6e, 0x7c26, 0x7df4, 0x7fb0, 0x8120, 0x8234, 0x82af,
   0x82be, 0x82af, 0x8290, 0x8281, 0x8272, 0x8216, 0x81c9, 0x81d8, 0x81c9,
   0x816d, 0x815e, 0x8102, 0x8120, 0x80f2, 0x80e3, 0x80f2, 0x8120, 0x80c4,
   0x80f2, 0x8087, 0x8096, 0x80e3, 0x804a, 0x8087, 0x80a6, 0x8078, 0x80b5,
   0x80e3, 0x80c4, 0x8078, 0x80a6, 0x8102, 0x8120, 0x80b5, 0x802b, 0x8078,
   0x803a, 0x8059, 0x8059, 0x800c, 0x8068, 0x80d4, 0x80d4, 0x8096, 0x803a,
   0x801c, 0x8059, 0x802b, 0x8059, 0x800c, 0x7fde, 0x7fee, 0x803a, 0x8068,
   0x802b, 0x800c, 0x7fde, 0x7fee, 0x7ffd, 0x7fb0, 0x7fc0, 0x7fcf, 0x800c,
   0x7fee, 0x7fc0, 0x7fcf, 0x7fa1, 0x7ffd, 0x800c, 0x7fee, 0x7fcf, 0x800c,
   0x801c, 0x802b, 0x800c, 0x7fcf, 0x8059, 0x7fee, 0x7fde, 0x7fc0, 0x7fde,
   0x7fde, 0x7fee, 0x7fde, 0x7fde, 0x7fb0, 0x7ffd, 0x7fa1, 0x7f82, 0x7f73,
   0x7fcf, 0x7fcf, 0x7f92, 0x800c, 0x7f92, 0x7f73, 0x7f73, 0x7f82, 0x7f17,
   0x7f54, 0x7fb0, 0x7f45, 0x7f73, 0x7f64, 0x7f82, 0x7fa1, 0x7f82, 0x7f82,
   0x7f64, 0x7f54, 0x7f26, 0x7f36, 0x7f45, 0x7f26, 0x7f36, 0x7f92, 0x7f64,
   0x7fa1, 0x7f08, 0x7f17, 0x7f36, 0x7ef8, 0x7f45, 0x7f73, 0x7f92, 0x7fcf,
   0x7f73, 0x7f36, 0x7fa1, 0x7f92, 0x7f64, 0x7f92, 0x7f36, 0x7f92, 0x7f92,
   0x7f92, 0x7f73, 0x7f92, 0x7fb0, 0x7fc0, 0x7fcf, 0x7fc0, 0x7fee, 0x7f92,
   0x7f92, 0x7fb0, 0x7fee, 0x7fa1, 0x7f73, 0x7f73, 0x7f64, 0x7fcf, 0x7fde,
   0x802b, 0x803a, 0x800c, 0x800c, 0x804a, 0x802b, 0x7fee, 0x800c, 0x7ffd,
   0x800c, 0x7fee, 0x7fb0, 0x7fcf, 0x7fde, 0x7fb0, 0x7f73, 0x7fde, 0x802b,
   0x8068, 0x8059, 0x802b, 0x800c, 0x7fee, 0x7fc0, 0x7fee, 0x7fcf, 0x7fde,
   0x7fde, 0x7fb0, 0x803a, 0x802b, 0x801c, 0x7ffd, 0x7ffd, 0x803a, 0x80a6,
   0x8059, 0x8078, 0x80c4, 0x80b5, 0x8078, 0x8068, 0x804a, 0x80b5, 0x8102,
   0x80f2, 0x80a6, 0x8087, 0x8078, 0x8068, 0x802b, 0x7ffd, 0x802b, 0x801c,
   0x7ffd, 0x800c, 0x800c, 0x800c, 0x800c, 0x7fee, 0x7fee, 0x7fde, 0x800c,
   0x802b, 0x803a, 0x801c, 0x801c, 0x8059, 0x800c, 0x801c, 0x801c, 0x7fcf,
   0x804a, 0x804a, 0x800c, 0x803a, 0x800c, 0x7ffd, 0x800c, 0x802b, 0x7fb0,
   0x7fee, 0x8096, 0x7ffd, 0x8059, 0x8059, 0x801c, 0x7fde, 0x7ffd, 0x8068,
   0x800c, 0x800c, 0x7ffd, 0x802b, 0x801c, 0x800c, 0x7fa1, 0x7fc0, 0x800c,
   0x7fee, 0x7fee, 0x800c, 0x7ffd, 0x7fee, 0x800c, 0x7fc0, 0x800c, 0x7fcf,
   0x7ffd, 0x7fb0, 0x7f26, 0x7f92, 0x7f73, 0x7f92, 0x7f64, 0x7fcf, 0x800c,
   0x801c, 0x7ffd, 0x801c, 0x7ffd, 0x7ffd, 0x802b, 0x804a, 0x8078, 0x804a,
   0x800c, 0x801c, 0x800c, 0x800c, 0x7fde, 0x7ffd, 0x7fde, 0x7f92, 0x7fde,
   0x7fcf, 0x7ffd, 0x800c, 0x7fcf, 0x802b, 0x801c, 0x7ffd, 0x802b, 0x8096,
   0x804a, 0x8068, 0x802b, 0x800c, 0x7ffd, 0x7fee, 0x803a, 0x7ffd, 0x7ffd,
   0x8078, 0x8068, 0x801c, 0x804a, 0x7fee, 0x802b, 0x800c, 0x803a, 0x7ffd,
   0x7fee, 0x7ffd, 0x803a, 0x800c, 0x800c, 0x800c, 0x7ffd, 0x7fee, 0x802b,
   0x8059, 0x8059, 0x800c, 0x802b, 0x804a, 0x800c, 0x80d4, 0x8111, 0x815e,
   0x813f, 0x8102, 0x80f2, 0x80e3, 0x80c4, 0x80f2, 0x8111, 0x8102, 0x8130,
   0x8102, 0x80f2, 0x80f2, 0x8087, 0x7ffd, 0x7ffd, 0x802b, 0x8087, 0x8068,
   0x8068, 0x8078, 0x8068, 0x80b5, 0x8078, 0x7fc0, 0x7fb0, 0x802b, 0x804a,
   0x8068, 0x8059, 0x801c, 0x804a, 0x8096, 0x80b5, 0x80c4, 0x8087, 0x8059,
   0x8078, 0x80c4, 0x804a, 0x80a6, 0x8096, 0x804a, 0x8068, 0x8078, 0x8078,
   0x804a, 0x804a, 0x802b, 0x801c, 0x801c, 0x804a, 0x8059, 0x804a, 0x8078,
   0x803a, 0x803a, 0x800c, 0x7fb0, 0x7f82, 0x7fa1, 0x7fb0, 0x801c, 0x7fee,
   0x800c, 0x8059, 0x802b, 0x801c, 0x804a, 0x804a, 0x801c, 0x8078, 0x7fcf,
   0x800c, 0x7fc0, 0x7fee, 0x800c, 0x7fcf, 0x7fcf, 0x7f36, 0x7de4, 0x7c64,
   0x7a98, 0x7ae4, 0x7c54, 0x7de4, 0x7fc0, 0x8111, 0x81c9, 0x818c, 0x81aa,
   0x818c, 0x815e, 0x8120, 0x816d, 0x80b5, 0x80f2, 0x80f2, 0x802b, 0x802b,
   0x800c, 0x800c, 0x800c, 0x7fb0, 0x7f92, 0x800c, 0x7fc0, 0x7fa1, 0x7f82,
   0x7f54, 0x7f73, 0x7f54, 0x7f54, 0x7f82, 0x7f08, 0x7f26, 0x7f82, 0x7fc0,
   0x7fa1, 0x7fc0, 0x7f64, 0x7fb0, 0x7f64, 0x7f73, 0x7f36, 0x7f36, 0x7f08,
   0x7f73, 0x7f26, 0x7f36, 0x7f08, 0x7eca, 0x7eca, 0x7ef8, 0x7f08, 0x7eac,
   0x7eda, 0x7f17, 0x7f26, 0x7f45, 0x7f26, 0x7f54, 0x7f26, 0x7ef8, 0x7f36,
   0x7f26, 0x7e7e, 0x7e8d, 0x7e5f, 0x7eac, 0x7e8d, 0x7ebb, 0x7eda, 0x7ee9,
   0x7f08, 0x7f54, 0x7f73, 0x7ee9, 0x7f64, 0x7eda, 0x7f08, 0x7eca, 0x7f26,
   0x7f54, 0x7f26, 0x7f54, 0x7ef8, 0x7ee9, 0x7eda, 0x7f17, 0x7f36, 0x7f26,
   0x7f64, 0x7f82, 0x7f92, 0x7fb0, 0x7f36, 0x7fc0, 0x7fb0, 0x7f82, 0x7f92,
   0x7f82, 0x7f64, 0x7fc0, 0x7f64, 0x7fa1, 0x7fb0, 0x7f17, 0x7f36, 0x7f36,
   0x7f36, 0x7f54, 0x7f73, 0x7f82, 0x7f92, 0x7f45, 0x7f54, 0x7f45, 0x7f64,
   0x7fb0, 0x7fcf, 0x7fc0, 0x7fee, 0x7f92, 0x7f54, 0x7f92, 0x7f92, 0x7fb0,
   0x7f82, 0x7fb0, 0x7f92, 0x7fb0, 0x7fcf, 0x7ffd, 0x802b, 0x7fde, 0x7fcf,
   0x7fcf, 0x7fc0, 0x800c, 0x7fc0, 0x7fa1, 0x7ffd, 0x7fde, 0x7fde, 0x7fb0,
   0x7fee, 0x7ffd, 0x800c, 0x7fa1, 0x7f73, 0x800c, 0x801c, 0x800c, 0x800c,
   0x7ffd, 0x7fde, 0x801c, 0x802b, 0x801c, 0x7fcf, 0x7fde, 0x7fde, 0x7fee,
   0x8059, 0x8096, 0x804a, 0x7fee, 0x7fee, 0x800c, 0x7fee, 0x802b, 0x800c,
   0x801c, 0x802b, 0x804a, 0x8087, 0x804a, 0x800c, 0x803a, 0x804a, 0x8059,
   0x803a, 0x80a6, 0x803a, 0x8078, 0x8068, 0x8087, 0x8096, 0x80c4, 0x80b5,
   0x8130, 0x8078, 0x8059, 0x8078, 0x803a, 0x80d4, 0x8096, 0x8111, 0x80b5,
   0x80d4, 0x80f2, 0x80f2, 0x8111, 0x8111, 0x8111, 0x8111, 0x8102, 0x80e3,
   0x80f2, 0x80d4, 0x80b5, 0x8111, 0x80c4, 0x80a6, 0x80a6, 0x8102, 0x80e3,
   0x80f2, 0x80e3, 0x8130, 0x8111, 0x8130, 0x8120, 0x80c4, 0x80c4, 0x80c4,
   0x80f2, 0x8102, 0x80d4, 0x8096, 0x80e3, 0x802b, 0x8068, 0x80d4, 0x8078,
   0x8087, 0x80f2, 0x80c4, 0x8087, 0x80c4, 0x8111, 0x8111, 0x80e3, 0x814e,
   0x8130, 0x80d4, 0x8102, 0x8120, 0x80e3, 0x80c4, 0x80d4, 0x8096, 0x80f2,
   0x80f2, 0x80f2, 0x80e3, 0x80d4, 0x80a6, 0x80c4, 0x8096, 0x8078, 0x8087,
   0x80b5, 0x8087, 0x8096, 0x80b5, 0x804a, 0x80e3, 0x80b5, 0x80b5, 0x80d4,
   0x8096, 0x80c4, 0x80c4, 0x8087, 0x8078, 0x80a6, 0x80f2, 0x80b5, 0x80e3,
   0x80e3, 0x8068, 0x80e3, 0x8111, 0x8111, 0x814e, 0x80d4, 0x80d4, 0x80d4,
   0x80f2, 0x8059, 0x8059, 0x8096, 0x804a, 0x8059, 0x8096, 0x8068, 0x8096,
   0x802b, 0x8078, 0x8078, 0x8059, 0x803a, 0x804a, 0x8078, 0x802b, 0x802b,
   0x800c, 0x8078, 0x802b, 0x802b, 0x800c, 0x7fee, 0x802b, 0x801c, 0x7fc0,
   0x800c, 0x7fcf, 0x801c, 0x803a, 0x8078, 0x801c, 0x802b, 0x803a, 0x801c,
   0x802b, 0x7fee, 0x801c, 0x803a, 0x7fc0, 0x7fee, 0x7fde, 0x7fee, 0x7fcf,
   0x7ffd, 0x7fde, 0x7fb0, 0x7fee, 0x801c, 0x7fde, 0x7f92, 0x7f92, 0x7f73,
   0x7f54, 0x7f26, 0x7f36, 0x7f54, 0x7fa1, 0x7fc0, 0x7f82, 0x7f73, 0x7ef8,
   0x7f45, 0x7f45, 0x7f92, 0x7f92, 0x7f82, 0x7fb0, 0x7fde, 0x7f92, 0x7fb0,
   0x7fde, 0x7fc0, 0x7fb0, 0x7f73, 0x7f26, 0x7f73, 0x7fa1, 0x7f92, 0x7fde,
   0x7fee, 0x7fcf, 0x7fc0, 0x7fcf, 0x7fcf, 0x800c, 0x800c, 0x7fde, 0x7fde,
   0x7fde, 0x7fb0, 0x7fb0, 0x7f73, 0x7fa1, 0x7fb0, 0x7f64, 0x7fde, 0x7fa1,
   0x7f26, 0x7f45, 0x7f92, 0x7fb0, 0x7f82, 0x7f82, 0x7f64, 0x7f26, 0x7fa1,
   0x7fc0, 0x7fb0, 0x7fa1, 0x7fb0, 0x7fa1, 0x7f54, 0x7f82, 0x7fcf, 0x7fb0,
   0x7fb0, 0x7f54, 0x7f36, 0x7f08, 0x7f64, 0x7f08, 0x7f08, 0x7f45, 0x7f64,
   0x7f73, 0x7f45, 0x7f17, 0x7fa1, 0x7f17, 0x7fa1, 0x7f82, 0x7f26, 0x7f82,
   0x7f92, 0x7f36, 0x7f36, 0x7ee9, 0x7f08, 0x7f26, 0x7f54, 0x7f17, 0x7eac,
   0x7f82, 0x7f45, 0x7f73, 0x7f64, 0x7ee9, 0x7f17, 0x7f26, 0x7f73, 0x7f64,
   0x7f17, 0x7f82, 0x7f45, 0x7f64, 0x7fb0, 0x7f45, 0x7f54, 0x7f08, 0x7f17,
   0x7eda, 0x7f54, 0x7f92, 0x7fde, 0x7f26, 0x7f54, 0x7f64, 0x7f54, 0x7f08,
   0x7fa1, 0x7f73, 0x7f54, 0x7fee, 0x7fc0, 0x7f64, 0x7f82, 0x7f36, 0x7f64,
   0x7f26, 0x7f92, 0x7f92, 0x7ee9, 0x7f45, 0x7f45, 0x7f45, 0x7f73, 0x7fb0,
   0x7f54, 0x7fc0, 0x7ffd, 0x7fcf, 0x7fee, 0x7fc0, 0x7fa1, 0x7f64, 0x7f73,
   0x7f82, 0x7f73, 0x7f64, 0x7f82, 0x7ffd, 0x800c, 0x7fee, 0x800c, 0x7fcf,
   0x7fc0, 0x7f92, 0x7fde, 0x800c, 0x7fc0, 0x7fb0, 0x7fcf, 0x7fee, 0x7ffd,
   0x801c, 0x801c, 0x7fde, 0x7fee, 0x801c, 0x7fee, 0x800c, 0x803a, 0x7ffd,
   0x8059, 0x804a, 0x803a, 0x804a, 0x8068, 0x800c, 0x7fee, 0x802b, 0x7fee,
   0x804a, 0x8096, 0x7ffd, 0x803a, 0x804a, 0x8059, 0x8059, 0x800c, 0x804a,
   0x803a, 0x80c4, 0x8078, 0x802b, 0x802b, 0x8078, 0x8068, 0x801c, 0x801c,
   0x804a, 0x8059, 0x800c, 0x7fde, 0x800c, 0x80a6, 0x8096, 0x7ffd, 0x804a,
   0x803a, 0x802b, 0x803a, 0x800c, 0x800c, 0x7fee, 0x802b, 0x8059, 0x800c,
   0x800c, 0x7fde, 0x7ffd, 0x7fc0, 0x802b, 0x7fee, 0x7fcf, 0x7fde, 0x801c,
   0x7fde, 0x7fc0, 0x7fcf, 0x7fcf, 0x7fcf, 0x800c, 0x7fc0, 0x803a, 0x802b,
   0x7fee, 0x7fc0, 0x7f82, 0x7f45, 0x7f82, 0x7fcf, 0x7f92, 0x800c, 0x7fb0,
   0x7fa1, 0x7fee, 0x7ffd, 0x7fb0, 0x7fde, 0x7fde, 0x7fee, 0x7fcf, 0x7f82,
   0x7f45, 0x7fb0, 0x7f92, 0x7f82, 0x7f54, 0x7fcf, 0x7ffd, 0x7fee, 0x7fee,
   0x7fcf, 0x7fcf, 0x7ffd, 0x801c, 0x7ffd, 0x7fde, 0x7fc0, 0x7ffd, 0x7fde,
   0x7fc0, 0x7fc0, 0x7fc0, 0x7fcf, 0x7fb0, 0x7fcf, 0x7fde, 0x7fee, 0x7fde,
   0x7fcf, 0x7ffd, 0x7fc0, 0x7fde, 0x7ffd, 0x802b, 0x800c, 0x8087, 0x800c,
   0x7ffd, 0x801c, 0x800c, 0x802b, 0x801c, 0x801c, 0x802b, 0x8096, 0x7fcf,
   0x800c, 0x7fde, 0x801c, 0x804a, 0x802b, 0x804a, 0x8059, 0x8087, 0x8059,
   0x7fde, 0x800c, 0x804a, 0x802b, 0x803a, 0x8059, 0x804a, 0x8068, 0x8059,
   0x7ffd, 0x800c, 0x803a, 0x804a, 0x8068, 0x8059, 0x80a6, 0x80b5, 0x8130,
   0x80a6, 0x801c, 0x8068, 0x80b5, 0x80f2, 0x8096, 0x8059, 0x803a, 0x8068,
   0x800c, 0x801c, 0x7ffd, 0x801c, 0x8068, 0x80c4, 0x80c4, 0x80a6, 0x8087,
   0x80a6, 0x80a6, 0x80f2, 0x80c4, 0x80f2, 0x80d4, 0x8087, 0x80d4, 0x8102,
   0x8120, 0x80b5, 0x80c4, 0x8096, 0x804a, 0x8096, 0x8096, 0x80b5, 0x80e3,
   0x80e3, 0x8102, 0x8111, 0x80d4, 0x8096, 0x80d4, 0x8059, 0x80c4, 0x8068,
   0x80f2, 0x8096, 0x80a6, 0x8068, 0x802b, 0x8087, 0x8096, 0x80b5, 0x80e3,
   0x80b5, 0x80a6, 0x8096, 0x802b, 0x8068, 0x8078, 0x80a6, 0x80c4, 0x8087,
   0x8078, 0x803a, 0x8059, 0x8059, 0x8096, 0x800c, 0x80b5, 0x80b5, 0x8059,
   0x8087, 0x803a, 0x801c, 0x801c, 0x8059, 0x802b, 0x801c, 0x803a, 0x8096,
   0x804a, 0x8068, 0x80c4, 0x8078, 0x8068, 0x8087, 0x803a, 0x801c, 0x801c,
   0x8059, 0x8078, 0x800c, 0x801c, 0x8059, 0x8068, 0x80a6, 0x8068, 0x804a,
   0x802b, 0x802b, 0x7f64, 0x7e40, 0x7cb0, 0x7b03, 0x7bf8, 0x7d4a, 0x7ee9,
   0x801c, 0x817c, 0x81f7, 0x8262, 0x8272, 0x8253, 0x8216, 0x816d, 0x816d,
   0x814e, 0x814e, 0x814e, 0x8120, 0x80e3, 0x8078, 0x8068, 0x804a, 0x804a,
   0x7fee, 0x800c, 0x802b, 0x800c, 0x7fde, 0x7f92, 0x7fa1, 0x7fee, 0x7fee,
   0x7fee, 0x7fc0, 0x7fa1, 0x7fc0, 0x7f82, 0x7f82, 0x7f92, 0x7f82, 0x7fde,
   0x7f64, 0x7fee, 0x7f08, 0x7ee9, 0x7f36, 0x7f45, 0x7f64, 0x7f73, 0x7f92,
   0x7fcf, 0x7f73, 0x7f36, 0x7f45, 0x7ef8, 0x7ef8, 0x7f73, 0x7ffd, 0x7fcf,
   0x800c, 0x7f82, 0x7fde, 0x7fee, 0x7fee, 0x7fcf, 0x7fde, 0x7fde, 0x7fcf,
   0x800c, 0x7fc0, 0x7f92, 0x7f45, 0x7f82, 0x7fc0, 0x7f82, 0x7f26, 0x7f82,
   0x7fee, 0x7fb0, 0x7f36, 0x7f54, 0x7f82, 0x7f17, 0x7f36, 0x7fb0, 0x7fcf,
   0x7f54, 0x7f82, 0x7fa1, 0x7f45, 0x7f45, 0x7f08, 0x7f26, 0x7ee9, 0x7f36,
   0x7ef8, 0x7f36, 0x7fa1, 0x7fcf, 0x7f82, 0x7fb0, 0x7fc0, 0x7f92, 0x7f73,
   0x7f54, 0x7f36, 0x7f45, 0x7f26, 0x7f36, 0x7f92, 0x7f17, 0x7ee9, 0x7f92,
   0x7f36, 0x7ef8, 0x7f54, 0x7f64, 0x7f54, 0x7ef8, 0x7f08, 0x7f73, 0x7fc0,
   0x7fc0, 0x7fcf, 0x7f92, 0x7f73, 0x7f45, 0x7f17, 0x7f45, 0x7f64, 0x7f36,
   0x7f54, 0x7f36, 0x7f64, 0x7f82, 0x7f45, 0x7f64, 0x7f92, 0x7f73, 0x7f92,
   0x7fa1, 0x7f73, 0x7f73, 0x7fa1, 0x7f92, 0x7f54, 0x7f64, 0x7f92, 0x7f64,
   0x7f64, 0x7f73, 0x7f73, 0x7fb0, 0x7fb0, 0x7f82, 0x7fde, 0x801c, 0x7fde,
   0x7fb0, 0x7fc0, 0x7fc0, 0x7fcf, 0x7f64, 0x7f36, 0x7f26, 0x7f92, 0x7f73,
   0x7f82, 0x7fcf, 0x7fc0, 0x7fc0, 0x803a, 0x801c, 0x7ffd, 0x800c, 0x7fde,
   0x7fb0, 0x7fde, 0x7fee, 0x7fde, 0x7ffd, 0x7fde, 0x7fcf, 0x7ffd, 0x8078,
   0x8087, 0x803a, 0x802b, 0x7fde, 0x800c, 0x7fcf, 0x7f82, 0x7fee, 0x800c,
   0x800c, 0x7fee, 0x7fb0, 0x7fcf, 0x7fc0, 0x800c, 0x7fcf, 0x7fee, 0x804a,
   0x803a, 0x803a, 0x800c, 0x800c, 0x804a, 0x800c, 0x800c, 0x8059, 0x802b,
   0x7fee, 0x801c, 0x7fde, 0x802b, 0x801c, 0x800c, 0x7fcf, 0x7ffd, 0x7fa1,
   0x804a, 0x802b, 0x7fee, 0x802b, 0x800c, 0x8059, 0x8068, 0x8096, 0x8068,
   0x8068, 0x803a, 0x801c, 0x804a, 0x8059, 0x8087, 0x8096, 0x8087, 0x8068,
   0x8059, 0x8078, 0x8096, 0x8096, 0x8078, 0x80b5, 0x804a, 0x8096, 0x80a6,
   0x8087, 0x8059, 0x80d4, 0x8068, 0x803a, 0x804a, 0x8078, 0x8059, 0x8059,
   0x80a6, 0x8059, 0x80b5, 0x8087, 0x801c, 0x800c, 0x804a, 0x8059, 0x803a,
   0x802b, 0x801c, 0x800c, 0x7fcf, 0x800c, 0x800c, 0x801c, 0x801c, 0x801c,
   0x800c, 0x7fee, 0x800c, 0x8068, 0x8068, 0x804a, 0x8068, 0x8096, 0x803a,
   0x804a, 0x803a, 0x7ffd, 0x803a, 0x803a, 0x7fc0, 0x7f17, 0x7e03, 0x7bca,
   0x7b40, 0x7bac, 0x7d4a, 0x7f08, 0x8059, 0x81e8, 0x8253, 0x8272, 0x8234,
   0x8234, 0x8253, 0x8216, 0x81ba, 0x817c, 0x817c, 0x8111, 0x80c4, 0x80d4,
   0x80d4, 0x80c4, 0x8087, 0x803a, 0x80f2, 0x80b5, 0x8059, 0x804a, 0x8059,
   0x8059, 0x802b, 0x7ffd, 0x800c, 0x800c, 0x800c, 0x800c, 0x801c, 0x7ffd,
   0x801c, 0x800c, 0x802b, 0x804a, 0x803a, 0x7ffd, 0x803a, 0x8078, 0x803a,
   0x8059, 0x8078, 0x803a, 0x804a, 0x8068, 0x80b5, 0x8120, 0x8068, 0x80b5,
   0x8078, 0x800c, 0x8078, 0x8068, 0x804a, 0x7ffd, 0x7fee, 0x8078, 0x804a,
   0x8059, 0x801c, 0x800c, 0x800c, 0x800c, 0x800c, 0x7fde, 0x800c, 0x803a,
   0x804a, 0x802b, 0x802b, 0x804a, 0x8078, 0x804a, 0x7ffd, 0x804a, 0x804a,
   0x801c, 0x802b, 0x801c, 0x801c, 0x803a, 0x8096, 0x8096, 0x80b5, 0x803a,
   0x8087, 0x803a, 0x80a6, 0x8068, 0x801c, 0x7ffd, 0x800c, 0x7ffd, 0x803a,
   0x803a, 0x804a, 0x800c, 0x7fcf, 0x801c, 0x801c, 0x802b, 0x803a, 0x8059,
   0x8059, 0x8059, 0x8068, 0x802b, 0x8068, 0x8059, 0x804a, 0x8078, 0x803a,
   0x802b, 0x8078, 0x801c, 0x801c, 0x800c, 0x800c, 0x804a, 0x7ffd, 0x8068,
   0x804a, 0x803a, 0x8087, 0x80d4, 0x8068, 0x8111, 0x80b5, 0x804a, 0x8059,
   0x802b, 0x803a, 0x804a, 0x8078, 0x8059, 0x8087, 0x80b5, 0x80b5, 0x8059,
   0x80b5, 0x8102, 0x80e3, 0x8087, 0x802b, 0x7ffd, 0x801c, 0x8059, 0x80c4,
   0x8087, 0x80a6, 0x804a, 0x801c, 0x800c, 0x803a, 0x804a, 0x8096, 0x80b5,
   0x804a, 0x80a6, 0x8096, 0x8078, 0x80a6, 0x8078, 0x8078, 0x8096, 0x8096,
   0x80a6, 0x8078, 0x804a, 0x8087, 0x80f2, 0x80a6, 0x80c4, 0x80f2, 0x8087,
   0x804a, 0x8068, 0x803a, 0x8087, 0x80a6, 0x80b5, 0x80b5, 0x8087, 0x804a,
   0x800c, 0x800c, 0x803a, 0x804a, 0x8087, 0x804a, 0x804a, 0x803a, 0x800c,
   0x8059, 0x800c, 0x7fde, 0x800c, 0x7fee, 0x7fc0, 0x801c, 0x801c, 0x7ffd,
   0x7ffd, 0x801c, 0x800c, 0x7ffd, 0x8059, 0x802b, 0x802b, 0x800c, 0x7fc0,
   0x804a, 0x8087, 0x803a, 0x800c, 0x800c, 0x803a, 0x800c, 0x800c, 0x802b,
   0x800c, 0x804a, 0x802b, 0x7f64, 0x7f82, 0x7f82, 0x7fa1, 0x7fee, 0x7ffd,
   0x800c, 0x800c, 0x803a, 0x801c, 0x801c, 0x802b, 0x800c, 0x804a, 0x803a,
   0x801c, 0x7fc0, 0x7ffd, 0x800c, 0x803a, 0x801c, 0x801c, 0x7fde, 0x7fc0,
   0x7fc0, 0x7f45, 0x7f36, 0x7ffd, 0x7fee, 0x7fde, 0x7fde, 0x7fde, 0x7fcf,
   0x801c, 0x801c, 0x804a, 0x804a, 0x802b, 0x804a, 0x802b, 0x7fcf, 0x7ffd,
   0x7ffd, 0x800c, 0x800c, 0x8078, 0x8059, 0x800c, 0x7fee, 0x800c, 0x7fb0,
   0x7fa1, 0x7fcf, 0x7fde, 0x7fde, 0x7fcf, 0x800c, 0x801c, 0x800c, 0x800c,
   0x800c, 0x7fee, 0x801c, 0x800c, 0x7fde, 0x7fc0, 0x7f64, 0x7fcf, 0x800c,
   0x7fc0, 0x7fcf, 0x7fde, 0x800c, 0x7fde, 0x7ffd, 0x7fde, 0x7fde, 0x7fde,
   0x7fee, 0x7ffd, 0x7ffd, 0x7fee, 0x7fa1, 0x7fcf, 0x7f64, 0x7f73, 0x7f92,
   0x7f64, 0x7f92, 0x7fc0, 0x802b, 0x7fde, 0x7fde, 0x7fde, 0x7fde, 0x7fee,
   0x7fb0, 0x7fde, 0x7fde, 0x7fde, 0x7fc0, 0x7fc0, 0x7fa1, 0x7ffd, 0x7f36,
   0x7f92, 0x7f54, 0x7fcf, 0x7f92, 0x7fc0, 0x7fc0, 0x7fa1, 0x7fde, 0x7fde,
   0x7f54, 0x7f92, 0x7fa1, 0x7fcf, 0x7f82, 0x7f92, 0x7fb0, 0x7ffd, 0x7fa1,
   0x7fc0, 0x7fee, 0x801c, 0x7ffd, 0x801c, 0x7fcf, 0x7fcf, 0x800c, 0x7ffd,
   0x7fee, 0x7f92, 0x7f92, 0x7fb0, 0x7ffd, 0x800c, 0x7fde, 0x7fde, 0x7fee,
   0x7ffd, 0x7fee, 0x800c, 0x804a, 0x802b, 0x801c, 0x804a, 0x803a, 0x801c,
   0x803a, 0x801c, 0x802b, 0x800c, 0x8059, 0x802b, 0x8087, 0x8087, 0x8096,
   0x803a, 0x8102, 0x802b, 0x804a, 0x8078, 0x8059, 0x800c, 0x803a, 0x800c,
   0x803a, 0x8068, 0x8096, 0x8068, 0x804a, 0x8059, 0x8068, 0x804a, 0x804a,
   0x8096, 0x803a, 0x8096, 0x804a, 0x80d4, 0x803a, 0x8078, 0x8078, 0x8078,
   0x804a, 0x802b, 0x8078, 0x803a, 0x7fcf, 0x802b, 0x803a, 0x8059, 0x802b,
   0x801c, 0x801c, 0x80a6, 0x8078, 0x8068, 0x8078, 0x804a, 0x804a, 0x80a6,
   0x804a, 0x8078, 0x8096, 0x8068, 0x8068, 0x8078, 0x8096, 0x80b5, 0x80c4,
   0x80d4, 0x80d4, 0x8059, 0x802b, 0x801c, 0x8059, 0x800c, 0x802b, 0x8096,
   0x80a6, 0x800c, 0x8068, 0x804a, 0x804a, 0x80b5, 0x8059, 0x8068, 0x8059,
   0x801c, 0x803a, 0x8087, 0x8096, 0x8059, 0x8096, 0x80b5, 0x8068, 0x8096,
   0x802b, 0x804a, 0x801c, 0x802b, 0x804a, 0x804a, 0x804a, 0x801c, 0x8078,
   0x802b, 0x8068, 0x802b, 0x8068, 0x8059, 0x8068, 0x8068, 0x8096, 0x801c,
   0x800c, 0x800c, 0x803a, 0x801c, 0x800c, 0x802b, 0x8078, 0x8068, 0x8059,
   0x802b, 0x800c, 0x803a, 0x8059, 0x803a, 0x804a, 0x8087, 0x804a, 0x802b,
   0x802b, 0x7fee, 0x8087, 0x8068, 0x804a, 0x8059, 0x8096, 0x8068, 0x800c,
   0x7f82, 0x7e31, 0x7c73, 0x7b22, 0x7bf8, 0x7d59, 0x7ef8, 0x8068, 0x815e,
   0x8216, 0x8244, 0x8225, 0x8216, 0x81d8, 0x816d, 0x8130, 0x817c, 0x816d,
   0x81f7, 0x8130, 0x80f2, 0x8102, 0x813f, 0x80d4, 0x8111, 0x80f2, 0x80f4,
   0x80c4, 0x80c4, 0x8087, 0x8068, 0x804a, 0x800c, 0x800c, 0x801c, 0x802b,
   0x803a, 0x7fde, 0x7fde, 0x7fb0, 0x7fcf, 0x7fee, 0x7fa1, 0x7fcf, 0x800c,
   0x7fde, 0x800c, 0x8059, 0x7ffd, 0x804a, 0x7fc0, 0x7fb0, 0x7fee, 0x800c,
   0x803a, 0x8059, 0x7ffd, 0x7fde, 0x7fee, 0x800c, 0x7fcf, 0x801c, 0x7ffd,
   0x7fde, 0x7fc0, 0x800c, 0x7ffd, 0x7fde, 0x7fcf, 0x7f92, 0x800c, 0x7fcf,
   0x7fee, 0x7ffd, 0x7ffd, 0x7ffd, 0x7fde, 0x7ffd, 0x800c, 0x7fb0, 0x7fee,
   0x7ffd, 0x800c, 0x7fc0, 0x7fee, 0x7fc0, 0x7fde, 0x7f82, 0x7ffd, 0x7fee,
   0x7ffd, 0x7fcf, 0x7f82, 0x7fde, 0x800c, 0x804a, 0x802b, 0x800c, 0x7fb0,
   0x7ffd, 0x800c, 0x800c, 0x801c, 0x7ffd, 0x801c, 0x801c, 0x7ffd, 0x7ffd,
   0x803a, 0x802b, 0x7ffd, 0x7fcf, 0x7fee, 0x7fde, 0x801c, 0x7ffd, 0x7fc0,
   0x804a, 0x800c, 0x7fde, 0x7fb0, 0x7fc0, 0x7fcf, 0x7f92, 0x800c, 0x800c,
   0x7fde, 0x8059, 0x8068, 0x801c, 0x7fb0, 0x7fde, 0x7ffd, 0x802b, 0x803a,
   0x803a, 0x802b, 0x802b, 0x803a, 0x8078, 0x7fde, 0x7fee, 0x7fde, 0x7fc0,
   0x7fee, 0x7ffd, 0x802b, 0x7fee, 0x802b, 0x803a, 0x802b, 0x800c, 0x7fc0,
   0x800c, 0x801c, 0x7fb0, 0x7fb0, 0x7fde, 0x7fcf, 0x801c, 0x801c, 0x8059,
   0x804a, 0x8078, 0x800c, 0x8087, 0x800c, 0x801c, 0x800c, 0x800c, 0x8059,
   0x803a, 0x800c, 0x802b, 0x801c, 0x7ffd, 0x7fde, 0x802b, 0x800c, 0x7ffd,
   0x7fee, 0x7fc0, 0x800c, 0x802b, 0x801c, 0x7fee, 0x7fc0, 0x801c, 0x7fc0,
   0x7fc0, 0x7fc0, 0x7fde, 0x7fee, 0x7ffd, 0x802b, 0x802b, 0x800c, 0x800c,
   0x7fa1, 0x7fb0, 0x7fcf, 0x7fa1, 0x7ffd, 0x7fcf, 0x7fa1, 0x7fc0, 0x7f64,
   0x7f36, 0x7f73, 0x7fde, 0x7fee, 0x800c, 0x8059, 0x802b, 0x7fc0, 0x800c,
   0x7ffd, 0x7fb0, 0x7fa1, 0x7fde, 0x7f54, 0x7f92, 0x7ef8, 0x7d96, 0x7c45,
   0x7b3f, 0x7ac4, 0x7bda, 0x7d87, 0x7f36, 0x8078, 0x81d8, 0x81f7, 0x818c,
   0x81c9, 0x817c, 0x8111, 0x80d4, 0x80f2, 0x8096, 0x800c, 0x803a, 0x800c,
   0x7ffd, 0x802b, 0x804a, 0x7fde, 0x7fcf, 0x7fc0, 0x7fc0, 0x7fb0, 0x7f82,
   0x7fc0, 0x7f92, 0x7f82, 0x7f54, 0x7fc0, 0x7fc0, 0x7ffd, 0x7fc0, 0x7fcf,
   0x801c, 0x803a, 0x7fc0, 0x7fb0, 0x800c, 0x7ffd, 0x7f92, 0x7f54, 0x7f82,
   0x7f92, 0x7f36, 0x7f73, 0x7f92, 0x7f82, 0x7fb0, 0x7f73, 0x7f92, 0x7f73,
   0x7f82, 0x7f26, 0x7f17, 0x7f17, 0x7fa1, 0x7ee9, 0x7e9c, 0x7ee9, 0x7f54,
   0x7f73, 0x7f82, 0x7f73, 0x7fb0, 0x7fa1, 0x7f82, 0x7f36, 0x7f54, 0x7f45,
   0x7f92, 0x7f92, 0x7fcf, 0x7fee, 0x7f92, 0x7fa1, 0x7fde, 0x7ffd, 0x7fcf,
   0x7fb0, 0x7fc0, 0x7fee, 0x7fa1, 0x7fc0, 0x7fee, 0x7fa1, 0x7f73, 0x7fa1,
   0x7f73, 0x7f64, 0x7f92, 0x7fb0, 0x7f92, 0x7fc0, 0x7f82, 0x7fee, 0x7f82,
   0x7f82, 0x7f82, 0x7fee, 0x7fde, 0x801c, 0x7fb0, 0x7fb0, 0x7fc0, 0x7fb0,
   0x7fb0, 0x7fcf, 0x7fa1, 0x7fb0, 0x7fc0, 0x7fcf, 0x802b, 0x800c, 0x7fa1,
   0x7fee, 0x802b, 0x801c, 0x802b, 0x801c, 0x8068, 0x801c, 0x800c, 0x800c,
   0x802b, 0x8059, 0x801c, 0x804a, 0x8059, 0x8078, 0x7ffd, 0x7fee, 0x802b,
   0x7fee, 0x7ffd, 0x800c, 0x801c, 0x802b, 0x8059, 0x7ffd, 0x7ffd, 0x7fcf,
   0x7fcf, 0x7fde, 0x801c, 0x802b, 0x802b, 0x804a, 0x801c, 0x801c, 0x8096,
   0x803a, 0x803a, 0x803a, 0x80e3, 0x800c, 0x801c, 0x7fde, 0x802b, 0x804a,
   0x7fee, 0x7fde, 0x7fde, 0x7fee, 0x7ffd, 0x8096, 0x801c, 0x801c, 0x802b,
   0x803a, 0x800c, 0x802b, 0x801c, 0x800c, 0x801c, 0x804a, 0x801c, 0x804a,
   0x8059, 0x8087, 0x801c, 0x803a, 0x800c, 0x800c, 0x800c, 0x803a, 0x802b,
   0x802b, 0x802b, 0x800c, 0x800c, 0x800c, 0x8068, 0x8059, 0x801c, 0x8059,
   0x8087, 0x803a, 0x802b, 0x803a, 0x803a, 0x802b, 0x800c, 0x7ffd, 0x7fcf,
   0x800c, 0x7ffd, 0x8059, 0x800c, 0x7fde, 0x802b, 0x803a, 0x800c, 0x802b,
   0x8096, 0x80b5, 0x80a6, 0x80b5, 0x803a, 0x7ee9, 0x7dd4, 0x7bca, 0x7b31,
   0x7c54, 0x7e31, 0x800c, 0x813f, 0x8225, 0x8244, 0x82af, 0x8272, 0x8262,
   0x8262, 0x81f7, 0x81ba, 0x81ba, 0x815e, 0x814e, 0x8130, 0x818c, 0x8130,
   0x80e3, 0x80e3, 0x80c4, 0x8102, 0x804a, 0x804a, 0x8096, 0x8078, 0x80d4,
   0x8078, 0x803a, 0x802b, 0x803a, 0x801c, 0x800c, 0x802b, 0x801c, 0x7ffd,
   0x7ffd, 0x801c, 0x800c, 0x804a, 0x8096, 0x804a, 0x80e3, 0x80d4, 0x8087,
   0x8078, 0x804a, 0x802b, 0x7fee, 0x800c, 0x8059, 0x7ffd, 0x801c, 0x7fcf,
   0x800c, 0x804a, 0x804a, 0x803a, 0x800c, 0x800c, 0x801c, 0x7fa1, 0x7fcf,
   0x7ffd, 0x803a, 0x8059, 0x7fcf, 0x7fde, 0x800c, 0x7fee, 0x800c, 0x7ffd,
   0x7ffd, 0x801c, 0x7fee, 0x802b, 0x803a, 0x80c4, 0x80b5, 0x804a, 0x802b,
   0x800c, 0x7ffd, 0x800c, 0x800c, 0x8068, 0x802b, 0x800c, 0x802b, 0x800c,
   0x802b, 0x801c, 0x7fc0, 0x7fde, 0x7fc0, 0x7fc0, 0x7fee, 0x7fee, 0x7fcf,
   0x7fcf, 0x7fde, 0x7ffd, 0x7fee, 0x7fde, 0x7fee, 0x800c, 0x802b, 0x800c,
   0x7fcf, 0x7fcf, 0x7fde, 0x800c, 0x7ffd, 0x8059, 0x8087, 0x803a, 0x800c,
   0x7ffd, 0x7fb0, 0x7ffd, 0x802b, 0x8068, 0x7ffd, 0x800c, 0x800c, 0x800c,
   0x801c, 0x7fee, 0x800c, 0x801c, 0x803a, 0x7ffd, 0x7fa1, 0x800c, 0x7fa1,
   0x7fde, 0x7f82, 0x800c, 0x803a, 0x7fa1, 0x7fee, 0x7fb0, 0x7fcf, 0x7fb0,
   0x7fee, 0x7fb0, 0x7fcf, 0x7fde, 0x7fa1, 0x7f54, 0x7f82, 0x7f82, 0x7fde,
   0x7fa1, 0x7fc0, 0x7fcf, 0x7fc0, 0x7fb0, 0x7f73, 0x7fb0, 0x7fb0, 0x7f82,
   0x7f92, 0x7fde, 0x800c, 0x801c, 0x803a, 0x7fde, 0x7fc0, 0x7fa1, 0x7fee,
   0x7fee, 0x7fee, 0x800c, 0x800c, 0x802b, 0x8059, 0x800c, 0x7fcf, 0x7fde,
   0x800c, 0x7fee, 0x7fde, 0x7fa1, 0x7fcf, 0x7fee, 0x7ffd, 0x7fde, 0x7fc0,
   0x7fc0, 0x7fc0, 0x7f73, 0x7f92, 0x7fb0, 0x800c, 0x7fcf, 0x7fb0, 0x7f82,
   0x7fde, 0x7fee, 0x800c, 0x803a, 0x801c, 0x800c, 0x802b, 0x7fee, 0x7f73,
   0x7fa1, 0x7ffd, 0x7ffd, 0x800c, 0x7fde, 0x800c, 0x7ffd, 0x7ffd, 0x7fcf,
   0x7f82, 0x7fb0, 0x800c, 0x802b, 0x801c, 0x7fa1, 0x7fde, 0x804a, 0x801c,
   0x7fde, 0x800c, 0x800c, 0x7fcf, 0x7fee, 0x7fa1, 0x7fb0, 0x7fcf, 0x7fc0,
   0x800c, 0x7fde, 0x7ffd, 0x7fde, 0x7f92, 0x803a, 0x8068, 0x800c, 0x7fde,
   0x7fb0, 0x7fee, 0x801c, 0x800c, 0x803a, 0x803a, 0x7ffd, 0x7fcf, 0x7fee,
   0x7ffd, 0x800c, 0x800c, 0x800c, 0x800c, 0x800c, 0x803a, 0x7ffd, 0x7fb0,
   0x7fee, 0x800c, 0x8068, 0x8087, 0x802b, 0x7ffd, 0x801c, 0x800c, 0x802b,
   0x8059, 0x8078, 0x801c, 0x800c, 0x7fcf, 0x800c, 0x7fcf, 0x7f92, 0x7fde,
   0x800c, 0x800c, 0x7ffd, 0x8078, 0x800c, 0x802b, 0x7fc0, 0x800c, 0x801c,
   0x804a, 0x800c, 0x800c, 0x803a, 0x7fb0, 0x7fcf, 0x800c, 0x801c, 0x800c,
   0x8096, 0x80a6, 0x8059, 0x801c, 0x8078, 0x800c, 0x800c, 0x7ffd, 0x7ffd,
   0x801c, 0x801c, 0x804a, 0x800c, 0x803a, 0x8059, 0x8078, 0x801c, 0x8068,
   0x8068, 0x802b, 0x801c, 0x7fee, 0x7fee, 0x804a, 0x7fde, 0x800c, 0x7ffd,
   0x801c, 0x800c, 0x801c, 0x8087, 0x8087, 0x8078, 0x802b, 0x8068, 0x801c,
   0x804a, 0x801c, 0x800c, 0x8068, 0x800c, 0x803a, 0x804a, 0x804a, 0x8087,
   0x804a, 0x804a, 0x803a, 0x8068, 0x80a6, 0x803a, 0x8059, 0x800c, 0x803a,
   0x8068, 0x8068, 0x80e3, 0x80e3, 0x8102, 0x80b5, 0x8078, 0x804a, 0x802b,
   0x80d4, 0x8078, 0x803a, 0x804a, 0x804a, 0x804a, 0x800c, 0x8078, 0x803a,
   0x800c, 0x803a, 0x802b, 0x801c, 0x7fee, 0x7ffd, 0x8059, 0x7ffd, 0x804a,
   0x7fde, 0x7fc0, 0x801c, 0x7fcf, 0x7fcf, 0x7fc0, 0x7fcf, 0x800c, 0x800c,
   0x8068, 0x801c, 0x7ffd, 0x80a6, 0x804a, 0x8087, 0x8068, 0x8087, 0x8059,
   0x7fde, 0x80b5, 0x802b, 0x7ffd, 0x7fee, 0x7fde, 0x7fc0, 0x800c, 0x8059,
   0x800c, 0x800c, 0x7fcf, 0x804a, 0x801c, 0x800c, 0x803a, 0x804a, 0x800c,
   0x801c, 0x802b, 0x801c, 0x800c, 0x7ffd, 0x802b, 0x803a, 0x7ffd, 0x804a,
   0x7fee, 0x800c, 0x800c, 0x800c, 0x800c, 0x7fc0, 0x7fcf, 0x7fde, 0x7fc0,
   0x800c, 0x801c, 0x802b, 0x803a, 0x803a, 0x7fde, 0x7ffd, 0x7fde, 0x800c,
   0x802b, 0x800c, 0x800c, 0x7fee, 0x7fcf, 0x7fb0, 0x7f17, 0x7f64, 0x7f26,
   0x7e7e, 0x7d2b, 0x7b9c, 0x7b7e, 0x7d1c, 0x7eac, 0x7fb0, 0x8111, 0x81ba,
   0x8225, 0x81e8, 0x81f7, 0x8206, 0x819b, 0x816d, 0x818c, 0x8111, 0x80f2,
   0x8120, 0x8102, 0x80c4, 0x8078, 0x80b5, 0x8078, 0x8102, 0x8068, 0x8068,
   0x8059, 0x80b5, 0x8096, 0x8078, 0x802b, 0x800c, 0x803a, 0x803a, 0x8059,
   0x801c, 0x8087, 0x802b, 0x802b, 0x80a6, 0x8087, 0x8059, 0x804a, 0x804a,
   0x801c, 0x803a, 0x804a, 0x8068, 0x8087, 0x8087, 0x801c, 0x801c, 0x800c,
   0x804a, 0x8078, 0x80d4, 0x8087, 0x8078, 0x8078, 0x801c, 0x802b, 0x8096,
   0x800c, 0x7ffd, 0x8059, 0x803a, 0x8059, 0x804a, 0x8078, 0x8068, 0x8059,
   0x8068, 0x8059, 0x804a, 0x802b, 0x802b, 0x8059, 0x802b, 0x8059, 0x803a,
   0x803a, 0x800c, 0x800c, 0x803a, 0x804a, 0x802b, 0x800c, 0x800c, 0x800c,
   0x8059, 0x801c, 0x803a, 0x7ffd, 0x800c, 0x803a, 0x803a, 0x800c, 0x7ffd,
   0x800c, 0x800c, 0x7ffd, 0x801c, 0x8059, 0x800c, 0x801c, 0x802b, 0x802b,
   0x802b, 0x7fcf, 0x7fee, 0x7fee, 0x7ffd, 0x800c, 0x8059, 0x801c, 0x8068,
   0x803a, 0x7ffd, 0x7fee, 0x7fcf, 0x7fc0, 0x7ffd, 0x801c, 0x802b, 0x7fee,
   0x7fcf, 0x800c, 0x7ffd, 0x802b, 0x7ffd, 0x800c, 0x7ffd, 0x7ffd, 0x7fee,
   0x800c, 0x7fcf, 0x801c, 0x800c, 0x800c, 0x7ffd, 0x7fee, 0x7fde, 0x7fee,
   0x7fcf, 0x7ffd, 0x802b, 0x7fb0, 0x7ffd, 0x800c, 0x800c, 0x802b, 0x7ffd,
   0x802b, 0x801c, 0x800c, 0x800c, 0x802b, 0x7ffd, 0x7ffd, 0x7ffd, 0x7fb0,
   0x7ffd, 0x7fde, 0x800c, 0x7fde, 0x7ffd, 0x800c, 0x7ffd, 0x804a, 0x7f92,
   0x7f92, 0x7fb0, 0x7fde, 0x7fa1, 0x7fa1, 0x7fb0, 0x7fcf, 0x7fee, 0x800c,
   0x800c, 0x7fcf, 0x7fee, 0x7fc0, 0x7fc0, 0x7fcf, 0x7fc0, 0x7fb0, 0x7fc0,
   0x7fde, 0x7fde, 0x7fee, 0x802b, 0x7f92, 0x7fde, 0x7fcf, 0x7fa1, 0x7fb0,
   0x7f73, 0x7f92, 0x801c, 0x7f54, 0x7f45, 0x7fa1, 0x7f92, 0x7f92, 0x7f64,
   0x7f92, 0x7fc0, 0x7fb0, 0x7fb0, 0x7ffd, 0x7fee, 0x7fa1, 0x7fee, 0x7fee,
   0x7f73, 0x7fb0, 0x7f92, 0x7fcf, 0x7fc0, 0x7fde, 0x7fa1, 0x7f73, 0x7fcf,
   0x7fee, 0x802b, 0x7ffd, 0x802b, 0x800c, 0x7fcf, 0x7fde, 0x7fa1, 0x7fee,
   0x7fc0, 0x7f82, 0x7f36, 0x7f54, 0x7fc0, 0x7ffd, 0x7fc0, 0x7f64, 0x7fa1,
   0x7f73, 0x7f92, 0x7f92, 0x7f82, 0x7f73, 0x7f92, 0x7fc0, 0x7fc0, 0x7fee,
   0x7fde, 0x7f82, 0x7fc0, 0x7fcf, 0x7ffd, 0x804a, 0x7ffd, 0x8078, 0x800c,
   0x801c, 0x800c, 0x801c, 0x801c, 0x7ffd, 0x7fb0, 0x7ffd, 0x801c, 0x7fcf,
   0x7f92, 0x7fb0, 0x7fcf, 0x7fa1, 0x7fc0, 0x800c, 0x7fcf, 0x7fcf, 0x7fcf,
   0x7f82, 0x7f73, 0x7fcf, 0x7fa1, 0x800c, 0x801c, 0x800c, 0x7fde, 0x7fc0,
   0x800c, 0x803a, 0x804a, 0x802b, 0x802b, 0x802b, 0x7fc0, 0x802b, 0x802b,
   0x800c, 0x800c, 0x800c, 0x804a, 0x804a, 0x800c, 0x804a, 0x8078, 0x800c,
   0x802b, 0x800c, 0x803a, 0x804a, 0x800c, 0x800c, 0x7fde, 0x804a, 0x804a,
   0x802b, 0x801c, 0x802b, 0x803a, 0x803a, 0x802b, 0x802b, 0x800c, 0x804a,
   0x801c, 0x802b, 0x7ffd, 0x801c, 0x7ffd, 0x8068, 0x7fee, 0x800c, 0x800c,
   0x7fee, 0x7fc0, 0x8087, 0x800c, 0x800c, 0x801c, 0x803a, 0x8078, 0x8087,
   0x8059, 0x8059, 0x802b, 0x7fee, 0x7fee, 0x801c, 0x7fde, 0x7ffd, 0x801c,
   0x802b, 0x801c, 0x800c, 0x801c, 0x8059, 0x8078, 0x803a, 0x804a, 0x804a,
   0x80a6, 0x802b, 0x7f64, 0x7e40, 0x7c54, 0x7b22, 0x7be9, 0x7db6, 0x7f17,
   0x804a, 0x81c9, 0x8244, 0x8262, 0x82a0, 0x8216, 0x8216, 0x8216, 0x81ba,
   0x81e8, 0x81f7, 0x817c, 0x813f, 0x8111, 0x8087, 0x80a6, 0x8096, 0x8059,
   0x8059, 0x803a, 0x804a, 0x803a, 0x804a, 0x7fee, 0x7f92, 0x802b, 0x801c,
   0x7fee, 0x7fcf, 0x7fcf, 0x804a, 0x801c, 0x7fcf, 0x7fee, 0x7ffd, 0x7fde,
   0x7fcf, 0x7fb0, 0x7fde, 0x7fde, 0x7fcf, 0x7f73, 0x7fa1, 0x7fee, 0x800c,
   0x8068, 0x802b, 0x800c, 0x800c, 0x800c, 0x802b, 0x800c, 0x7fb0, 0x803a,
   0x7fee, 0x7f82, 0x7f82, 0x7f82, 0x7fde, 0x802b, 0x802b, 0x800c, 0x7ffd,
   0x800c, 0x7ffd, 0x7ffd, 0x7fee, 0x800c, 0x801c, 0x7fde, 0x801c, 0x802b,
   0x7ffd, 0x801c, 0x800c, 0x801c, 0x801c, 0x800c, 0x800c, 0x803a, 0x8059,
   0x800c, 0x8078, 0x7ffd, 0x803a, 0x800c, 0x804a, 0x803a, 0x802b, 0x803a,
   0x8059, 0x7fde, 0x7f82, 0x800c, 0x801c, 0x802b, 0x800c, 0x801c, 0x801c,
   0x7fde, 0x7ffd, 0x800c, 0x8059, 0x800c, 0x8059, 0x804a, 0x803a, 0x8087,
   0x8087, 0x8068, 0x800c, 0x7fde, 0x7ffd, 0x7fee, 0x7fde, 0x802b, 0x7fcf,
   0x8068, 0x801c, 0x800c, 0x7ffd, 0x804a, 0x8068, 0x803a, 0x802b, 0x800c,
   0x7fee, 0x7fee, 0x7fcf, 0x7fde, 0x7fee, 0x8068, 0x802b, 0x801c, 0x804a,
   0x803a, 0x800c, 0x7fee, 0x7ffd, 0x800c, 0x800c, 0x801c, 0x803a, 0x7fcf,
   0x800c, 0x801c, 0x8059, 0x803a, 0x8078, 0x8078, 0x80e3, 0x8096, 0x802b,
   0x802b, 0x8068, 0x8059, 0x803a, 0x801c, 0x7fee, 0x801c, 0x801c, 0x800c,
   0x7fc0, 0x7fee, 0x802b, 0x7fc0, 0x7fee, 0x7fde, 0x803a, 0x801c, 0x802b,
   0x8059, 0x802b, 0x800c, 0x802b, 0x803a, 0x7ffd, 0x800c, 0x800c, 0x800c,
   0x802b, 0x800c, 0x7fee, 0x7e9c, 0x7df4, 0x7c82, 0x7b6e, 0x7b02, 0x7c82,
   0x7df2, 0x7f92, 0x80a6, 0x81f7, 0x8234, 0x8225, 0x8206, 0x8234, 0x819b,
   0x815e, 0x814e, 0x816d, 0x80f2, 0x8102, 0x80b5, 0x80f2, 0x8102, 0x80d4,
   0x8068, 0x804a, 0x8087, 0x804a, 0x8059, 0x802b, 0x800c, 0x800c, 0x800c,
   0x801c, 0x803a, 0x7fee, 0x7fee, 0x7fde, 0x800c, 0x7fde, 0x7fcf, 0x7fde,
   0x7fee, 0x7fde, 0x7fa1, 0x800c, 0x800c, 0x800c, 0x800c, 0x7f92, 0x7f36,
   0x7fa1, 0x7f82, 0x7fa1, 0x7f82, 0x800c, 0x800c, 0x800c, 0x7ffd, 0x7fcf,
   0x7fb0, 0x7fb0, 0x7f73, 0x7f64, 0x7f92, 0x7f82, 0x7fcf, 0x7f73, 0x7fcf,
   0x7f92, 0x7f64, 0x7f54, 0x7f54, 0x7fcf, 0x7fa1, 0x7fb0, 0x7fcf, 0x7fde,
   0x7fcf, 0x7f73, 0x7fcf, 0x7fde, 0x7fee, 0x7f82, 0x7fee, 0x800c, 0x7fde,
   0x7f92, 0x7f73, 0x7fa1, 0x7f73, 0x7f54, 0x7f92, 0x7f73, 0x7fc0, 0x7fb0,
   0x800c, 0x7fb0, 0x7fc0, 0x7fde, 0x7fb0, 0x7fcf, 0x7ffd, 0x7f64, 0x7fde,
   0x7fc0, 0x7fa1, 0x7f82, 0x7fc0, 0x7fa1, 0x7f92, 0x7f82, 0x7f92, 0x7f73,
   0x7fb0, 0x7fa1, 0x7fc0, 0x7fa1, 0x7fc0, 0x7fc0, 0x7fde, 0x800c, 0x7fb0,
   0x7fde, 0x7fa1, 0x7fb0, 0x7fde, 0x7fb0, 0x7fc0, 0x7fb0, 0x7f92, 0x7f82,
   0x7f64, 0x7f64, 0x7f36, 0x7f92, 0x800c, 0x7fcf, 0x7fde, 0x7fcf, 0x7fa1,
   0x7fa1, 0x7f82, 0x7f64, 0x7fb0, 0x7fcf, 0x7f92, 0x7f64, 0x7f92, 0x7fa1,
   0x7f54, 0x7fb0, 0x7f45, 0x7eca, 0x7f45, 0x7f64, 0x7f73, 0x7f92, 0x7f92,
   0x7fde, 0x7f54, 0x7fa1, 0x7f64, 0x7fb0, 0x7fcf, 0x7fcf, 0x7ffd, 0x801c,
   0x7fc0, 0x7f54, 0x7fb0, 0x7fde, 0x7f17, 0x7f26, 0x7f17, 0x7f17, 0x7f82,
   0x7fa1, 0x7f82, 0x7fc0, 0x7f92, 0x7f92, 0x7fa1, 0x7f82, 0x7f92, 0x7fa1,
   0x7fde, 0x7fa1, 0x7fcf, 0x7fb0, 0x7fa1, 0x7f92, 0x7fc0, 0x7fb0, 0x7f54,
   0x7fc0, 0x7f73, 0x7f54, 0x7f92, 0x7f73, 0x7f73, 0x7fc0, 0x7f92, 0x7f82,
   0x7f54, 0x7f73, 0x7f54, 0x7f64, 0x7f54, 0x7f73, 0x7f45, 0x7f26, 0x7f36,
   0x7f54, 0x7f54, 0x7f54, 0x7f92, 0x7f92, 0x7fde, 0x7fcf, 0x7fee, 0x7ffd,
   0x7fcf, 0x7fee, 0x7fee, 0x7fde, 0x7fa1, 0x7f92, 0x7fcf, 0x7fcf, 0x7fc0,
   0x7fb0, 0x7fa1, 0x7fc0, 0x7f73, 0x7fc0, 0x7ffd, 0x7fb0, 0x7fcf, 0x7fde,
   0x7fa1, 0x7fb0, 0x7fc0, 0x7fcf, 0x800c, 0x7fc0, 0x7f82, 0x7f92, 0x7f73,
   0x7f73, 0x7f92, 0x7fc0, 0x7f82, 0x7f92, 0x7f36, 0x7fa1, 0x7fde, 0x7fa1,
   0x7fa1, 0x7fee, 0x7fcf, 0x7f92, 0x7fc0, 0x7f92, 0x7fb0, 0x7f92, 0x7ffd,
   0x7fb0, 0x7fee, 0x7fee, 0x801c, 0x800c, 0x7fc0, 0x804a, 0x800c, 0x801c,
   0x7ffd, 0x7fde, 0x7fee, 0x7fcf, 0x7fc0, 0x800c, 0x800c, 0x804a, 0x802b,
   0x802b, 0x800c, 0x8059, 0x80b5, 0x7ffd, 0x8059, 0x804a, 0x800c, 0x7fee,
   0x7fee, 0x7ffd, 0x801c, 0x7fcf, 0x7fcf, 0x7fde, 0x7fc0, 0x7fb0, 0x7f82,
   0x7fa1, 0x7fb0, 0x800c, 0x801c, 0x801c, 0x801c, 0x800c, 0x801c, 0x804a,
   0x802b, 0x800c, 0x7fde, 0x800c, 0x800c, 0x800c, 0x7ffd, 0x7fde, 0x804a,
   0x8059, 0x804a, 0x800c, 0x802b, 0x800c, 0x803a, 0x802b, 0x802b, 0x8059,
   0x8068, 0x800c, 0x800c, 0x7ffd, 0x7fde, 0x800c, 0x8059, 0x7fde, 0x8068,
   0x800c, 0x7fcf, 0x801c, 0x800c, 0x800c, 0x7fde, 0x7f82, 0x7fa1, 0x7fc0,
   0x7fa1, 0x800c, 0x7fde, 0x800c, 0x800c, 0x7ffd, 0x7fde, 0x7f92, 0x7fc0,
   0x7fcf, 0x802b, 0x800c, 0x802b, 0x800c, 0x801c, 0x8059, 0x803a, 0x804a,
   0x8059, 0x804a, 0x8068, 0x804a, 0x803a, 0x8087, 0x80a6, 0x8096, 0x803a,
   0x8096, 0x802b, 0x803a, 0x8078, 0x803a, 0x8096, 0x8096, 0x8059, 0x8068,
   0x8068, 0x804a, 0x80a6, 0x802b, 0x801c, 0x802b, 0x8068, 0x80a6, 0x8087,
   0x803a, 0x802b, 0x8078, 0x80b5, 0x802b, 0x800c, 0x800c, 0x800c, 0x800c,
   0x7fee, 0x800c, 0x804a, 0x8068, 0x800c, 0x800c, 0x800c, 0x8087, 0x801c,
   0x7fde, 0x7fde, 0x801c, 0x802b, 0x804a, 0x800c, 0x8059, 0x8078, 0x8059,
   0x80b5, 0x8096, 0x80b5, 0x8078, 0x8078, 0x80a6, 0x8078, 0x8096, 0x8087,
   0x8068, 0x8059, 0x803a, 0x800c, 0x800c, 0x800c, 0x802b, 0x803a, 0x801c,
   0x7ffd, 0x804a, 0x8078, 0x803a, 0x800c, 0x801c, 0x7fee, 0x802b, 0x801c,
   0x800c, 0x803a, 0x802b, 0x8078, 0x804a, 0x8078, 0x8068, 0x8059, 0x800c,
   0x800c, 0x800c, 0x7ffd, 0x7fde, 0x802b, 0x800c, 0x7fcf, 0x801c, 0x7fee,
   0x802b, 0x8078, 0x8087, 0x8059, 0x803a, 0x804a, 0x8078, 0x8068, 0x80c4,
   0x80c4, 0x8068, 0x803a, 0x800c, 0x7fee, 0x802b, 0x803a, 0x800c, 0x800c,
   0x7fee, 0x804a, 0x802b, 0x8078, 0x8087, 0x804a, 0x8087, 0x80a6, 0x803a,
   0x801c, 0x800c, 0x803a, 0x801c, 0x8078, 0x7ffd, 0x7fcf, 0x7fc0, 0x7ffd,
   0x804a, 0x801c, 0x800c, 0x800c, 0x801c, 0x802b, 0x8078, 0x802b, 0x802b,
   0x7ffd, 0x800c, 0x7fde, 0x803a, 0x8068, 0x804a, 0x804a, 0x803a, 0x802b,
   0x803a, 0x804a, 0x804a, 0x801c, 0x801c, 0x7fee, 0x804a, 0x804a, 0x802b,
   0x7fee, 0x8059, 0x8059, 0x801c, 0x8059, 0x802b, 0x8059, 0x8059, 0x802b,
   0x7fde, 0x7fc0, 0x7fde, 0x8068, 0x804a, 0x800c, 0x8078, 0x8059, 0x801c,
   0x804a, 0x8059, 0x802b, 0x7ffd, 0x7ffd, 0x7fde, 0x7fb0, 0x801c, 0x801c,
   0x801c, 0x7fb0, 0x800c, 0x800c, 0x7fcf, 0x7fb0, 0x7fcf, 0x8068, 0x804a,
   0x802b, 0x803a, 0x804a, 0x803a, 0x803a, 0x804a, 0x804a, 0x803a, 0x803a,
   0x801c, 0x801c, 0x803a, 0x801c, 0x8059, 0x8078, 0x8087, 0x80d4, 0x8059,
   0x8068, 0x800c, 0x804a, 0x800c, 0x8068, 0x803a, 0x802b, 0x8059, 0x8059,
   0x8059, 0x804a, 0x803a, 0x800c, 0x801c, 0x804a, 0x800c, 0x80b5, 0x803a,
   0x804a, 0x80d4, 0x80c4, 0x80c4, 0x8096, 0x8068, 0x8096, 0x8096, 0x8059,
   0x8068, 0x80d4, 0x80b5, 0x803a, 0x803a, 0x801c, 0x8068, 0x801c, 0x8059,
   0x8068, 0x80d4, 0x804a, 0x8059, 0x8087, 0x80d4, 0x801c, 0x800c, 0x8068,
   0x803a, 0x8068, 0x8078, 0x8087, 0x8078, 0x8059, 0x802b, 0x804a, 0x8078,
   0x803a, 0x802b, 0x801c, 0x800c, 0x804a, 0x803a, 0x804a, 0x8068, 0x804a,
   0x8068, 0x8068, 0x801c, 0x804a, 0x8059, 0x8096, 0x80c4, 0x8068, 0x8078,
   0x8068, 0x8059, 0x800c, 0x800c, 0x804a, 0x802b, 0x7ffd, 0x800c, 0x7fcf,
   0x7fde, 0x801c, 0x802b, 0x802b, 0x803a, 0x7fc0, 0x7fde, 0x7ffd, 0x800c,
   0x802b, 0x800c, 0x7ffd, 0x7fee, 0x7fee, 0x7ffd, 0x7ffd, 0x7fee, 0x803a,
   0x800c, 0x800c, 0x7fee, 0x7fa1, 0x7fde, 0x7fb0, 0x7fa1, 0x7ffd, 0x7fee,
   0x7ffd, 0x7fc0, 0x801c, 0x800c, 0x7fee, 0x7fee, 0x7ffd, 0x7fee, 0x7fee,
   0x7fcf, 0x7f45, 0x7f73, 0x7fa1, 0x7f64, 0x7f73, 0x7fa1, 0x7f92, 0x7fcf,
   0x7f73, 0x7f82, 0x7fa1, 0x7f26, 0x7f36, 0x7f92, 0x7f54, 0x7f82, 0x7f82,
   0x7fcf, 0x7fde, 0x7ee9, 0x7ef8, 0x7f64, 0x7f08, 0x7f08, 0x7f45, 0x7f45,
   0x7f08, 0x7f45, 0x7f45, 0x7f64, 0x7f36, 0x7f36, 0x7f08, 0x7f54, 0x7f73,
   0x7f54, 0x7f36, 0x7f45, 0x7eda, 0x7f08, 0x7eda, 0x7f17, 0x7ef8, 0x7eac,
   0x7f08, 0x7eca, 0x7ee9, 0x7eda, 0x7f08, 0x7eca, 0x7eac, 0x7eca, 0x7e9c,
   0x7ebb, 0x7ee9, 0x7f08, 0x7f45, 0x7ebb, 0x7eca, 0x7ef8, 0x7ef8, 0x7f45,
   0x7f64, 0x7f36, 0x7ebb, 0x7eca, 0x7f17, 0x7f73, 0x7f26, 0x7f54, 0x7f26,
   0x7ee9, 0x7f64, 0x7f17, 0x7e9c, 0x7ef8, 0x7ef8, 0x7f36, 0x7f45, 0x7f64,
   0x7ef8, 0x7ee9, 0x7eda, 0x7f17, 0x7eda, 0x7f36, 0x7ee9, 0x7f26, 0x7fa1,
   0x7f08, 0x7f54, 0x7f08, 0x7f08, 0x7f26, 0x7f17, 0x7f36, 0x7fa1, 0x7fa1,
   0x7fa1, 0x7fc0, 0x7f92, 0x7f45, 0x7f82, 0x7f45, 0x7f17, 0x7f36, 0x7ef8,
   0x7f54, 0x7ef8, 0x7f64, 0x7fcf, 0x7fc0, 0x7fde, 0x7fc0, 0x7f92, 0x7f64,
   0x7f54, 0x7f82, 0x7f82, 0x7f73, 0x7fa1, 0x7fde, 0x7fee, 0x7f73, 0x7f92,
   0x7fee, 0x7f92, 0x7fcf, 0x7fcf, 0x7f64, 0x7f82, 0x7f45, 0x7f82, 0x7f26,
   0x7ee9, 0x7f17, 0x7f36, 0x7f54, 0x7f92, 0x7fa1, 0x7fa1, 0x7fde, 0x7fc0,
   0x7fcf, 0x7ffd, 0x7fde, 0x7fcf, 0x7fc0, 0x7f73, 0x7fb0, 0x7fcf, 0x7fb0,
   0x7f73, 0x7fb0, 0x7fb0, 0x7fcf, 0x7fde, 0x7ffd, 0x7fb0, 0x7f92, 0x7f73,
   0x7f92, 0x7f92, 0x7fc0, 0x7ffd, 0x800c, 0x7fde, 0x7fde, 0x800c, 0x7ffd,
   0x802b, 0x803a, 0x7ffd, 0x7fee, 0x800c, 0x7f45, 0x7e50, 0x7c36, 0x7ae4,
   0x7b31, 0x7cee, 0x7e8d, 0x7ffd, 0x80f2, 0x81e8, 0x8216, 0x8272, 0x8272,
   0x81aa, 0x81d8, 0x81e8, 0x813f, 0x813f, 0x815e, 0x813f, 0x8111, 0x8130,
   0x80c4, 0x8087, 0x8068, 0x8096, 0x800c, 0x7ffd, 0x8059, 0x80c4, 0x80f2,
   0x8096, 0x802b, 0x7ffd, 0x7fde, 0x7ffd, 0x800c, 0x804a, 0x803a, 0x7fde,
   0x7fc0, 0x800c, 0x800c, 0x7ffd, 0x7fcf, 0x7ffd, 0x802b, 0x804a, 0x802b,
   0x800c, 0x801c, 0x8087, 0x803a, 0x800c, 0x7fde, 0x800c, 0x800c, 0x803a,
   0x7fee, 0x800c, 0x800c, 0x802b, 0x802b, 0x7fee, 0x7fcf, 0x7fde, 0x7fee,
   0x801c, 0x800c, 0x7fde, 0x7ffd, 0x803a, 0x803a, 0x801c, 0x800c, 0x800c,
   0x7fee, 0x8059, 0x8059, 0x800c, 0x800c, 0x7fb0, 0x7fa1, 0x7ffd, 0x7ffd,
   0x7fc0, 0x7fcf, 0x7fc0, 0x802b, 0x800c, 0x800c, 0x800c, 0x7ffd, 0x7f92,
   0x800c, 0x7fee, 0x7fcf, 0x7ffd, 0x801c, 0x802b, 0x802b, 0x800c, 0x7ffd,
   0x800c, 0x7ffd, 0x800c, 0x802b, 0x802b, 0x7fde, 0x803a, 0x8078, 0x801c,
   0x7fee, 0x801c, 0x800c, 0x800c, 0x7fee, 0x7fb0, 0x800c, 0x7fde, 0x7f92,
   0x7fb0, 0x7ffd, 0x7fb0, 0x7fee, 0x7fcf, 0x802b, 0x804a, 0x803a, 0x801c,
   0x7fde, 0x7fee, 0x7fcf, 0x7fcf, 0x800c, 0x802b, 0x801c, 0x802b, 0x802b,
   0x7ffd, 0x800c, 0x802b, 0x803a, 0x800c, 0x803a, 0x804a, 0x801c, 0x7fee,
   0x7fde, 0x800c, 0x801c, 0x7fc0, 0x7ffd, 0x8059, 0x803a, 0x7ffd, 0x7fcf,
   0x800c, 0x803a, 0x802b, 0x801c, 0x7fde, 0x7fb0, 0x800c, 0x7fde, 0x803a,
   0x800c, 0x800c, 0x800c, 0x7ffd, 0x7fcf, 0x7fa1, 0x7fee, 0x7ffd, 0x800c,
   0x801c, 0x7fde, 0x7fde, 0x804a, 0x804a, 0x7fb0, 0x800c, 0x7fee, 0x7fb0,
   0x7fee, 0x7fc0, 0x7ffd, 0x802b, 0x800c, 0x800c, 0x800c, 0x7fcf, 0x7fb0,
   0x7fee, 0x7fde, 0x7fee, 0x803a, 0x7fee, 0x800c, 0x801c, 0x7fcf, 0x803a,
   0x803a, 0x8068, 0x8078, 0x804a, 0x802b, 0x801c, 0x7fde, 0x7fee, 0x7ffd,
   0x7ffd, 0x800c, 0x7ffd, 0x8068, 0x7fee, 0x802b, 0x7fee, 0x7fb0, 0x7fee,
   0x800c, 0x803a, 0x801c, 0x7fb0, 0x7ffd, 0x7fde, 0x7ffd, 0x7fc0, 0x7f64,
   0x7e40, 0x7cde, 0x7b03, 0x7b50, 0x7c64, 0x7e6e, 0x7fb0, 0x815e, 0x8225,
   0x8262, 0x8290, 0x8206, 0x81f7, 0x81c9, 0x81aa, 0x81aa, 0x8130, 0x814e,
   0x80f2, 0x80d4, 0x80b5, 0x80e3, 0x800c, 0x804a, 0x800c, 0x7fde, 0x7fa1,
   0x7fee, 0x800c, 0x801c, 0x7fee, 0x800c, 0x801c, 0x802b, 0x7fee, 0x7fb0,
   0x7f92, 0x7ffd, 0x7fcf, 0x7fee, 0x7fde, 0x7fee, 0x7fc0, 0x800c, 0x803a,
   0x800c, 0x7fde, 0x800c, 0x802b, 0x7fc0, 0x7fc0, 0x7fee, 0x7fb0, 0x7fc0,
   0x7fc0, 0x7fde, 0x800c, 0x800c, 0x7fcf, 0x802b, 0x7ffd, 0x7ffd, 0x7fee,
   0x7ffd, 0x8059, 0x802b, 0x7fcf, 0x802b, 0x804a, 0x7fcf, 0x7fee, 0x803a,
   0x800c, 0x800c, 0x802b, 0x7ffd, 0x8059, 0x7fee, 0x7f92, 0x7f92, 0x7fcf,
   0x7fcf, 0x7ffd, 0x7fde, 0x7ffd, 0x800c, 0x800c, 0x801c, 0x7ffd, 0x801c,
   0x801c, 0x7ffd, 0x803a, 0x7ffd, 0x800c, 0x803a, 0x7fee, 0x7fb0, 0x803a,
   0x800c, 0x802b, 0x801c, 0x801c, 0x8087, 0x803a, 0x802b, 0x802b, 0x803a,
   0x802b, 0x804a, 0x801c, 0x7fee, 0x800c, 0x802b, 0x801c, 0x802b, 0x804a,
   0x801c, 0x800c, 0x802b, 0x800c, 0x800c, 0x800c, 0x7fb0, 0x7fc0, 0x7fde,
   0x7fee, 0x802b, 0x7fa1, 0x800c, 0x7fde, 0x800c, 0x800c, 0x801c, 0x801c,
   0x8068, 0x7ffd, 0x7fee, 0x7fee, 0x7fc0, 0x7fcf, 0x7ffd, 0x7ffd, 0x7fde,
   0x7ffd, 0x7fee, 0x7fc0, 0x7ffd, 0x7fc0, 0x7fcf, 0x7fc0, 0x801c, 0x7ffd,
   0x7fee, 0x8059, 0x800c, 0x7ffd, 0x800c, 0x7fee, 0x800c, 0x803a, 0x7fee,
   0x800c, 0x7ffd, 0x7fee, 0x7fde, 0x7fa1, 0x7fb0, 0x7fb0, 0x7fcf, 0x802b,
   0x7fee, 0x800c, 0x800c, 0x7fee, 0x7fcf, 0x7fde, 0x804a, 0x803a, 0x7fcf,
   0x7fee, 0x7fa1, 0x7fc0, 0x7fee, 0x7ffd, 0x7fcf, 0x800c, 0x800c, 0x7fde,
   0x7fa1, 0x7fa1, 0x7fcf, 0x800c, 0x7fc0, 0x801c, 0x802b, 0x7ffd, 0x7fde,
   0x8078, 0x8068, 0x800c, 0x7ffd, 0x800c, 0x803a, 0x800c, 0x801c, 0x804a,
   0x7fa1, 0x800c, 0x800c, 0x801c, 0x800c, 0x800c, 0x800c, 0x7fde, 0x7fb0,
   0x7fc0, 0x7fee, 0x803a, 0x804a, 0x7ffd, 0x7fb0, 0x7fee, 0x7fc0, 0x7fee,
   0x7fcf, 0x7fb0, 0x7ffd, 0x802b, 0x8068, 0x801c, 0x800c, 0x7fee, 0x7fee,
   0x8068, 0x8078, 0x8059, 0x804a, 0x801c, 0x801c, 0x804a, 0x801c, 0x803a,
   0x7fc0, 0x7fb0, 0x7fb0, 0x7fc0, 0x7fcf, 0x7fde, 0x800c, 0x802b, 0x7fde,
   0x7ffd, 0x804a, 0x8068, 0x804a, 0x802b, 0x7fcf, 0x7fcf, 0x7fee, 0x7fde,
   0x7fb0, 0x7fc0, 0x7fb0, 0x800c, 0x802b, 0x7ffd, 0x7fcf, 0x7f92, 0x7fb0,
   0x7fb0, 0x7fee, 0x800c, 0x7ffd, 0x8078, 0x802b, 0x7fde, 0x802b, 0x800c,
   0x7ffd, 0x7fde, 0x7fc0, 0x7fde, 0x7fde, 0x7ffd, 0x801c, 0x7fde, 0x800c,
   0x800c, 0x7fee, 0x7ffd, 0x800c, 0x8068, 0x7fde, 0x7fcf, 0x803a, 0x8059,
   0x803a, 0x802b, 0x801c, 0x802b, 0x800c, 0x800c, 0x7ffd, 0x7fb0, 0x7fb0,
   0x7fc0, 0x7f92, 0x7fb0, 0x7f82, 0x7fa1, 0x7fa1, 0x7fee, 0x7fcf, 0x800c,
   0x7fcf, 0x7fee, 0x800c, 0x803a, 0x800c, 0x804a, 0x801c, 0x7fcf, 0x7fcf,
   0x803a, 0x7fcf, 0x803a, 0x7fde, 0x804a, 0x7fde, 0x7fee, 0x800c, 0x801c,
   0x7fcf, 0x7fc0, 0x801c, 0x8078, 0x801c, 0x7ffd, 0x7fcf, 0x7fcf, 0x7fa1,
   0x7fa1, 0x7fb0, 0x7fc0, 0x801c, 0x7fee, 0x801c, 0x800c, 0x7fcf, 0x803a,
   0x800c, 0x800c, 0x7fde, 0x7fee, 0x7ffd, 0x7fc0, 0x801c, 0x802b, 0x7fcf,
   0x800c, 0x7fcf, 0x7fee, 0x800c, 0x7fee, 0x7fee, 0x7fcf, 0x7fcf, 0x800c,
   0x7ffd, 0x802b, 0x7fb0, 0x7fde, 0x7fc0, 0x7fb0, 0x7ffd, 0x800c, 0x7fcf,
   0x7ffd, 0x800c, 0x7fee, 0x7fde, 0x7fde, 0x7fde, 0x7ffd, 0x7fc0, 0x7f82,
   0x7fa1, 0x7ffd, 0x7fb0, 0x7fcf, 0x804a, 0x801c, 0x7fde, 0x7ffd, 0x800c,
   0x8087, 0x7fde, 0x802b, 0x8096, 0x8078, 0x7f92, 0x7e6e, 0x7c64, 0x7b9c,
   0x7c64, 0x7de4, 0x7fee, 0x8130, 0x8206, 0x82a0, 0x82be, 0x8290, 0x8253,
   0x8234, 0x8253, 0x8206, 0x81c9, 0x816d, 0x813f, 0x815e, 0x8111, 0x80e3,
   0x8130, 0x8087, 0x800c, 0x800c, 0x804a, 0x8059, 0x8068, 0x8096, 0x8059,
   0x7fee, 0x803a, 0x802b, 0x8059, 0x801c, 0x802b, 0x802b, 0x7fc0, 0x802b,
   0x7fee, 0x800c, 0x7fee, 0x7fcf, 0x7fc0, 0x7fb0, 0x7fde, 0x801c, 0x8078,
   0x804a, 0x800c, 0x7ffd, 0x7fde, 0x7fde, 0x7f92, 0x7fb0, 0x7fcf, 0x7ffd,
   0x803a, 0x803a, 0x800c, 0x7fc0, 0x7fa1, 0x7f82, 0x7fc0, 0x7fc0, 0x800c,
   0x7fcf, 0x7ffd, 0x7ffd, 0x7fde, 0x7f64, 0x7f92, 0x7fb0, 0x7fcf, 0x7fde,
   0x7fa1, 0x7fde, 0x7fb0, 0x7fa1, 0x7f26, 0x7f36, 0x7f45, 0x7f64, 0x7f73,
   0x7f64, 0x7fa1, 0x7fcf, 0x7fde, 0x7fee, 0x803a, 0x800c, 0x802b, 0x801c,
   0x7fee, 0x7ffd, 0x7fc0, 0x7ffd, 0x7fb0, 0x7fb0, 0x7fcf, 0x7fa1, 0x7fee,
   0x800c, 0x8059, 0x801c, 0x7ffd, 0x801c, 0x7fa1, 0x7fa1, 0x7fc0, 0x7fcf,
   0x7f92, 0x7ffd, 0x7fa1, 0x7fde, 0x802b, 0x7fde, 0x803a, 0x8078, 0x8068,
   0x7ffd, 0x803a, 0x802b, 0x804a, 0x802b, 0x800c, 0x800c, 0x7fde, 0x800c,
   0x7ffd, 0x7ffd, 0x7fcf, 0x7fc0, 0x7fb0, 0x7fde, 0x7fcf, 0x7fde, 0x8087,
   0x8059, 0x8078, 0x7fde, 0x804a, 0x801c, 0x7fee, 0x800c, 0x7ffd, 0x800c,
   0x7ffd, 0x800c, 0x7fee, 0x7fee, 0x800c, 0x7ffd, 0x7fee, 0x801c, 0x800c,
   0x800c, 0x80b5, 0x8078, 0x7fcf, 0x7f92, 0x7eda, 0x7df2, 0x7c08, 0x7af2,
   0x7bda, 0x7d4a, 0x7ef8, 0x8059, 0x818c, 0x8234, 0x82dd, 0x82fc, 0x8244,
   0x8206, 0x81ba, 0x813f, 0x814e, 0x8120, 0x80f2, 0x8096, 0x80f2, 0x80d4,
   0x80a6, 0x80a6, 0x803a, 0x7fee, 0x7fcf, 0x803a, 0x803a, 0x8087, 0x804a,
   0x803a, 0x8078, 0x802b, 0x802b, 0x802b, 0x80a6, 0x8059, 0x8068, 0x8078,
   0x7fee, 0x803a, 0x802b, 0x802b, 0x7fa1, 0x7fcf, 0x7fde, 0x7fcf, 0x7fde,
   0x7fee, 0x7fcf, 0x7fee, 0x800c, 0x7ffd, 0x7fee, 0x7fcf, 0x7fb0, 0x7fcf,
   0x7fc0, 0x7fee, 0x7fcf, 0x7fb0, 0x7fcf, 0x7fa1, 0x7fc0, 0x800c, 0x7fb0,
   0x7f64, 0x7ffd, 0x800c, 0x800c, 0x800c, 0x800c, 0x7fde, 0x7fde, 0x7fc0,
   0x800c, 0x7fcf, 0x7fa1, 0x7fa1, 0x7f26, 0x7f54, 0x7ef8, 0x7f82, 0x7fa1,
   0x7fc0, 0x7f64, 0x7fde, 0x7fcf, 0x7fde, 0x7fee, 0x7fee, 0x7ffd, 0x7fcf,
   0x7fc0, 0x7fa1, 0x7fc0, 0x7fcf, 0x800c, 0x7fcf, 0x7f64, 0x7f73, 0x7f82,
   0x7fb0, 0x7fde, 0x7fa1, 0x7fde, 0x800c, 0x7ffd, 0x7fcf, 0x7fc0, 0x7fee,
   0x7fee, 0x7fee, 0x7fa1, 0x7f92, 0x7fcf, 0x7fcf, 0x7fa1, 0x7fee, 0x802b,
   0x7ffd, 0x800c, 0x7fee, 0x800c, 0x7ffd, 0x7ffd, 0x800c, 0x7f92, 0x800c,
   0x802b, 0x7fee, 0x7ffd, 0x7ffd, 0x804a, 0x800c, 0x804a, 0x804a, 0x802b,
   0x800c, 0x801c, 0x801c, 0x800c, 0x7fde, 0x7fc0, 0x7f92, 0x800c, 0x800c,
   0x8078, 0x8096, 0x8096, 0x7fde, 0x7fa1, 0x7fc0, 0x7f92, 0x7fde, 0x7fcf,
   0x7fc0, 0x7fcf, 0x7fde, 0x7ffd, 0x7fde, 0x7fcf, 0x7fb0, 0x7fa1, 0x7fa1,
   0x7fb0, 0x802b, 0x7f73, 0x7fde, 0x7fc0, 0x7fee, 0x7fcf, 0x8068, 0x804a,
   0x8078, 0x8059, 0x7fee, 0x800c, 0x803a, 0x801c, 0x801c, 0x804a, 0x800c,
   0x8087, 0x8087, 0x80c4, 0x80e3, 0x80d4, 0x80a6, 0x8087, 0x8068, 0x8078,
   0x8068, 0x8068, 0x802b, 0x800c, 0x804a, 0x8078, 0x802b, 0x801c, 0x802b,
   0x8096, 0x80f2, 0x80b5, 0x801c, 0x7fb0, 0x7fde, 0x801c, 0x800c, 0x8059,
   0x80c4, 0x8068, 0x8087, 0x803a, 0x8059, 0x800c, 0x7fcf, 0x7ffd, 0x7ffd,
   0x7fc0, 0x7fcf, 0x7fde, 0x7f92, 0x801c, 0x800c, 0x7fee, 0x800c, 0x8078,
   0x802b, 0x800c, 0x800c, 0x7fee, 0x7ffd, 0x800c, 0x803a, 0x8059, 0x803a,
   0x8078, 0x800c, 0x7fde, 0x800c, 0x802b, 0x802b, 0x8078, 0x804a, 0x8059,
   0x800c, 0x800c, 0x7fcf, 0x7fb0, 0x7f92, 0x7f82, 0x7f92, 0x7fcf, 0x7fde,
   0x7fee, 0x7fb0, 0x7fcf, 0x7fc0, 0x7fb0, 0x7fee, 0x7fc0, 0x7fc0, 0x7fb0,
   0x7fcf, 0x7fde, 0x7ffd, 0x801c, 0x7fee, 0x7fc0, 0x7f08, 0x7fa1, 0x7f64,
   0x7f45, 0x7f73, 0x7fb0, 0x7f73, 0x7f45, 0x7f64, 0x7f73, 0x7f92, 0x7f92,
   0x7f64, 0x7f08, 0x7f36, 0x7fcf, 0x7fc0, 0x7fcf, 0x7fc0, 0x7fa1, 0x7fb0,
   0x7fc0, 0x7fc0, 0x7fee, 0x7fc0, 0x7fb0, 0x7f92, 0x7fc0, 0x7fa1, 0x800c,
   0x800c, 0x800c, 0x7fc0, 0x7f54, 0x7f82, 0x7fa1, 0x7f82, 0x7f45, 0x7f92,
   0x7f73, 0x7f26, 0x7f73, 0x7fee, 0x7f92, 0x7f64, 0x7fa1, 0x7fb0, 0x7f92,
   0x7fa1, 0x7fa1, 0x7f08, 0x7f45, 0x7f45, 0x7f26, 0x7f45, 0x7fa1, 0x7f92,
   0x7fa1, 0x7fa1, 0x7f73, 0x7ffd, 0x7fde, 0x800c, 0x7fde, 0x7f92, 0x7f73,
   0x7f73, 0x7fde, 0x7fc0, 0x7fa1, 0x7f82, 0x7f92, 0x7f92, 0x7fb0, 0x7fb0,
   0x7fc0, 0x7fde, 0x7fde, 0x7fb0, 0x7fee, 0x800c, 0x7fa1, 0x7f82, 0x7f73,
   0x7fcf, 0x7fa1, 0x7fb0, 0x7fa1, 0x7fb0, 0x7fcf, 0x7fb0, 0x7fb0, 0x7fc0,
   0x7fee, 0x7fb0, 0x7fb0, 0x7f45, 0x7fa1, 0x7f82, 0x7fb0, 0x7fb0, 0x7fcf,
   0x7fee, 0x802b, 0x7ffd, 0x7fcf, 0x7ffd, 0x7fde, 0x7fb0, 0x7fde, 0x7fde,
   0x7fee, 0x7ffd, 0x7fcf, 0x7fde, 0x802b, 0x800c, 0x7fee, 0x7fee, 0x7fee,
   0x7fde, 0x7fde, 0x803a, 0x7ffd, 0x7ffd, 0x802b, 0x7fde, 0x800c, 0x7fee,
   0x7fcf, 0x7fcf, 0x804a, 0x7ffd, 0x7ffd, 0x7f92, 0x7fde, 0x7fde, 0x7f92,
   0x7ffd, 0x7fde, 0x800c, 0x7fee, 0x801c, 0x801c, 0x804a, 0x8068, 0x8096,
   0x8068, 0x801c, 0x7ffd, 0x7ffd, 0x804a, 0x7ffd, 0x7ffd, 0x7fcf, 0x7fee,
   0x7fee, 0x7fcf, 0x800c, 0x7fc0, 0x7fb0, 0x7f82, 0x7fde, 0x7fa1, 0x7fcf,
   0x800c, 0x7fee, 0x804a, 0x800c, 0x800c, 0x8059, 0x801c, 0x803a, 0x800c,
   0x801c, 0x7ffd, 0x7ffd, 0x7fa1, 0x7fa1, 0x7fcf, 0x800c, 0x801c, 0x7fb0,
   0x7fc0, 0x800c, 0x7fde, 0x7fee, 0x7fc0, 0x800c, 0x7ffd, 0x800c, 0x804a,
   0x800c, 0x7ffd, 0x7fb0, 0x7f73, 0x7fc0, 0x800c, 0x7fde, 0x7f92, 0x7fee,
   0x7fee, 0x7ffd, 0x8078, 0x804a, 0x802b, 0x7ffd, 0x802b, 0x8059, 0x803a,
   0x7fcf, 0x7fb0, 0x7fcf, 0x7fc0, 0x7fcf, 0x7fee, 0x7ffd, 0x7fb0, 0x7fee,
   0x7ffd, 0x800c, 0x800c, 0x801c, 0x803a, 0x7fcf, 0x7ffd, 0x802b, 0x804a,
   0x8059, 0x803a, 0x804a, 0x8059, 0x8059, 0x8078, 0x80c4, 0x7fc0, 0x7f64,
   0x7f82, 0x800c, 0x803a, 0x804a, 0x8078, 0x8078, 0x8096, 0x8059, 0x8087,
   0x8068, 0x80d4, 0x8059, 0x804a, 0x804a, 0x801c, 0x8096, 0x803a, 0x802b,
   0x7fee, 0x800c, 0x7fc0, 0x7fb0, 0x7fee, 0x800c, 0x7fee, 0x800c, 0x801c,
   0x8078, 0x802b, 0x801c, 0x804a, 0x8059, 0x800c, 0x7ffd, 0x8087, 0x8068,
   0x8059, 0x8059, 0x8096, 0x8087, 0x803a, 0x802b, 0x800c, 0x801c, 0x7fa1,
   0x7fee, 0x8059, 0x801c, 0x7fee, 0x803a, 0x8059, 0x800c, 0x7fc0, 0x7fc0,
   0x7fc0, 0x7fde, 0x7fb0, 0x7fa1, 0x800c, 0x7ffd, 0x800c, 0x7fcf, 0x7f82,
   0x7fb0, 0x7fcf, 0x7fa1, 0x7fb0, 0x7fb0, 0x800c, 0x7fde, 0x7fde, 0x7fde,
   0x7fcf, 0x7ffd, 0x7f92, 0x7fa1, 0x7fa1, 0x7fb0, 0x7fcf, 0x7ffd, 0x803a,
   0x801c, 0x7ffd, 0x7fb0, 0x7f73, 0x7fc0, 0x7f54, 0x7f82, 0x7fa1, 0x7fa1,
   0x7fa1, 0x7f92, 0x7f82, 0x7f82, 0x7fcf, 0x7fb0, 0x7f64, 0x7f82, 0x7fee,
   0x7fb0, 0x7fee, 0x7fb0, 0x7fa1, 0x7f73, 0x800c, 0x7fb0, 0x7fa1, 0x7f73,
   0x7fcf, 0x7fc0, 0x7fb0, 0x7f82, 0x7f54, 0x7f73, 0x7fcf, 0x7fb0, 0x7f82,
   0x7fc0, 0x7fb0, 0x7fa1, 0x7fde, 0x7fb0, 0x7fa1, 0x7f92, 0x7f64, 0x7fc0,
   0x7fc0, 0x803a, 0x7fee, 0x7fde, 0x7fc0, 0x7fb0, 0x7f92, 0x7f64, 0x7f73,
   0x7fb0, 0x7fb0, 0x7fcf, 0x7fb0, 0x7f92, 0x7f92, 0x7f73, 0x7fde, 0x800c,
   0x7fcf, 0x7fde, 0x7fee, 0x7fcf, 0x7f92, 0x7fa1, 0x801c, 0x7fee, 0x7fcf,
   0x7f92, 0x7fee, 0x7fb0, 0x7fde, 0x7fcf, 0x7fa1, 0x7fde, 0x7fb0, 0x7fcf,
   0x7ffd, 0x800c, 0x7fa1, 0x7fc0, 0x7fee, 0x7fee, 0x7fee, 0x804a, 0x801c,
   0x802b, 0x802b, 0x8096, 0x800c, 0x800c, 0x7fc0, 0x7ffd, 0x7ffd, 0x800c,
   0x801c, 0x7fc0, 0x7fb0, 0x7f82, 0x7fb0, 0x7f92, 0x7fc0, 0x7fb0, 0x7fde,
   0x7ffd, 0x7fcf, 0x7fc0, 0x7fb0, 0x7fde, 0x800c, 0x7fde, 0x800c, 0x800c,
   0x800c, 0x800c, 0x7ffd, 0x7f92, 0x7f92, 0x7fee, 0x800c, 0x7fa1, 0x7ffd,
   0x800c, 0x7fee, 0x800c, 0x7ffd, 0x802b, 0x800c, 0x800c, 0x801c, 0x800c,
   0x7fee, 0x7fb0, 0x7fee, 0x7fee, 0x800c, 0x800c, 0x7fee, 0x802b, 0x8059,
   0x804a, 0x7fee, 0x7fde, 0x7fa1, 0x7fde, 0x7fde, 0x802b, 0x804a, 0x800c,
   0x801c, 0x8059, 0x802b, 0x801c, 0x7ffd, 0x800c, 0x804a, 0x7ffd, 0x802b,
   0x8059, 0x804a, 0x8068, 0x800c, 0x7ffd, 0x800c, 0x800c, 0x804a, 0x803a,
   0x8078, 0x802b, 0x804a, 0x7fde, 0x802b, 0x800c, 0x7ffd, 0x801c, 0x8059,
   0x8059, 0x8078, 0x800c, 0x8059, 0x802b, 0x8059, 0x804a, 0x804a, 0x803a,
   0x803a, 0x7ffd, 0x803a, 0x802b, 0x7ffd, 0x7fee, 0x800c, 0x7fee, 0x803a,
   0x803a, 0x7ffd, 0x800c, 0x800c, 0x800c, 0x802b, 0x803a, 0x800c, 0x801c,
   0x804a, 0x8068, 0x8059, 0x8078, 0x803a, 0x8059, 0x800c, 0x800c, 0x803a,
   0x803a, 0x804a, 0x803a, 0x8059, 0x804a, 0x8059, 0x80a6, 0x80b5, 0x80a6,
   0x8096, 0x8068, 0x802b, 0x800c, 0x7ffd, 0x803a, 0x8059, 0x800c, 0x801c,
   0x7fee, 0x802b, 0x800c, 0x7fc0, 0x800c, 0x7fc0, 0x801c, 0x800c, 0x7fcf,
   0x800c, 0x800c, 0x800c, 0x7fee, 0x7fde, 0x804a, 0x801c, 0x8059, 0x804a,
   0x800c, 0x8087, 0x8078, 0x802b, 0x7ffd, 0x802b, 0x800c, 0x802b, 0x802b,
   0x801c, 0x802b, 0x8059, 0x801c, 0x803a, 0x802b, 0x7fde, 0x7ffd, 0x7fcf,
   0x7fde, 0x800c, 0x800c, 0x802b, 0x801c, 0x7fde, 0x800c, 0x800c, 0x803a,
   0x800c, 0x80c4, 0x80c4, 0x8059, 0x800c, 0x801c, 0x804a, 0x801c, 0x8059,
   0x803a, 0x801c, 0x802b, 0x804a, 0x800c, 0x800c, 0x801c, 0x7fcf, 0x7fde,
   0x7fee, 0x800c, 0x7fde, 0x802b, 0x803a, 0x802b, 0x803a, 0x800c, 0x802b,
   0x8059, 0x803a, 0x8068, 0x80a6, 0x8087, 0x800c, 0x800c, 0x800c, 0x7fc0,
   0x7fde, 0x7fee, 0x7fc0, 0x7fcf, 0x7fcf, 0x7fb0, 0x802b, 0x8068, 0x804a,
   0x8078, 0x801c, 0x7ffd, 0x800c, 0x802b, 0x7ffd, 0x8059, 0x802b, 0x802b,
   0x802b, 0x7ffd, 0x800c, 0x7ffd, 0x8096, 0x804a, 0x803a, 0x7fee, 0x801c,
   0x801c, 0x804a, 0x8068, 0x802b, 0x800c, 0x7fde, 0x800c, 0x802b, 0x7fee,
   0x7fde, 0x800c, 0x800c, 0x800c, 0x802b, 0x801c, 0x803a, 0x800c, 0x801c,
   0x7fcf, 0x800c, 0x800c, 0x802b, 0x8059, 0x8068, 0x8068, 0x8068, 0x800c,
   0x7ffd, 0x8059, 0x802b, 0x8059, 0x7fee, 0x7ffd, 0x7ffd, 0x8059, 0x803a,
   0x80c4, 0x8087, 0x8096, 0x8078, 0x804a, 0x7fde, 0x7fde, 0x7fde, 0x7fee,
   0x7ffd, 0x801c, 0x7fcf, 0x7fde, 0x7fee, 0x7fcf, 0x7f82, 0x7fc0, 0x7fcf,
   0x7fee, 0x7ffd, 0x804a, 0x804a, 0x803a, 0x802b, 0x802b, 0x802b, 0x801c,
   0x802b, 0x802b, 0x7fde, 0x7ffd, 0x7fde, 0x800c, 0x7fee, 0x7fcf, 0x7fcf,
   0x800c, 0x7fde, 0x7fb0, 0x7fcf, 0x800c, 0x7fde, 0x802b, 0x7fa1, 0x7fcf,
   0x7ffd, 0x801c, 0x800c, 0x8078, 0x7fee, 0x7fcf, 0x800c, 0x7fcf, 0x801c,
   0x7fde, 0x802b, 0x801c, 0x800c, 0x7fb0, 0x7ffd, 0x8059, 0x801c, 0x800c,
   0x803a, 0x800c, 0x7fde, 0x800c, 0x7fee, 0x7fb0, 0x7fcf, 0x7ffd, 0x7fde,
   0x7fee, 0x7ffd, 0x804a, 0x8078, 0x7fcf, 0x7fc0, 0x7fde, 0x7ffd, 0x7fee,
   0x7ffd, 0x802b, 0x804a, 0x802b, 0x8068, 0x7fee, 0x803a, 0x8068, 0x803a,
   0x802b, 0x801c, 0x801c, 0x803a, 0x802b, 0x800c, 0x802b, 0x803a, 0x802b,
   0x8078, 0x804a, 0x803a, 0x801c, 0x800c, 0x800c, 0x7fee, 0x7ffd, 0x7fde,
   0x7fee, 0x800c, 0x800c, 0x7fee, 0x804a, 0x7ffd, 0x801c, 0x801c, 0x800c,
   0x802b, 0x801c, 0x7fde, 0x7f92, 0x7fee, 0x800c, 0x7fee, 0x801c, 0x800c,
   0x804a, 0x801c, 0x7fee, 0x800c, 0x7fb0, 0x801c, 0x8059, 0x7ffd, 0x7fc0,
   0x800c, 0x801c, 0x803a, 0x80b5, 0x802b, 0x800c, 0x800c, 0x7fee, 0x7fa1,
   0x800c, 0x7fcf, 0x7fc0, 0x7fde, 0x800c, 0x7fee, 0x7fde, 0x7f92, 0x7fcf,
   0x7fcf, 0x801c, 0x7fde, 0x7f92, 0x7f82, 0x7ffd, 0x800c, 0x800c, 0x800c,
   0x800c, 0x7fcf, 0x800c, 0x7ffd, 0x801c, 0x7fc0, 0x801c, 0x800c, 0x802b,
   0x800c, 0x7fde, 0x7ffd, 0x7fcf, 0x7fb0, 0x7fde, 0x7fb0, 0x7fcf, 0x7fee,
   0x800c, 0x802b, 0x7fcf, 0x7ffd, 0x7fee, 0x7fee, 0x7fee, 0x7fcf, 0x802b,
   0x801c, 0x802b, 0x802b, 0x801c, 0x803a, 0x800c, 0x7fcf, 0x800c, 0x801c,
   0x8059, 0x803a, 0x802b, 0x801c, 0x801c, 0x804a, 0x802b, 0x804a, 0x801c,
   0x7ffd, 0x801c, 0x800c, 0x801c, 0x7ffd, 0x8068, 0x7ffd, 0x803a, 0x7ffd,
   0x802b, 0x801c, 0x800c, 0x7fcf, 0x7fc0, 0x7fb0, 0x801c, 0x803a, 0x802b,
   0x803a, 0x801c, 0x801c, 0x8068, 0x7f17, 0x7e12, 0x7c26, 0x7b31, 0x7c26,
   0x7d68, 0x7f82, 0x80f2, 0x81c9, 0x8206, 0x8272, 0x8281, 0x8272, 0x81f7,
   0x8216, 0x81ba, 0x8206, 0x818c, 0x814e, 0x814e, 0x80e3, 0x8096, 0x804a,
   0x8059, 0x803a, 0x802b, 0x801c, 0x801c, 0x8087, 0x804a, 0x800c, 0x802b,
   0x8059, 0x802b, 0x801c, 0x800c, 0x803a, 0x7fcf, 0x7fcf, 0x7fee, 0x7fc0,
   0x7ffd, 0x7fee, 0x7ffd, 0x800c, 0x7fde, 0x803a, 0x804a, 0x800c, 0x802b,
   0x800c, 0x802b, 0x801c, 0x802b, 0x801c, 0x804a, 0x7fee, 0x804a, 0x800c,
   0x802b, 0x802b, 0x800c, 0x804a, 0x8078, 0x804a, 0x80a6, 0x800c, 0x801c,
   0x8059, 0x802b, 0x7fde, 0x800c, 0x7fde, 0x800c, 0x7ffd, 0x7fcf, 0x801c,
   0x7fc0, 0x7fee, 0x7fde, 0x7ffd, 0x7fee, 0x7fde, 0x800c, 0x801c, 0x7fa1,
   0x800c, 0x7fee, 0x7fc0, 0x800c, 0x7fc0, 0x802b, 0x7ffd, 0x7fde, 0x7fa1,
   0x800c, 0x802b, 0x7ffd, 0x7fee, 0x800c, 0x7fb0, 0x7fa1, 0x7fc0, 0x800c,
   0x7fee, 0x7fc0, 0x800c, 0x7fcf, 0x7fc0, 0x7fc0, 0x7ffd, 0x801c, 0x800c,
   0x7fde, 0x7ffd, 0x7fee, 0x7ffd, 0x803a, 0x7ffd, 0x7fcf, 0x7fee, 0x7fde,
   0x800c, 0x7fc0, 0x7ffd, 0x7fc0, 0x7f92, 0x7f54, 0x7fcf, 0x7ffd, 0x7fcf,
   0x7fde, 0x7fa1, 0x7fde, 0x7fc0, 0x7fb0, 0x7fee, 0x7fde, 0x7fee, 0x7ffd,
   0x7f92, 0x7fb0, 0x7fcf, 0x7fb0, 0x7fde, 0x7fcf, 0x7ffd, 0x7fee, 0x800c,
   0x7ffd, 0x7f92, 0x7fc0, 0x7fcf, 0x801c, 0x7fcf, 0x7ffd, 0x7fde, 0x800c,
   0x7ffd, 0x8059, 0x7ffd, 0x8059, 0x800c, 0x7fee, 0x7fa1, 0x800c, 0x7ffd,
   0x801c, 0x7ffd, 0x7fcf, 0x7fb0, 0x7fcf, 0x804a, 0x800c, 0x7fde, 0x801c,
   0x7ffd, 0x7ffd, 0x7fde, 0x7fde, 0x801c, 0x7fb0, 0x7fb0, 0x7fcf, 0x7ffd,
   0x7fa1, 0x7fcf, 0x7fc0, 0x7fcf, 0x7fc0, 0x7fc0, 0x7fee, 0x7fb0, 0x7fb0,
   0x7fcf, 0x7f82, 0x7fde, 0x7fcf, 0x7fee, 0x800c, 0x800c, 0x800c, 0x7fb0,
   0x7fcf, 0x7fee, 0x7fc0, 0x7fde, 0x7fc0, 0x800c, 0x803a, 0x803a, 0x803a,
   0x802b, 0x800c, 0x7fcf, 0x7fde, 0x801c, 0x801c, 0x801c, 0x7fcf, 0x7fc0,
   0x7fde, 0x7fde, 0x7fee, 0x801c, 0x801c, 0x8068, 0x7fde, 0x800c, 0x802b,
   0x7fc0, 0x801c, 0x7ffd, 0x800c, 0x802b, 0x7ffd, 0x804a, 0x7fde, 0x7fde,
   0x7ffd, 0x7fde, 0x802b, 0x7ffd, 0x802b, 0x802b, 0x7fde, 0x7fee, 0x8059,
   0x800c, 0x801c, 0x7ffd, 0x7fee, 0x7fc0, 0x800c, 0x800c, 0x7fde, 0x800c,
   0x804a, 0x800c, 0x7fb0, 0x7f73, 0x7fa1, 0x7fde, 0x7ffd, 0x7f92, 0x7fa1,
   0x800c, 0x800c, 0x802b, 0x7fee, 0x7ffd, 0x800c, 0x7ffd, 0x800c, 0x800c,
   0x800c, 0x7fde, 0x803a, 0x804a, 0x8059, 0x7fee, 0x801c, 0x802b, 0x804a,
   0x7fde, 0x800c, 0x8078, 0x803a, 0x802b, 0x802b, 0x804a, 0x800c, 0x801c,
   0x7ffd, 0x801c, 0x803a, 0x804a, 0x8068, 0x804a, 0x8068, 0x8068, 0x8068,
   0x801c, 0x8096, 0x8078, 0x802b, 0x7fee, 0x7fee, 0x800c, 0x800c, 0x800c,
   0x804a, 0x8096, 0x803a, 0x8078, 0x8078, 0x803a, 0x803a, 0x8068, 0x801c,
   0x7fee, 0x802b, 0x8059, 0x80b5, 0x803a, 0x802b, 0x802b, 0x8059, 0x7ffd,
   0x802b, 0x800c, 0x802b, 0x803a, 0x803a, 0x8078, 0x802b, 0x8059, 0x803a,
   0x8059, 0x8078, 0x8096, 0x8087, 0x8068, 0x8068, 0x804a, 0x8059, 0x8059,
   0x80a6, 0x8068, 0x8068, 0x803a, 0x8078, 0x804a, 0x8087, 0x80a6, 0x8087,
   0x8059, 0x8087, 0x801c, 0x8087, 0x8096, 0x80b5, 0x80a6, 0x80d4, 0x80f2,
   0x80d4, 0x8096, 0x80c4, 0x80d4, 0x80a6, 0x80e3, 0x80f2, 0x80e3, 0x80c4,
   0x80b5, 0x7fee, 0x802b, 0x8068, 0x801c, 0x800c, 0x803a, 0x8059, 0x803a,
   0x80a6, 0x8078, 0x803a, 0x803a, 0x804a, 0x8096, 0x80c4, 0x8059, 0x8078,
   0x804a, 0x801c, 0x802b, 0x8059, 0x8096, 0x80a6, 0x8068, 0x802b, 0x804a,
   0x80d4, 0x80c4, 0x803a, 0x8078, 0x8078, 0x8059, 0x8059, 0x803a, 0x804a,
   0x8087, 0x8078, 0x8102, 0x8120, 0x80b5, 0x8096, 0x8087, 0x80c4, 0x8096,
   0x8068, 0x8078, 0x7ffd, 0x804a, 0x8087, 0x8059, 0x8068, 0x8096, 0x801c,
   0x804a, 0x803a, 0x803a, 0x803a, 0x803a, 0x802b, 0x8078, 0x804a, 0x801c,
   0x802b, 0x803a, 0x8068, 0x8078, 0x80b5, 0x80b5, 0x8059, 0x804a, 0x8078,
   0x802b, 0x801c, 0x7ffd, 0x7ffd, 0x8059, 0x801c, 0x80c4, 0x8087, 0x8059,
   0x801c, 0x802b, 0x803a, 0x803a, 0x8068, 0x8059, 0x803a, 0x803a, 0x7f54,
   0x7e31, 0x7c82, 0x7b40, 0x7bf8, 0x7d68, 0x7f64, 0x8078, 0x81aa, 0x8225,
   0x8281, 0x8262, 0x8234, 0x8225, 0x81e8, 0x819b, 0x817c, 0x81ba, 0x81aa,
   0x813f, 0x80c4, 0x8102, 0x80b5, 0x80d4, 0x80d4, 0x80a6, 0x804a, 0x804a,
   0x7ffd, 0x801c, 0x801c, 0x7ffd, 0x7fc0, 0x7fcf, 0x800c, 0x800c, 0x7ffd,
   0x7fde, 0x802b, 0x801c, 0x800c, 0x7fb0, 0x7f92, 0x7fde, 0x7fa1, 0x7ffd,
   0x7fde, 0x7fc0, 0x7ffd, 0x7ffd, 0x7ffd, 0x7fcf, 0x7fb0, 0x7fcf, 0x7ffd,
   0x7fcf, 0x7ffd, 0x8059, 0x7ffd, 0x800c, 0x7fee, 0x7fcf, 0x7fcf, 0x7fde,
   0x804a, 0x803a, 0x7fee, 0x800c, 0x800c, 0x801c, 0x7fcf, 0x801c, 0x803a,
   0x801c, 0x801c, 0x7fde, 0x7ffd, 0x800c, 0x7f82, 0x7f82, 0x7fa1, 0x7ffd,
   0x7f92, 0x7fde, 0x7fee, 0x7fde, 0x7fc0, 0x801c, 0x803a, 0x801c, 0x7fa1,
   0x7fde, 0x800c, 0x7fee, 0x7fde, 0x7fa1, 0x7fc0, 0x7f92, 0x7fb0, 0x7fa1,
   0x7f92, 0x7fc0, 0x7fa1, 0x7f73, 0x7fa1, 0x7f92, 0x7f64, 0x7f73, 0x7f54,
   0x7f82, 0x7fa1, 0x7fa1, 0x7f82, 0x7f64, 0x7f73, 0x7fcf, 0x7fde, 0x7fee,
   0x7f82, 0x7f82, 0x7f54, 0x7f82, 0x7f73, 0x7f82, 0x7fb0, 0x7fcf, 0x7fc0,
   0x7fb0, 0x7f73, 0x7f54, 0x7f92, 0x7f73, 0x7f64, 0x7f82, 0x7f73, 0x7f92,
   0x7f73, 0x7fa1, 0x7fb0, 0x7ffd, 0x7fee, 0x7f92, 0x7f92, 0x7fcf, 0x7fc0,
   0x7f54, 0x7fb0, 0x7fde, 0x7f82, 0x7f45, 0x7f45, 0x7f64, 0x7f82, 0x7f92,
   0x7ffd, 0x7f82, 0x7fb0, 0x7f92, 0x7f64, 0x7fcf, 0x7ffd, 0x800c, 0x7fcf,
   0x7fc0, 0x7fc0, 0x8068, 0x800c, 0x7fee, 0x7fee, 0x800c, 0x7fb0, 0x7fcf,
   0x7f92, 0x7fb0, 0x7f45, 0x7fb0, 0x7fa1, 0x7fc0, 0x800c, 0x7ffd, 0x7fde,
   0x7fc0, 0x7fc0, 0x7fee, 0x7fb0, 0x7ffd, 0x7fcf, 0x7ffd, 0x7ffd, 0x800c,
   0x7ffd, 0x7ffd, 0x7fee, 0x7fee, 0x800c, 0x7fb0, 0x7fc0, 0x7fee, 0x7fcf,
   0x7fa1, 0x7fcf, 0x7ffd, 0x802b, 0x803a, 0x803a, 0x804a, 0x800c, 0x800c,
   0x7ffd, 0x7fc0, 0x802b, 0x8068, 0x804a, 0x7fa1, 0x7fde, 0x802b, 0x803a,
   0x7ffd, 0x7fee, 0x800c, 0x804a, 0x8078, 0x8059, 0x804a, 0x801c, 0x803a,
   0x803a, 0x804a, 0x804a, 0x800c, 0x801c, 0x803a, 0x8059, 0x8059, 0x804a,
   0x8068, 0x800c, 0x800c, 0x800c, 0x802b, 0x8068, 0x804a, 0x8078, 0x804a,
   0x802b, 0x8087, 0x8068, 0x8068, 0x802b, 0x804a, 0x802b, 0x7ffd, 0x802b,
   0x801c, 0x800c, 0x802b, 0x8096, 0x8087, 0x804a, 0x801c, 0x7ffd, 0x800c,
   0x803a, 0x804a, 0x803a, 0x800c, 0x803a, 0x800c, 0x8068, 0x8068, 0x804a,
   0x801c, 0x8068, 0x803a, 0x8068, 0x801c, 0x7ffd, 0x8059, 0x804a, 0x801c,
   0x803a, 0x8068, 0x804a, 0x803a, 0x803a, 0x800c, 0x803a, 0x8068, 0x8068,
   0x801c, 0x803a, 0x7fde, 0x80e3, 0x80c4, 0x803a, 0x8059, 0x803a, 0x804a,
   0x802b, 0x7fcf, 0x7fde, 0x802b, 0x804a, 0x802b, 0x8059, 0x80b5, 0x8130,
   0x8096, 0x8087, 0x8068, 0x804a, 0x804a, 0x7fee, 0x800c, 0x802b, 0x8059,
   0x8078, 0x8068, 0x803a, 0x8059, 0x8087, 0x7fee, 0x801c, 0x8059, 0x8078,
   0x8059, 0x8078, 0x802b, 0x7fee, 0x8087, 0x803a, 0x800c, 0x803a, 0x800c,
   0x804a, 0x800c, 0x801c, 0x802b, 0x7ffd, 0x801c, 0x800c, 0x801c, 0x803a,
   0x7fb0, 0x7fc0, 0x7fc0, 0x7fcf, 0x801c, 0x801c, 0x7fde, 0x7fb0, 0x800c,
   0x801c, 0x8059, 0x803a, 0x7fee, 0x800c, 0x8087, 0x8078, 0x7ffd, 0x8068,
   0x8087, 0x804a, 0x8059, 0x803a, 0x801c, 0x7fee, 0x803a, 0x7ffd, 0x7fc0,
   0x800c, 0x800c, 0x7fc0, 0x7ffd, 0x7ffd, 0x800c, 0x800c, 0x801c, 0x804a,
   0x801c, 0x7fee, 0x7ffd, 0x800c, 0x7fee, 0x802b, 0x804a, 0x801c, 0x801c,
   0x7ffd, 0x7ffd, 0x7fcf, 0x7ffd, 0x7fee, 0x802b, 0x801c, 0x7ffd, 0x7fb0,
   0x800c, 0x7ffd, 0x801c, 0x7ffd, 0x7fee, 0x7ffd, 0x7ffd, 0x800c, 0x801c,
   0x800c, 0x7fee, 0x7fb0, 0x7fee, 0x7fde, 0x7fb0, 0x7f73, 0x7f64, 0x7fcf,
   0x7f08, 0x7e7e, 0x7d0c, 0x7b50, 0x7b22, 0x7c36, 0x7e12, 0x7fc0, 0x8087,
   0x81aa, 0x81e8, 0x818c, 0x817c, 0x817c, 0x817c, 0x8120, 0x813f, 0x80f2,
   0x80e3, 0x8096, 0x8078, 0x803a, 0x8068, 0x8078, 0x8059, 0x8059, 0x803a,
   0x7fee, 0x800c, 0x7fee, 0x7ffd, 0x7fc0, 0x800c, 0x802b, 0x804a, 0x7fc0,
   0x7fcf, 0x7fb0, 0x800c, 0x801c, 0x800c, 0x800c, 0x800c, 0x7ffd, 0x800c,
   0x801c, 0x800c, 0x801c, 0x804a, 0x803a, 0x800c, 0x7fee, 0x7fde, 0x7fee,
   0x7fee, 0x7ffd, 0x800c, 0x800c, 0x7ffd, 0x801c, 0x7ffd, 0x800c, 0x7fee,
   0x7ffd, 0x7fde, 0x7fc0, 0x7f92, 0x800c, 0x7fee, 0x7fee, 0x800c, 0x7fee,
   0x800c, 0x7fee, 0x7fa1, 0x800c, 0x800c, 0x802b, 0x804a, 0x804a, 0x80a6,
   0x8096, 0x8096, 0x803a, 0x802b, 0x802b, 0x800c, 0x801c, 0x801c, 0x804a,
   0x803a, 0x804a, 0x803a, 0x801c, 0x803a, 0x8078, 0x804a, 0x7fee, 0x7fee,
   0x7ffd, 0x802b, 0x8078, 0x80a6, 0x80a6, 0x8059, 0x8068, 0x8078, 0x8059,
   0x801c, 0x8059, 0x802b, 0x80b5, 0x80c4, 0x800c, 0x802b, 0x804a, 0x8078,
   0x800c, 0x7ffd, 0x800c, 0x802b, 0x8059, 0x802b, 0x8059, 0x803a, 0x8096,
   0x8059, 0x8059, 0x801c, 0x7fee, 0x800c, 0x7ffd, 0x7fde, 0x7ffd, 0x802b,
   0x802b, 0x8068, 0x804a, 0x8087, 0x804a, 0x8087, 0x801c, 0x803a, 0x8059,
   0x80d4, 0x8068, 0x800c, 0x802b, 0x804a, 0x801c, 0x802b, 0x804a, 0x8087,
   0x80c4, 0x80d4, 0x804a, 0x802b, 0x802b, 0x804a, 0x800c, 0x7fee, 0x800c,
   0x801c, 0x802b, 0x7ffd, 0x801c, 0x8078, 0x7fee, 0x7ffd, 0x7ffd, 0x800c,
   0x802b, 0x800c, 0x7fee, 0x7ffd, 0x7fde, 0x7fde, 0x7ffd, 0x7ffd, 0x7fcf,
   0x7fc0, 0x7fcf, 0x7fcf, 0x7fde, 0x7fc0, 0x7fcf, 0x801c, 0x7fc0, 0x802b,
   0x802b, 0x802b, 0x7ffd, 0x7fee, 0x801c, 0x7fb0, 0x7ffd, 0x7fee, 0x803a,
   0x8078, 0x802b, 0x801c, 0x800c, 0x7fee, 0x7fee, 0x7fcf, 0x800c, 0x7ffd,
   0x801c, 0x800c, 0x7fee, 0x7ffd, 0x800c, 0x7f64, 0x7fb0, 0x7fde, 0x7f73,
   0x7fb0, 0x7fcf, 0x7fc0, 0x7fc0, 0x800c, 0x802b, 0x801c, 0x7fb0, 0x7fc0,
   0x7fde, 0x7f82, 0x7fee, 0x7fde, 0x802b, 0x801c, 0x802b, 0x803a, 0x803a,
   0x804a, 0x800c, 0x8068, 0x800c, 0x801c, 0x7ffd, 0x7fee, 0x7fc0, 0x800c,
   0x7ffd, 0x7ffd, 0x7fde, 0x800c, 0x803a, 0x7fcf, 0x7fcf, 0x800c, 0x800c,
   0x800c, 0x804a, 0x800c, 0x801c, 0x8068, 0x801c, 0x801c, 0x800c, 0x802b,
   0x7ffd, 0x8068, 0x803a, 0x804a, 0x803a, 0x804a, 0x804a, 0x800c, 0x800c,
   0x801c, 0x8096, 0x802b, 0x800c, 0x7fc0, 0x7fcf, 0x800c, 0x7fee, 0x802b,
   0x800c, 0x803a, 0x802b, 0x802b, 0x8059, 0x801c, 0x7fde, 0x7fc0, 0x7fee,
   0x802b, 0x7fcf, 0x7fee, 0x800c, 0x8059, 0x803a, 0x804a, 0x801c, 0x802b,
   0x7ffd, 0x800c, 0x800c, 0x801c, 0x802b, 0x803a, 0x803a, 0x7fee, 0x802b,
   0x804a, 0x803a, 0x803a, 0x800c, 0x803a, 0x801c, 0x801c, 0x7ffd, 0x7fee,
   0x7fde, 0x7ffd, 0x800c, 0x7fa1, 0x7fa1, 0x7f45, 0x7ffd, 0x7f92, 0x7fb0,
   0x7f92, 0x7fc0, 0x7fb0, 0x803a, 0x7ffd, 0x7ffd, 0x801c, 0x7ffd, 0x802b,
   0x800c, 0x7fee, 0x7ffd, 0x803a, 0x800c, 0x7fde, 0x7fee, 0x8068, 0x800c,
   0x800c, 0x801c, 0x7ffd, 0x7fcf, 0x800c, 0x800c, 0x7fcf, 0x7ffd, 0x7fb0,
   0x7fde, 0x7fb0, 0x7fb0, 0x7fcf, 0x7ffd, 0x800c, 0x7ffd, 0x7fcf, 0x800c,
   0x802b, 0x7fa1, 0x7fb0, 0x7fee, 0x7fcf, 0x800c, 0x7fcf, 0x7fa1, 0x7f92,
   0x7ffd, 0x7fee, 0x801c, 0x804a, 0x802b, 0x800c, 0x804a, 0x7fee, 0x800c,
   0x8059, 0x801c, 0x7fc0, 0x7ffd, 0x7fc0, 0x7f82, 0x7fde, 0x7fa1, 0x7fee,
   0x800c, 0x7fee, 0x7fde, 0x800c, 0x7fee, 0x800c, 0x7ffd, 0x802b, 0x7fc0,
   0x7fcf, 0x7fcf, 0x800c, 0x800c, 0x803a, 0x8059, 0x8059, 0x803a, 0x7fee,
   0x7fde, 0x800c, 0x804a, 0x804a, 0x804a, 0x802b, 0x803a, 0x803a, 0x800c,
   0x803a, 0x803a, 0x800c, 0x804a, 0x800c, 0x802b, 0x8068, 0x801c, 0x7fcf,
   0x801c, 0x801c, 0x802b, 0x80a6, 0x801c, 0x803a, 0x801c, 0x803a, 0x802b,
   0x804a, 0x801c, 0x803a, 0x803a, 0x8059, 0x804a, 0x8068, 0x803a, 0x8078,
   0x8087, 0x802b, 0x7f92, 0x7fee, 0x8078, 0x8087, 0x80a6, 0x80d4, 0x8068,
   0x804a, 0x802b, 0x804a, 0x804a, 0x80d4, 0x80e3, 0x803a, 0x80b5, 0x80b5,
   0x8102, 0x80e3, 0x8120, 0x8102, 0x8087, 0x8087, 0x80b5, 0x80e3, 0x8120,
   0x8096, 0x80a6, 0x8059, 0x804a, 0x8078, 0x80d4, 0x80e3, 0x8068, 0x8068,
   0x80b5, 0x802b, 0x801c, 0x804a, 0x8096, 0x8078, 0x8068, 0x8068, 0x8087,
   0x8087, 0x8087, 0x803a, 0x8078, 0x803a, 0x803a, 0x8059, 0x80a6, 0x8087,
   0x804a, 0x802b, 0x8078, 0x80d4, 0x80a6, 0x8078, 0x80a6, 0x8068, 0x7ffd,
   0x801c, 0x801c, 0x801c, 0x804a, 0x8078, 0x8096, 0x804a, 0x8059, 0x80a6,
   0x804a, 0x804a, 0x8078, 0x8078, 0x8087, 0x804a, 0x804a, 0x804a, 0x80b5,
   0x8068, 0x80b5, 0x80e3, 0x804a, 0x800c, 0x800c, 0x800c, 0x7ffd, 0x7ffd,
   0x804a, 0x800c, 0x801c, 0x7ffd, 0x7fee, 0x800c, 0x803a, 0x803a, 0x804a,
   0x7fee, 0x7ffd, 0x7ffd, 0x7fcf, 0x800c, 0x800c, 0x7fcf, 0x800c, 0x7fee,
   0x800c, 0x801c, 0x7ffd, 0x7ffd, 0x803a, 0x7fa1, 0x7fc0, 0x7fcf, 0x7fc0,
   0x800c, 0x801c, 0x7fee, 0x7fcf, 0x7ffd, 0x7fa1, 0x7fee, 0x803a, 0x7fcf,
   0x7fde, 0x800c, 0x804a, 0x802b, 0x7fcf, 0x7ffd, 0x7fee, 0x7fa1, 0x7fde,
   0x7fde, 0x803a, 0x8059, 0x7f73, 0x7fde, 0x7fde, 0x800c, 0x7ffd, 0x803a,
   0x801c, 0x7fee, 0x7fb0, 0x800c, 0x800c, 0x7ffd, 0x7fcf, 0x7fcf, 0x7fa1,
   0x7fde, 0x7fde, 0x7f92, 0x7fc0, 0x7fcf, 0x803a, 0x7fcf, 0x7e9c, 0x7da7,
   0x7bbb, 0x7b6e, 0x7bda, 0x7d6a, 0x7f54, 0x8096, 0x81f7, 0x8206, 0x8225,
   0x8216, 0x8225, 0x8206, 0x815e, 0x817c, 0x813f, 0x8130, 0x8130, 0x815e,
   0x8120, 0x8102, 0x80f2, 0x80b5, 0x801c, 0x803a, 0x804a, 0x802b, 0x7fcf,
   0x7fcf, 0x7fc0, 0x7fde, 0x7fa1, 0x7f92, 0x7f92, 0x7fb0, 0x7ffd, 0x8059,
   0x800c, 0x7fee, 0x7ffd, 0x7fc0, 0x7fa1, 0x800c, 0x800c, 0x802b, 0x7fee,
   0x800c, 0x800c, 0x800c, 0x803a, 0x7fcf, 0x7f82, 0x7fcf, 0x7f82, 0x7fcf,
   0x7fee, 0x800c, 0x800c, 0x7ffd, 0x7ffd, 0x803a, 0x804a, 0x7fcf, 0x803a,
   0x7fee, 0x7ffd, 0x7fc0, 0x7fde, 0x7f92, 0x7fcf, 0x7fde, 0x7fee, 0x8059,
   0x802b, 0x7fee, 0x7fcf, 0x800c, 0x7fee, 0x7fc0, 0x800c, 0x8068, 0x7ffd,
   0x802b, 0x800c, 0x7fee, 0x804a, 0x8059, 0x8059, 0x800c, 0x801c, 0x804a,
   0x801c, 0x7fee, 0x7fa1, 0x7fee, 0x7ffd, 0x800c, 0x7fcf, 0x7ffd, 0x8059,
   0x801c, 0x804a, 0x804a, 0x801c, 0x7ffd, 0x8059, 0x803a, 0x800c, 0x800c,
   0x7fee, 0x7fee, 0x7fee, 0x7fee, 0x803a, 0x802b, 0x8059, 0x804a, 0x803a,
   0x800c, 0x7fde, 0x800c, 0x8078, 0x8078, 0x80c4, 0x8068, 0x804a, 0x8078,
   0x8059, 0x8059, 0x802b, 0x800c, 0x803a, 0x8068, 0x800c, 0x801c, 0x8068,
   0x802b, 0x803a, 0x801c, 0x8068, 0x804a, 0x8068, 0x8068, 0x800c, 0x803a,
   0x804a, 0x804a, 0x7ffd, 0x7ffd, 0x7fde, 0x803a, 0x804a, 0x800c, 0x802b,
   0x802b, 0x803a, 0x7ffd, 0x8068, 0x8068, 0x8068, 0x804a, 0x804a, 0x8068,
   0x8059, 0x8068, 0x804a, 0x8059, 0x803a, 0x802b, 0x801c, 0x804a, 0x800c,
   0x802b, 0x801c, 0x801c, 0x802b, 0x8078, 0x8068, 0x8087, 0x80a6, 0x8059,
   0x8068, 0x8096, 0x801c, 0x8059, 0x803a, 0x8087, 0x803a, 0x8068, 0x803a,
   0x802b, 0x8096, 0x803a, 0x801c, 0x803a, 0x8068, 0x804a, 0x7ffd, 0x801c,
   0x803a, 0x7ffd, 0x8059, 0x800c, 0x800c, 0x800c, 0x7fee, 0x7fcf, 0x7fde,
   0x7fc0, 0x7fc0, 0x7fde, 0x800c, 0x7fee, 0x800c, 0x803a, 0x7ffd, 0x800c,
   0x7fee, 0x7fee, 0x7fcf, 0x800c, 0x800c, 0x801c, 0x7fde, 0x800c, 0x7fde,
   0x7fc0, 0x800c, 0x7fee, 0x7fb0, 0x7fb0, 0x7fa1, 0x7fcf, 0x7f73, 0x7fcf,
   0x7fee, 0x7fee, 0x7fee, 0x7fb0, 0x7f73, 0x7f26, 0x7fde, 0x7fde, 0x7f73,
   0x7fb0, 0x7fb0, 0x7fee, 0x7f92, 0x7f92, 0x7fb0, 0x7fee, 0x7fcf, 0x7f82,
   0x7fb0, 0x7fa1, 0x7f82, 0x7fb0, 0x7fb0, 0x7fee, 0x7fee, 0x7fb0, 0x7fa1,
   0x7fc0, 0x7fcf, 0x7fa1, 0x7f64, 0x7f54, 0x7f45, 0x7f54, 0x7eca, 0x7e03,
   0x7d0c, 0x7b12, 0x7aa6, 0x7b8d, 0x7cee, 0x7ebb, 0x800c, 0x8102, 0x81f7,
   0x81e8, 0x819b, 0x818c, 0x8130, 0x815e, 0x80d4, 0x8096, 0x8059, 0x8059,
   0x8059, 0x800c, 0x8059, 0x7ffd, 0x801c, 0x7ffd, 0x7ffd, 0x800c, 0x800c,
   0x7fde, 0x7f73, 0x7f54, 0x7f73, 0x7fb0, 0x7fcf, 0x7f92, 0x7f64, 0x7f92,
   0x7f92, 0x7f54, 0x7f82, 0x7ffd, 0x7fc0, 0x7f45, 0x7f17, 0x7fa1, 0x7fc0,
   0x7fa1, 0x7fb0, 0x7fde, 0x7fcf, 0x7ffd, 0x7fcf, 0x7fee, 0x7f92, 0x7f92,
   0x7fb0, 0x7ffd, 0x800c, 0x7fcf, 0x7ffd, 0x7fb0, 0x7fcf, 0x7fa1, 0x7f73,
   0x7fb0, 0x7fcf, 0x7fa1, 0x7fcf, 0x7fcf, 0x7fc0, 0x7fcf, 0x7fcf, 0x800c,
   0x801c, 0x800c, 0x803a, 0x7f92, 0x7f82, 0x7fde, 0x800c, 0x7fcf, 0x7ffd,
   0x7ffd, 0x800c, 0x802b, 0x803a, 0x8059, 0x7fde, 0x7fcf, 0x7fa1, 0x7fde,
   0x800c, 0x800c, 0x7fee, 0x800c, 0x7ffd, 0x800c, 0x800c, 0x800c, 0x7fcf,
   0x7f92, 0x7fb0, 0x7fc0, 0x801c, 0x8068, 0x8068, 0x7fee, 0x800c, 0x802b,
   0x800c, 0x7fee, 0x801c, 0x802b, 0x8087, 0x800c, 0x7ffd, 0x803a, 0x800c,
   0x801c, 0x8059, 0x8059, 0x801c, 0x804a, 0x801c, 0x800c, 0x8096, 0x8059,
   0x8078, 0x8068, 0x803a, 0x802b, 0x804a, 0x8087, 0x8068, 0x801c, 0x7fc0,
   0x800c, 0x802b, 0x800c, 0x7fee, 0x804a, 0x80a6, 0x8096, 0x8068, 0x8059,
   0x8068, 0x80e3, 0x80a6, 0x80e3, 0x8078, 0x8078, 0x8087, 0x803a, 0x8059,
   0x8068, 0x8068, 0x8078, 0x8087, 0x8068, 0x8087, 0x8096, 0x8111, 0x8078,
   0x80e3, 0x8087, 0x8068, 0x80c4, 0x8087, 0x80b5, 0x80c4, 0x8087, 0x804a,
   0x802b, 0x803a, 0x8096, 0x802b, 0x7fee, 0x800c, 0x804a, 0x804a, 0x802b,
   0x801c, 0x800c, 0x801c, 0x7ffd, 0x800c, 0x802b, 0x802b, 0x803a, 0x8087,
   0x800c, 0x803a, 0x802b, 0x8078, 0x8096, 0x8059, 0x802b, 0x8068, 0x8078,
   0x800c, 0x800c, 0x800c, 0x7fee, 0x7ffd, 0x801c, 0x803a, 0x7fee, 0x802b,
   0x801c, 0x804a, 0x804a, 0x800c, 0x800c, 0x803a, 0x801c, 0x800c, 0x7ffd,
   0x800c, 0x7ffd, 0x7fcf, 0x801c, 0x7fee, 0x7ffd, 0x7fc0, 0x7fde, 0x7fb0,
   0x7fc0, 0x800c, 0x7fb0, 0x7f73, 0x7fc0, 0x7ffd, 0x7fcf, 0x7fde, 0x7fee,
   0x7fb0, 0x7fa1, 0x7ffd, 0x7fcf, 0x7fee, 0x7fcf, 0x7ffd, 0x7fcf, 0x7fc0,
   0x7fb0, 0x7fc0, 0x7fde, 0x7fde, 0x7fb0, 0x7f64, 0x7f54, 0x7f92, 0x7f26,
   0x7fa1, 0x7f82, 0x800c, 0x7ffd, 0x7f73, 0x7fa1, 0x7f64, 0x7f08, 0x7f64,
   0x7f73, 0x7f82, 0x7fc0, 0x7fb0, 0x7f73, 0x7f92, 0x7f82, 0x7f92, 0x7fa1,
   0x7f64, 0x7f82, 0x7fa1, 0x7fcf, 0x7f92, 0x7f82, 0x7fa1, 0x7f73, 0x7ffd,
   0x7fde, 0x7fc0, 0x7fa1, 0x7f36, 0x7fb0, 0x7fee, 0x7f92, 0x7fcf, 0x7fb0,
   0x800c, 0x7f73, 0x7f45, 0x7f73, 0x7f73, 0x7f45, 0x7fb0, 0x7f92, 0x7f45,
   0x7f36, 0x7f64, 0x7f73, 0x7f08, 0x7f82, 0x7fa1, 0x7fb0, 0x7f82, 0x7f92,
   0x7f82, 0x7f73, 0x7fee, 0x7fc0, 0x7f82, 0x7fb0, 0x7fde, 0x7fde, 0x7fde,
   0x7fcf, 0x7fcf, 0x7fee, 0x7fc0, 0x7fcf, 0x7fb0, 0x7fa1, 0x7fc0, 0x7f73,
   0x7f64, 0x7f17, 0x7ee9, 0x7f17, 0x7f82, 0x7fc0, 0x7ef8, 0x7e31, 0x7c92,
   0x7b03, 0x7ac6, 0x7c17, 0x7d78, 0x7f82, 0x8111, 0x81aa, 0x8216, 0x81c9,
   0x8216, 0x8206, 0x81c9, 0x818c, 0x817c, 0x8087, 0x8087, 0x80a6, 0x8096,
   0x7ffd, 0x804a, 0x802b, 0x7fde, 0x7fee, 0x7fee, 0x7fde, 0x803a, 0x8068,
   0x7ffd, 0x7fcf, 0x800c, 0x800c, 0x7fee, 0x7ffd, 0x7fee, 0x802b, 0x7fb0,
   0x7f82, 0x800c, 0x7ffd, 0x7fc0, 0x7fde, 0x7fa1, 0x7fee, 0x7fee, 0x7fde,
   0x7f73, 0x7fde, 0x7fde, 0x7ffd, 0x7fc0, 0x7fde, 0x7fc0, 0x7fde, 0x802b,
   0x7fcf, 0x7fc0, 0x800c, 0x7fee, 0x7fde, 0x801c, 0x801c, 0x800c, 0x800c,
   0x804a, 0x800c, 0x800c, 0x7fcf, 0x7fee, 0x7fcf, 0x7fa1, 0x7fa1, 0x7fde,
   0x800c, 0x7fc0, 0x7fee, 0x7fcf, 0x800c, 0x802b, 0x7fde, 0x7ffd, 0x800c,
   0x7ffd, 0x800c, 0x802b, 0x8068, 0x800c, 0x7fde, 0x7f92, 0x7fb0, 0x7fde,
   0x800c, 0x7ffd, 0x7ffd, 0x7fb0, 0x7fde, 0x7fb0, 0x7ffd, 0x7fde, 0x7fcf,
   0x7fcf, 0x802b, 0x802b, 0x800c, 0x7fb0, 0x800c, 0x7fde, 0x7fc0, 0x7f73,
   0x7f64, 0x7f82, 0x7f92, 0x7f73, 0x7ffd, 0x7fb0, 0x7f92, 0x7f54, 0x7f92,
   0x7fee, 0x7fee, 0x7fc0, 0x7fc0, 0x7fde, 0x800c, 0x7fc0, 0x7fc0, 0x7f73,
   0x7f73, 0x7f54, 0x7f92, 0x7fb0, 0x7f45, 0x7f82, 0x7fcf, 0x7f92, 0x7fa1,
   0x7fb0, 0x7fcf, 0x7fb0, 0x7fee, 0x7fee, 0x7ffd, 0x800c, 0x800c, 0x7f82,
   0x7f82, 0x7fc0, 0x7fde, 0x7fde, 0x7fee, 0x7f73, 0x7fcf, 0x7fb0, 0x7f82,
   0x7f26, 0x7fc0, 0x7fc0, 0x7fb0, 0x7fa1, 0x7fcf, 0x7f73, 0x7fc0, 0x7fee,
   0x7fee, 0x7fde, 0x7fcf, 0x7f92, 0x7fc0, 0x7fc0, 0x7fb0, 0x7fc0, 0x7f64,
   0x7f64, 0x7fee, 0x7fb0, 0x800c, 0x800c, 0x7f82, 0x7fde, 0x7ffd, 0x7fb0,
   0x7fb0, 0x7f73, 0x7f73, 0x7fc0, 0x7fc0, 0x7fcf, 0x7ffd, 0x800c, 0x7fb0,
   0x7fc0, 0x7fc0, 0x7fde, 0x7fcf, 0x7ffd, 0x800c, 0x801c, 0x7fc0, 0x7fb0,
   0x7fcf, 0x800c, 0x7fcf, 0x7fde, 0x7fde, 0x800c, 0x7fee, 0x802b, 0x803a,
   0x7ffd, 0x800c, 0x800c, 0x7fde, 0x7fee, 0x7f54, 0x7f82, 0x7fc0, 0x800c,
   0x7fde, 0x7fc0, 0x7fc0, 0x7fc0, 0x800c, 0x7fee, 0x7fee, 0x7fde, 0x7fde,
   0x7fee, 0x7fcf, 0x7fb0, 0x801c, 0x7fee, 0x7ffd, 0x7ffd, 0x7fcf, 0x803a,
   0x8059, 0x800c, 0x802b, 0x7fde, 0x800c, 0x8059, 0x800c, 0x803a, 0x800c,
   0x804a, 0x800c, 0x800c, 0x803a, 0x800c, 0x800c, 0x800c, 0x8059, 0x8078,
   0x8078, 0x804a, 0x8059, 0x803a, 0x7fde, 0x801c, 0x804a, 0x80a6, 0x803a,
   0x800c, 0x801c, 0x802b, 0x802b, 0x7fee, 0x800c, 0x7ffd, 0x801c, 0x802b,
   0x801c, 0x8059, 0x800c, 0x8078, 0x8068, 0x80b5, 0x804a, 0x8078, 0x8078,
   0x8059, 0x8059, 0x800c, 0x801c, 0x8087, 0x8096, 0x8059, 0x801c, 0x800c,
   0x80b5, 0x8078, 0x8059, 0x803a, 0x802b, 0x80d4, 0x8096, 0x8059, 0x8059,
   0x8068, 0x8078, 0x8068, 0x8087, 0x8059, 0x803a, 0x800c, 0x7f92, 0x803a,
   0x802b, 0x802b, 0x8059, 0x7fee, 0x800c, 0x7fcf, 0x7fde, 0x7fcf, 0x800c,
   0x800c, 0x7fcf, 0x7fcf, 0x7fb0, 0x7fde, 0x800c, 0x7ffd, 0x7fa1, 0x7fa1,
   0x7fa1, 0x7fee, 0x802b, 0x800c, 0x801c, 0x800c, 0x802b, 0x7fde, 0x7fb0,
   0x7f64, 0x7fa1, 0x7fc0, 0x7fcf, 0x7fde, 0x7fb0, 0x7f92, 0x7fde, 0x800c,
   0x7fde, 0x7f92, 0x7fcf, 0x803a, 0x7fee, 0x7ffd, 0x800c, 0x7fcf, 0x7fee,
   0x7fa1, 0x7f73, 0x7fee, 0x7f82, 0x7fc0, 0x7f73, 0x7f92, 0x7fc0, 0x801c,
   0x7fa1, 0x7fee, 0x7fde, 0x800c, 0x7fee, 0x7fc0, 0x800c, 0x800c, 0x7ffd,
   0x7fc0, 0x7fde, 0x7fc0, 0x7f92, 0x7fde, 0x7fee, 0x7fc0, 0x7fc0, 0x7fc0,
   0x7fcf, 0x800c, 0x7fa1, 0x7fb0, 0x7f64, 0x7fc0, 0x7fb0, 0x7f73, 0x7f82,
   0x7fb0, 0x7fb0, 0x7fb0, 0x7f82, 0x7f92, 0x7f73, 0x7f64, 0x7f54, 0x7f73,
   0x7f73, 0x7f36, 0x7f73, 0x7fa1, 0x7f26, 0x7f82, 0x7f82, 0x7fc0, 0x7fb0,
   0x7f45, 0x7f82, 0x7fcf, 0x7f73, 0x7f73, 0x7f54, 0x7f82, 0x7f64, 0x7fa1,
   0x7fb0, 0x7fc0, 0x7fc0, 0x7fcf, 0x7fb0, 0x7f82, 0x7f92, 0x7fde, 0x7fc0,
   0x7f54, 0x7f54, 0x7f64, 0x7f16, 0x7f17, 0x7f26, 0x7f54, 0x7f54, 0x7f82,
   0x7f92, 0x7f92, 0x7f45, 0x7f45, 0x7ee9, 0x7f45, 0x7f54, 0x7f36, 0x7f54,
   0x7f36, 0x7ee9, 0x7ef8, 0x7eca, 0x7f08, 0x7f45, 0x7f54, 0x7f64, 0x7f64,
   0x7f92, 0x7fc0, 0x7f92, 0x7fcf, 0x7f92, 0x7f92, 0x7f17, 0x7f73, 0x7f73,
   0x7f36, 0x7f45, 0x7f82, 0x7f64, 0x7f64, 0x7f64, 0x7f82, 0x7f64, 0x7f26,
   0x7f73, 0x7fb0, 0x7fc0, 0x7fcf, 0x7fb0, 0x7fee, 0x7fb0, 0x7f92, 0x800c,
   0x7fee, 0x7fc0, 0x7f26, 0x7fa1, 0x7f54, 0x7fa1, 0x7fa1, 0x7f92, 0x7f82,
   0x7f54, 0x7eda, 0x7ef8, 0x7f82, 0x7f54, 0x7f73, 0x7fa1, 0x7fcf, 0x7f54,
   0x7fb0, 0x7f92, 0x7fb0, 0x7f82, 0x7fa1, 0x7f92, 0x7f73, 0x7fb0, 0x7fc0,
   0x7fde, 0x7fee, 0x7f92, 0x7ffd, 0x800c, 0x7fee, 0x800c, 0x800c, 0x7fde,
   0x7fc0, 0x7fcf, 0x7fb0, 0x7fcf, 0x7fc0, 0x7f82, 0x7fcf, 0x800c, 0x7fee,
   0x7fcf, 0x800c, 0x7fde, 0x7fde, 0x7fc0, 0x800c, 0x801c, 0x803a, 0x800c,
   0x800c, 0x800c, 0x804a, 0x7fde, 0x7fcf, 0x802b, 0x800c, 0x7fcf, 0x800c,
   0x7fcf, 0x800c, 0x800c, 0x800c, 0x7ffd, 0x7fee, 0x800c, 0x804a, 0x803a,
   0x804a, 0x8059, 0x802b, 0x8059, 0x7ffd, 0x801c, 0x800c, 0x7ffd, 0x7fcf,
   0x7f92, 0x7fee, 0x7ffd, 0x7fee, 0x7f82, 0x7fa1, 0x7f73, 0x7fcf, 0x800c,
   0x804a, 0x802b, 0x800c, 0x800c, 0x7fc0, 0x7fee, 0x800c, 0x800c, 0x8068,
   0x8078, 0x802b, 0x800c, 0x7ffd, 0x801c, 0x800c, 0x800c, 0x800c, 0x800c,
   0x804a, 0x8059, 0x8068, 0x8078, 0x8068, 0x802b, 0x804a, 0x8096, 0x803a,
   0x8059, 0x8096, 0x804a, 0x804a, 0x80a6, 0x801c, 0x801c, 0x800c, 0x801c,
   0x7fee, 0x801c, 0x8087, 0x8078, 0x802b, 0x801c, 0x7ffd, 0x7fee, 0x7ffd,
   0x800c, 0x800c, 0x8059, 0x8059, 0x800c, 0x8059, 0x804a, 0x804a, 0x8068,
   0x80c4, 0x80a6, 0x801c, 0x8096, 0x8059, 0x80b5, 0x80b5, 0x80a6, 0x80c4,
   0x80e3, 0x8096, 0x8059, 0x80a6, 0x80f2, 0x8059, 0x8059, 0x8068, 0x8068,
   0x80a6, 0x8078, 0x804a, 0x803a, 0x802b, 0x8096, 0x8078, 0x7fee, 0x802b,
   0x8096, 0x804a, 0x8059, 0x80d4, 0x8102, 0x8102, 0x80c4, 0x80a6, 0x8068,
   0x8078, 0x8096, 0x80d4, 0x80b5, 0x8059, 0x80c4, 0x80b5, 0x8102, 0x80f2,
   0x8120, 0x80e3, 0x80c4, 0x8068, 0x8078, 0x8096, 0x80c4, 0x80b5, 0x8111,
   0x80a6, 0x8078, 0x80a6, 0x80d4, 0x80b5, 0x804a, 0x80e3, 0x8096, 0x80c4,
   0x8087, 0x8068, 0x803a, 0x80a6, 0x80b5, 0x80d4, 0x80f2, 0x80d4, 0x80c4,
   0x80c4, 0x8096, 0x8059, 0x80d4, 0x8087, 0x8059, 0x8096, 0x80b5, 0x8059,
   0x8087, 0x8068, 0x8096, 0x80c4, 0x80a6, 0x803a, 0x804a, 0x80a6, 0x8096,
   0x80f2, 0x80d4, 0x80f2, 0x8096, 0x80b5, 0x80d4, 0x80d4, 0x8111, 0x80b5,
   0x800c, 0x8068, 0x8078, 0x802b, 0x800c, 0x8078, 0x804a, 0x8059, 0x8096,
   0x8102, 0x8078, 0x8087, 0x80b5, 0x804a, 0x804a, 0x804a, 0x8059, 0x8068,
   0x8059, 0x802b, 0x8078, 0x802b, 0x801c, 0x7ffd, 0x801c, 0x800c, 0x8096,
   0x802b, 0x803a, 0x8078, 0x802b, 0x803a, 0x802b, 0x803a, 0x800c, 0x800c,
   0x8068, 0x804a, 0x801c, 0x804a, 0x8078, 0x801c, 0x802b, 0x8059, 0x801c,
   0x802b, 0x7fcf, 0x7fde, 0x7fee, 0x800c, 0x7fee, 0x7ffd, 0x7fee, 0x800c,
   0x800c, 0x7fee, 0x7ffd, 0x801c, 0x7fee, 0x801c, 0x800c, 0x7fee, 0x7fcf,
   0x7fa1, 0x7fa1, 0x801c, 0x7ffd, 0x7fcf, 0x7fcf, 0x7fde, 0x7fc0, 0x7f64,
   0x7f82, 0x7f92, 0x7fc0, 0x7fc0, 0x7fc0, 0x7fde, 0x7fee, 0x7fde, 0x7f64,
   0x7f82, 0x7f64, 0x7f73, 0x7fb0, 0x7fc0, 0x7fa1, 0x7f82, 0x7f64, 0x7f92,
   0x7f45, 0x7fc0, 0x7fee, 0x7fb0, 0x7f82, 0x7f82, 0x7f82, 0x7ffd, 0x7fa1,
   0x801c, 0x7fde, 0x7fc0, 0x7f73, 0x7fa1, 0x7f82, 0x7f54, 0x7f82, 0x7f82,
   0x7fee, 0x7fb0, 0x7f92, 0x7f82, 0x7ffd, 0x7fde, 0x7fb0, 0x7fc0, 0x7f64,
   0x7f45, 0x7fcf, 0x7fcf, 0x7fee, 0x7f45, 0x7f17, 0x7fb0, 0x7fb0, 0x7f82,
   0x7fb0, 0x7fa1, 0x7f82, 0x7fb0, 0x7fb0, 0x7f92, 0x7fb0, 0x7fcf, 0x7fc0,
   0x7fee, 0x801c, 0x7fde, 0x800c, 0x803a, 0x7ffd, 0x7fb0, 0x800c, 0x7fcf,
   0x7fa1, 0x7f92, 0x7f82, 0x7f92, 0x7fc0, 0x7f92, 0x7f82, 0x7fee, 0x7fcf,
   0x7ffd, 0x7f82, 0x7fb0, 0x7f64, 0x7e5f, 0x7d59, 0x7b5f, 0x7a87, 0x7b6e,
   0x7ccf, 0x7ebb, 0x803a, 0x8130, 0x81aa, 0x81c9, 0x8225, 0x819b, 0x816d,
   0x816d, 0x814e, 0x8120, 0x818c, 0x8096, 0x8059, 0x8087, 0x80b5, 0x80b5,
   0x80c4, 0x804a, 0x801c, 0x800c, 0x7ffd, 0x800c, 0x802b, 0x7ffd, 0x8068,
   0x801c, 0x802b, 0x800c, 0x7ffd, 0x7fb0, 0x802b, 0x800c, 0x802b, 0x7fde,
   0x801c, 0x80a6, 0x804a, 0x804a, 0x804a, 0x800c, 0x800c, 0x800c, 0x8059,
   0x8068, 0x80b5, 0x8078, 0x8059, 0x8068, 0x80a6, 0x803a, 0x8068, 0x803a,
   0x803a, 0x8087, 0x8068, 0x8059, 0x803a, 0x804a, 0x80d4, 0x80f2, 0x80c4,
   0x80e3, 0x80e3, 0x8096, 0x8087, 0x801c, 0x8068, 0x80c4, 0x80a6, 0x80c4,
   0x8102, 0x8059, 0x802b, 0x8059, 0x7ffd, 0x8078, 0x7ffd, 0x80a6, 0x8087,
   0x8068, 0x8096, 0x8102, 0x80e3, 0x8087, 0x80c4, 0x80e3, 0x80b5, 0x80f2,
   0x80f2, 0x80b5, 0x80c4, 0x80b5, 0x80e3, 0x8120, 0x80b5, 0x80e3, 0x80d4,
   0x80f2, 0x8068, 0x80a6, 0x80a6, 0x8096, 0x8096, 0x8068, 0x80e3, 0x8087,
   0x800c, 0x8059, 0x8068, 0x804a, 0x8078, 0x8102, 0x8078, 0x80b5, 0x80b5,
   0x8087, 0x801c, 0x8059, 0x804a, 0x8087, 0x8068, 0x8059, 0x7fde, 0x800c,
   0x8068, 0x803a, 0x7f26, 0x7d78, 0x7bf8, 0x7ab6, 0x7be9, 0x7d3a, 0x7ebb,
   0x8068, 0x818c, 0x8216, 0x81e8, 0x81ba, 0x819b, 0x81c9, 0x81ba, 0x81ba,
   0x81ba, 0x815e, 0x8130, 0x8111, 0x8120, 0x80f2, 0x8087, 0x8087, 0x8087,
   0x80a6, 0x80b5, 0x8096, 0x803a, 0x8078, 0x801c, 0x800c, 0x8059, 0x8068,
   0x800c, 0x801c, 0x800c, 0x802b, 0x802b, 0x800c, 0x801c, 0x7fee, 0x7fde,
   0x7fc0, 0x7fee, 0x8068, 0x7ffd, 0x801c, 0x803a, 0x800c, 0x7fde, 0x7fcf,
   0x800c, 0x800c, 0x7fcf, 0x7ffd, 0x800c, 0x802b, 0x7ffd, 0x800c, 0x7fee,
   0x7fb0, 0x7fc0, 0x7f82, 0x7fb0, 0x7f92, 0x7fc0, 0x7ffd, 0x802b, 0x801c,
   0x800c, 0x7ffd, 0x7fb0, 0x800c, 0x7fee, 0x7fde, 0x7fee, 0x7ffd, 0x7ffd,
   0x7ffd, 0x7fee, 0x7fc0, 0x7f92, 0x7f92, 0x801c, 0x7fde, 0x7fc0, 0x7fee,
   0x800c, 0x800c, 0x7fee, 0x7fa1, 0x7fb0, 0x7fde, 0x7fde, 0x7ffd, 0x7ffd,
   0x7ffd, 0x800c, 0x802b, 0x7fee, 0x7ffd, 0x7fde, 0x7ffd, 0x800c, 0x7fb0,
   0x7fc0, 0x7fb0, 0x800c, 0x803a, 0x801c, 0x800c, 0x800c, 0x804a, 0x802b,
   0x801c, 0x801c, 0x7fee, 0x7fc0, 0x7f54, 0x7f54, 0x7f82, 0x7fa1, 0x7fa1,
   0x7fde, 0x802b, 0x800c, 0x800c, 0x7fcf, 0x7ffd, 0x803a, 0x804a, 0x801c,
   0x801c, 0x7fee, 0x802b, 0x7fee, 0x7fc0, 0x800c, 0x7ffd, 0x7fb0, 0x7fa1,
   0x7fee, 0x802b, 0x7ffd, 0x802b, 0x7ffd, 0x7fc0, 0x7f82, 0x7fcf, 0x7fc0,
   0x7fee, 0x7fa1, 0x7fa1, 0x7fde, 0x7fa1, 0x7fc0, 0x7fde, 0x8059, 0x7fde,
   0x7fcf, 0x7fde, 0x7fde, 0x800c, 0x800c, 0x802b, 0x804a, 0x802b, 0x803a,
   0x802b, 0x801c, 0x8078, 0x8096, 0x8068, 0x8078, 0x80a6, 0x8087, 0x8078,
   0x800c, 0x802b, 0x8059, 0x803a, 0x801c, 0x804a, 0x804a, 0x7fee, 0x8096,
   0x8059, 0x801c, 0x8059, 0x800c, 0x802b, 0x8078, 0x80a6, 0x8068, 0x80f2,
   0x8087, 0x80a6, 0x802b, 0x803a, 0x803a, 0x802b, 0x7fee, 0x803a, 0x801c,
   0x8068, 0x8078, 0x8087, 0x8078, 0x803a, 0x800c, 0x800c, 0x801c, 0x8068,
   0x801c, 0x802b, 0x802b, 0x803a, 0x800c, 0x800c, 0x800c, 0x803a, 0x800c,
   0x800c, 0x7ffd, 0x800c, 0x800c, 0x802b, 0x804a, 0x7ffd, 0x802b, 0x8059,
   0x8096, 0x80d4, 0x8068, 0x803a, 0x8087, 0x804a, 0x801c, 0x803a, 0x8078,
   0x8059, 0x8068, 0x801c, 0x7fcf, 0x800c, 0x7fa1, 0x7fc0, 0x7fde, 0x800c,
   0x801c, 0x800c, 0x7fee, 0x8087, 0x7fcf, 0x7fb0, 0x8068, 0x800c, 0x804a,
   0x8087, 0x800c, 0x804a, 0x80a6, 0x8068, 0x8078, 0x804a, 0x800c, 0x802b,
   0x801c, 0x800c, 0x800c, 0x7fcf, 0x7fb0, 0x7ffd, 0x800c, 0x802b, 0x7fde,
   0x7ffd, 0x800c, 0x802b, 0x802b, 0x8059, 0x7ffd, 0x801c, 0x800c, 0x802b,
   0x802b, 0x803a, 0x803a, 0x80e3, 0x803a, 0x804a, 0x800c, 0x800c, 0x801c,
   0x8078, 0x80c4, 0x803a, 0x803a, 0x804a, 0x8096, 0x8068, 0x8096, 0x8059,
   0x7fcf, 0x7fde, 0x7ffd, 0x8059, 0x800c, 0x802b, 0x804a, 0x801c, 0x802b,
   0x800c, 0x7fee, 0x7fde, 0x7fc0, 0x7fc0, 0x802b, 0x7ffd, 0x800c, 0x800c,
   0x7fde, 0x802b, 0x800c, 0x800c, 0x800c, 0x802b, 0x8059, 0x7fde, 0x800c,
   0x802b, 0x801c, 0x803a, 0x800c, 0x7fde, 0x802b, 0x7ffd, 0x800c, 0x804a,
   0x8068, 0x8059, 0x8059, 0x803a, 0x802b, 0x8096, 0x80a6, 0x8059, 0x8059,
   0x803a, 0x801c, 0x800c, 0x8068, 0x803a, 0x803a, 0x8059, 0x802b, 0x803a,
   0x802b, 0x801c, 0x7fcf, 0x7fcf, 0x7fb0, 0x7fde, 0x7fee, 0x800c, 0x801c,
   0x801c, 0x804a, 0x8087, 0x804a, 0x800c, 0x7fde, 0x7fb0, 0x7fde, 0x7fc0,
   0x7fee, 0x7fde, 0x7fcf, 0x7f82, 0x7fcf, 0x800c, 0x802b, 0x802b, 0x8059,
   0x804a, 0x801c, 0x804a, 0x800c, 0x800c, 0x7ffd, 0x803a, 0x801c, 0x800c,
   0x7fc0, 0x7fc0, 0x8078, 0x7fee, 0x7fc0, 0x801c, 0x803a, 0x800c, 0x800c,
   0x802b, 0x7fee, 0x7fc0, 0x7ffd, 0x801c, 0x800c, 0x800c, 0x804a, 0x803a,
   0x800c, 0x800c, 0x800c, 0x800c, 0x7fcf, 0x800c, 0x7fee, 0x801c, 0x7fde,
   0x7fcf, 0x7fde, 0x7fb0, 0x7f92, 0x7fc0, 0x7fc0, 0x7fcf, 0x801c, 0x800c,
   0x7fde, 0x7fee, 0x7f73, 0x7fc0, 0x7fa1, 0x7fcf, 0x7fde, 0x7fcf, 0x7fee,
   0x7f92, 0x7fa1, 0x7ffd, 0x802b, 0x803a, 0x800c, 0x8078, 0x8087, 0x804a,
   0x7fee, 0x803a, 0x803a, 0x803a, 0x802b, 0x801c, 0x804a, 0x8078, 0x802b,
   0x801c, 0x7fee, 0x80c4, 0x8059, 0x8087, 0x801c, 0x804a, 0x800c, 0x800c,
   0x801c, 0x800c, 0x801c, 0x7ffd, 0x800c, 0x803a, 0x8078, 0x802b, 0x800c,
   0x804a, 0x802b, 0x801c, 0x8068, 0x8059, 0x8059, 0x8059, 0x804a, 0x802b,
   0x7fee, 0x800c, 0x801c, 0x8096, 0x8059, 0x804a, 0x8078, 0x80a6, 0x80c4,
   0x8068, 0x803a, 0x803a, 0x802b, 0x8068, 0x8059, 0x804a, 0x800c, 0x802b,
   0x802b, 0x803a, 0x8059, 0x80e3, 0x80a6, 0x8059, 0x8087, 0x8068, 0x803a,
   0x8059, 0x802b, 0x8096, 0x80e3, 0x80d4, 0x8102, 0x8130, 0x80a6, 0x80b5,
   0x80c4, 0x80c4, 0x803a, 0x8078, 0x8096, 0x80e3, 0x8120, 0x8120, 0x80c4,
   0x8096, 0x8096, 0x8068, 0x80b5, 0x80a6, 0x80b5, 0x80d4, 0x8120, 0x8111,
   0x8102, 0x80d4, 0x8102, 0x8096, 0x80a6, 0x8096, 0x8102, 0x8096, 0x80c4,
   0x8096, 0x8087, 0x802b, 0x8096, 0x8096, 0x8068, 0x802b, 0x7fcf, 0x7fee,
   0x7fee, 0x7fee, 0x800c, 0x7fee, 0x801c, 0x802b, 0x800c, 0x802b, 0x8096,
   0x804a, 0x8059, 0x804a, 0x800c, 0x8068, 0x802b, 0x8059, 0x80c4, 0x803a,
   0x801c, 0x801c, 0x800c, 0x7fcf, 0x800c, 0x8068, 0x800c, 0x800c, 0x7fee,
   0x8059, 0x801c, 0x7fc0, 0x7fc0, 0x7fee, 0x800c, 0x7fa1, 0x7fc0, 0x7ffd,
   0x7fcf, 0x7f92, 0x7f82, 0x7f73, 0x7fc0, 0x7fb0, 0x801c, 0x803a, 0x803a,
   0x801c, 0x7fcf, 0x800c, 0x7ffd, 0x7ffd, 0x7ffd, 0x804a, 0x800c, 0x802b,
   0x800c, 0x803a, 0x801c, 0x7fcf, 0x7fde, 0x800c, 0x800c, 0x800c, 0x7fee,
   0x7ffd, 0x800c, 0x7fee, 0x7fc0, 0x7fde, 0x7fcf, 0x7f73, 0x7fc0, 0x7f73,
   0x7f92, 0x7f64, 0x7f64, 0x7fee, 0x7f73, 0x7fa1, 0x7fa1, 0x7fde, 0x800c,
   0x800c, 0x7fee, 0x800c, 0x7fcf, 0x800c, 0x800c, 0x7fde, 0x7fc0, 0x7fb0,
   0x7fb0, 0x7f82, 0x7fcf, 0x7ffd, 0x801c, 0x800c, 0x7fc0, 0x7fcf, 0x7ffd,
   0x7fcf, 0x7fee, 0x7fcf, 0x7fc0, 0x7fc0, 0x7fee, 0x7fb0, 0x7fde, 0x7fcf,
   0x7f82, 0x7fb0, 0x7f82, 0x7f82, 0x7fc0, 0x800c, 0x802b, 0x7f92, 0x7fde,
   0x803a, 0x7fde, 0x7fee, 0x7fb0, 0x7fee, 0x7fcf, 0x7fee, 0x7fa1, 0x7fb0,
   0x7f92, 0x7f82, 0x7fde, 0x7f82, 0x7f64, 0x7ef8, 0x7f92, 0x7f92, 0x7f64,
   0x7f82, 0x7f92, 0x7f92, 0x7fa1, 0x800c, 0x7fee, 0x7fa1, 0x7fc0, 0x7fee,
   0x7fcf, 0x800c, 0x7fee, 0x800c, 0x800c, 0x802b, 0x7fde, 0x801c, 0x7fee,
   0x7fa1, 0x7f73, 0x7f82, 0x7fcf, 0x7f92, 0x7f92, 0x7fa1, 0x7ffd, 0x7ffd,
   0x7fc0, 0x800c, 0x800c, 0x802b, 0x7fcf, 0x7fc0, 0x7fa1, 0x7f64, 0x800c,
   0x7fde, 0x800c, 0x7fcf, 0x7fb0, 0x7f64, 0x7f82, 0x7f92, 0x7f92, 0x7fde,
   0x7fee, 0x7fde, 0x7fcf, 0x7f92, 0x7f82, 0x7fee, 0x801c, 0x801c, 0x800c,
   0x800c, 0x7fde, 0x800c, 0x800c, 0x802b, 0x801c, 0x800c, 0x7fcf, 0x7fc0,
   0x7ffd, 0x7fee, 0x802b, 0x802b, 0x803a, 0x8059, 0x800c, 0x802b, 0x8068,
   0x801c, 0x7fcf, 0x7fa1, 0x7f92, 0x800c, 0x7fde, 0x7ffd, 0x7fde, 0x7fa1,
   0x7f82, 0x7fc0, 0x7fcf, 0x7fcf, 0x804a, 0x7fee, 0x800c, 0x800c, 0x7fa1,
   0x7fb0, 0x7ffd, 0x7fb0, 0x7fcf, 0x7fc0, 0x7fde, 0x7fc0, 0x7fcf, 0x7fde,
   0x7ffd, 0x801c, 0x800c, 0x7f92, 0x7f92, 0x7fb0, 0x7ffd, 0x7ffd, 0x7fde,
   0x7ffd, 0x7fcf, 0x800c, 0x7fcf, 0x7fb0, 0x7fc0, 0x7fcf, 0x7fc0, 0x7fee,
   0x7fee, 0x7ffd, 0x803a, 0x802b, 0x801c, 0x801c, 0x801c, 0x802b, 0x7fde,
   0x7fa1, 0x7fc0, 0x800c, 0x801c, 0x801c, 0x7ffd, 0x7fde, 0x7ffd, 0x7fb0,
   0x7fc0, 0x7f92, 0x7f92, 0x7fee, 0x802b, 0x802b, 0x802b, 0x7ee9, 0x7e03,
   0x7c17, 0x7b31, 0x7c26, 0x7d6a, 0x7f26, 0x80a6, 0x819b, 0x8225, 0x8272,
   0x8281, 0x8290, 0x8216, 0x8206, 0x819b, 0x817c, 0x813f, 0x8111, 0x8102,
   0x80b5, 0x80b5, 0x80a6, 0x8096, 0x80d4, 0x80b5, 0x8096, 0x8059, 0x7fee,
   0x800c, 0x7ffd, 0x7fee, 0x7fde, 0x7ffd, 0x803a, 0x802b, 0x7fde, 0x7fee,
   0x801c, 0x803a, 0x800c, 0x800c, 0x7fee, 0x803a, 0x8087, 0x80a6, 0x803a,
   0x803a, 0x80b5, 0x8059, 0x800c, 0x802b, 0x802b, 0x803a, 0x8087, 0x7ffd,
   0x7fee, 0x800c, 0x7fee, 0x802b, 0x802b, 0x8068, 0x80a6, 0x8096, 0x8078,
   0x8068, 0x8087, 0x803a, 0x804a, 0x8078, 0x8078, 0x8087, 0x804a, 0x800c,
   0x800c, 0x7ffd, 0x7fee, 0x7fcf, 0x7fc0, 0x7fee, 0x7fee, 0x800c, 0x7fcf,
   0x803a, 0x803a, 0x8078, 0x8059, 0x7fcf, 0x7fde, 0x7ffd, 0x7fde, 0x801c,
   0x803a, 0x8068, 0x801c, 0x801c, 0x802b, 0x8059, 0x800c, 0x8059, 0x80a6,
   0x8078, 0x8087, 0x802b, 0x800c, 0x803a, 0x801c, 0x804a, 0x804a, 0x802b,
   0x802b, 0x804a, 0x8078, 0x8068, 0x8068, 0x8087, 0x8068, 0x8078, 0x8096,
   0x802b, 0x8087, 0x8068, 0x8087, 0x8068, 0x804a, 0x8068, 0x803a, 0x803a,
   0x802b, 0x8059, 0x804a, 0x7ffd, 0x803a, 0x8059, 0x8078, 0x8096, 0x80b5,
   0x8078, 0x802b, 0x800c, 0x800c, 0x7ffd, 0x803a, 0x801c, 0x8096, 0x804a,
   0x801c, 0x801c, 0x8078, 0x8059, 0x7fee, 0x802b, 0x8087, 0x800c, 0x8059,
   0x8096, 0x8059, 0x8059, 0x80d4, 0x803a, 0x8059, 0x8078, 0x801c, 0x804a,
   0x8087, 0x8059, 0x8068, 0x803a, 0x8059, 0x804a, 0x80a6, 0x8068, 0x8059,
   0x80d4, 0x80d4, 0x8078, 0x8078, 0x8068, 0x804a, 0x801c, 0x803a, 0x80a6,
   0x8059, 0x804a, 0x800c, 0x800c, 0x800c, 0x804a, 0x801c, 0x800c, 0x7fcf,
   0x801c, 0x802b, 0x803a, 0x802b, 0x804a, 0x800c, 0x7ffd, 0x800c, 0x7fde,
   0x7ffd, 0x7fee, 0x7fde, 0x7ffd, 0x8059, 0x804a, 0x801c, 0x7ffd, 0x8059,
   0x8059, 0x800c, 0x802b, 0x8059, 0x800c, 0x800c, 0x801c, 0x7fc0, 0x800c,
   0x7ffd, 0x800b, 0x800b, 0x7fec, 0x8068, 0x804a, 0x800c, 0x800c, 0x800c,
   0x7ffd, 0x800c, 0x7fee, 0x7fc0, 0x7fde, 0x7f92, 0x7f82, 0x800c, 0x8078,
   0x7fde, 0x7f73, 0x800c, 0x7ffd, 0x7fb0, 0x7fcf, 0x7fde, 0x7fde, 0x7fde,
   0x7fee, 0x7fee, 0x803a, 0x7ffd, 0x7fee, 0x7fc0, 0x7f92, 0x7fb0, 0x7f73,
   0x7fb0, 0x7f82, 0x7f45, 0x7f64, 0x7f92, 0x7fa1, 0x7f73, 0x7fcf, 0x7f36,
   0x7fa1, 0x7f92, 0x7fa1, 0x7f45, 0x7f45, 0x7f82, 0x7f17, 0x7f82, 0x7f92,
   0x7fa1, 0x7fee, 0x7fb0, 0x800c, 0x7ffd, 0x7f92, 0x7fc0, 0x7fb0, 0x7fb0,
   0x7fde, 0x7fde, 0x7fa1, 0x7fde, 0x7fa1, 0x7fcf, 0x7fee, 0x7ffd, 0x7ffd,
   0x7fc0, 0x800c, 0x800c, 0x7fee, 0x7ffd, 0x7fee, 0x7ffd, 0x7fee, 0x800c,
   0x800c, 0x7fcf, 0x7fa1, 0x7fde, 0x7fc0, 0x800c, 0x7fb0, 0x7ffd, 0x7fee,
   0x7fb0, 0x7f73, 0x7fa1, 0x7f92, 0x7fde, 0x7fee, 0x7fee, 0x7fde, 0x7fa1,
   0x7fa1, 0x7f92, 0x7f82, 0x7fc0, 0x7fee, 0x7fa1, 0x7fc0, 0x7fc0, 0x7fcf,
   0x7fcf, 0x7fde, 0x800c, 0x7fcf, 0x7fde, 0x7fcf, 0x7fc0, 0x800c, 0x800c,
   0x7fc0, 0x7fee, 0x7ffd, 0x801c, 0x7fee, 0x7ffd, 0x801c, 0x7ffd, 0x7fee,
   0x800c, 0x7ffd, 0x7fa1, 0x7fde, 0x800c, 0x7fb0, 0x7fa1, 0x7fee, 0x800c,
   0x7fc0, 0x7fb0, 0x800c, 0x800c, 0x7fb0, 0x7fa1, 0x7fcf, 0x800c, 0x7fde,
   0x7fa1, 0x7fc0, 0x7fc0, 0x7fee, 0x7f92, 0x7fee, 0x802b, 0x800c, 0x803a,
   0x804a, 0x800c, 0x7ffd, 0x7fb0, 0x801c, 0x800c, 0x7fcf, 0x7f82, 0x7f82,
   0x7fc0, 0x800c, 0x802b, 0x804a, 0x7ffd, 0x7fee, 0x800c, 0x7ffd, 0x803a,
   0x804a, 0x804a, 0x801c, 0x80a6, 0x802b, 0x803a, 0x7fee, 0x802b, 0x7fcf,
   0x802b, 0x800c, 0x7fee, 0x7ffd, 0x8078, 0x80b5, 0x804a, 0x8068, 0x8068,
   0x804a, 0x8059, 0x8068, 0x8087, 0x804a, 0x804a, 0x8078, 0x7ffd, 0x802b,
   0x804a, 0x804a, 0x802b, 0x803a, 0x7fcf, 0x7fc0, 0x7fde, 0x801c, 0x7ffd,
   0x7fc0, 0x7fcf, 0x7fde, 0x7f82, 0x7ffd, 0x8096, 0x7fde, 0x7f36, 0x7db6,
   0x7c54, 0x7c73, 0x7d96, 0x7eda, 0x8087, 0x81c9, 0x831a, 0x8339, 0x830b,
   0x8290, 0x82a0, 0x8234, 0x81e8, 0x81c9, 0x81c9, 0x81ba, 0x8120, 0x8096,
   0x8096, 0x8102, 0x8130, 0x8120, 0x80c4, 0x8087, 0x80b5, 0x80d4, 0x80a6,
   0x80f2, 0x80e3, 0x80f2, 0x8078, 0x8059, 0x8059, 0x80a6, 0x80f2, 0x8068,
   0x803a, 0x8096, 0x80c4, 0x8059, 0x801c, 0x802b, 0x8059, 0x7fcf, 0x803a,
   0x800c, 0x7ffd, 0x7ffd, 0x7fee, 0x8087, 0x804a, 0x804a, 0x803a, 0x8078,
   0x8087, 0x800c, 0x803a, 0x804a, 0x8078, 0x804a, 0x802b, 0x8078, 0x8059,
   0x8078, 0x8087, 0x8078, 0x800c, 0x802b, 0x8059, 0x8087, 0x8068, 0x804a,
   0x804a, 0x803a, 0x802b, 0x800c, 0x7fee, 0x800c, 0x801c, 0x801c, 0x8068,
   0x800c, 0x800c, 0x800c, 0x803a, 0x8078, 0x804a, 0x8096, 0x80c4, 0x8059,
   0x804a, 0x803a, 0x8059, 0x7fcf, 0x8059, 0x801c, 0x800c, 0x8059, 0x8087,
   0x80b5, 0x8078, 0x803a, 0x800c, 0x7fb0, 0x7fee, 0x7ffd, 0x800c, 0x801c,
   0x8059, 0x802b, 0x802b, 0x802b, 0x800c, 0x7fde, 0x802b, 0x804b, 0x801c,
   0x802a, 0x800b, 0x7fdd, 0x803a, 0x7faf, 0x800c, 0x7fc0, 0x7fa1, 0x7f92,
   0x7fc0, 0x7fee, 0x7fb0, 0x7fa1, 0x7f92, 0x7f92, 0x802b, 0x800c, 0x803a,
   0x803a, 0x803a, 0x7fee, 0x8059, 0x801c, 0x802b, 0x800c, 0x801c, 0x800c,
   0x7fcf, 0x800c, 0x7ffd, 0x7ffd, 0x7fc0, 0x7f92, 0x7fcf, 0x800c, 0x801c,
   0x802b, 0x7fee, 0x802b, 0x7fc0, 0x7f73, 0x7fcf, 0x7fb0, 0x7fee, 0x7fee,
   0x8068, 0x803a, 0x803a, 0x804a, 0x7fee, 0x7fcf, 0x800c, 0x7fde, 0x7fcf,
   0x800c, 0x801c, 0x7fde, 0x7fde, 0x7fee, 0x802b, 0x7ffd, 0x800c, 0x801c,
   0x802b, 0x804a, 0x801c, 0x800c, 0x800c, 0x7fc0, 0x7fa1, 0x7fb0, 0x7fcf,
   0x7f82, 0x7f82, 0x7fcf, 0x800c, 0x7fee, 0x7fde, 0x800c, 0x800c, 0x7fa1,
   0x7fde, 0x7ffd, 0x7fcf, 0x7f92, 0x7fb0, 0x7ffd, 0x7fde, 0x7fa1, 0x7ffd,
   0x7fcf, 0x7fb0, 0x7f82, 0x7fb0, 0x7f82, 0x7fc0, 0x7f92, 0x7fb0, 0x7fcf,
   0x7fee, 0x803a, 0x800c, 0x7f54, 0x7f64, 0x7fcf, 0x7f82, 0x7fde, 0x7ffd,
   0x7ffd, 0x7fa1, 0x7fb0, 0x8059, 0x7ffd, 0x800c, 0x801c, 0x7ffd, 0x800c,
   0x7fc0, 0x7fb0, 0x7fcf, 0x7f92, 0x7fa1, 0x7fb0, 0x7fc0, 0x7fde, 0x7fb0,
   0x7f82, 0x7fc0, 0x7ffd, 0x7ffd, 0x7fde, 0x7fc0, 0x7fc0, 0x7fde, 0x7fcf,
   0x7ffd, 0x7fde, 0x7fa1, 0x7fb0, 0x7ffd, 0x7fcf, 0x7f82, 0x7f82, 0x7f82,
   0x7f64, 0x7fb0, 0x7fa1, 0x7fc0, 0x7fee, 0x7fee, 0x7fb0, 0x7fc0, 0x7fde,
   0x7ffd, 0x7fde, 0x7fcf, 0x7fee, 0x801c, 0x7fde, 0x7fce, 0x7ffd, 0x800c,
   0x800c, 0x7fde, 0x800c, 0x7fee, 0x800c, 0x7fa1, 0x7fc0, 0x7fee, 0x7fee,
   0x7ffd, 0x7fde, 0x7fcf, 0x8059, 0x802b, 0x7ffd, 0x800c, 0x7fcf, 0x802b,
   0x7fee, 0x7fde, 0x7fde, 0x800c, 0x7fb0, 0x7ffd, 0x800c, 0x7fee, 0x7fcf,
   0x7fb0, 0x7fee, 0x7fcf, 0x7ffd, 0x7fc0, 0x800c, 0x801c, 0x801c, 0x800c,
   0x7fde, 0x7fde, 0x7f64, 0x7fc0, 0x7ffd, 0x800c, 0x7fee, 0x7fde, 0x7ffd,
   0x8059, 0x800c, 0x7ffd, 0x802b, 0x802b, 0x800c, 0x804a, 0x8068, 0x8078,
   0x80b5, 0x804a, 0x802b, 0x803a, 0x8096, 0x803a, 0x801c, 0x7fc0, 0x7fcf,
   0x7fcf, 0x7f82, 0x7fc0, 0x7fee, 0x801c, 0x803a, 0x7fee, 0x800c, 0x800c,
   0x8059, 0x800c, 0x8059, 0x801c, 0x7ffd, 0x801c, 0x7ffd, 0x8087, 0x800c,
   0x803a, 0x7fee, 0x7fde, 0x800c, 0x802b, 0x7fc0, 0x7ffd, 0x7fc0, 0x7fde,
   0x800c, 0x7ffd, 0x7fc0, 0x803a, 0x801c, 0x8068, 0x801c, 0x801c, 0x800c,
   0x800c, 0x7ffd, 0x7fee, 0x801c, 0x800c, 0x7fcf, 0x801c, 0x801c, 0x7f92,
   0x7ffd, 0x7fee, 0x802b, 0x800c, 0x801c, 0x800c, 0x7fcf, 0x7f82, 0x801c,
   0x800c, 0x801c, 0x8059, 0x802b, 0x800c, 0x7ffd, 0x7fee, 0x7f92, 0x7ef8,
   0x7d87, 0x7b7e, 0x7a87, 0x7bbb, 0x7d87, 0x7f45, 0x80a6, 0x81e8, 0x8234,
   0x8272, 0x8206, 0x8234, 0x81f7, 0x8130, 0x8102, 0x8102, 0x80d4, 0x80a6,
   0x80a6, 0x80e3, 0x80b5, 0x804a, 0x802b, 0x803a, 0x800c, 0x800c, 0x7ffd,
   0x7fde, 0x7fc0, 0x800c, 0x7fde, 0x7fcf, 0x7fde, 0x7fb0, 0x7fde, 0x7fa1,
   0x7f73, 0x7fa1, 0x7f82, 0x7fa1, 0x7fcf, 0x7fcf, 0x7fb0, 0x7fcf, 0x7fb0,
   0x7fcf, 0x7f54, 0x7fa1, 0x800c, 0x7fcf, 0x7fc0, 0x7ffd, 0x7fcf, 0x7fde,
   0x7fc0, 0x7f26, 0x7fc0, 0x7f82, 0x7f17, 0x7f36, 0x7f17, 0x7f36, 0x7ef8,
   0x7f54, 0x7f17, 0x7fc0, 0x7fa1, 0x7f92, 0x7f64, 0x7ef8, 0x7f54, 0x7f54,
   0x7fb0, 0x7f73, 0x7f92, 0x7fb0, 0x7fcf, 0x7fc0, 0x7fa1, 0x7fc0, 0x7fc0,
   0x7fcf, 0x7f82, 0x7f82, 0x7f36, 0x7f73, 0x7fa1, 0x7fde, 0x7f82, 0x7fde,
   0x7fcf, 0x7f82, 0x7f64, 0x7f73, 0x7fa1, 0x7fa1, 0x7fa1, 0x7f92, 0x7fde,
   0x801c, 0x7fc0, 0x7fb0, 0x7fc0, 0x7f64, 0x7fcf, 0x801c, 0x800c, 0x7fcf,
   0x7fde, 0x7ffd, 0x7ffd, 0x7fee, 0x800c, 0x7fb0, 0x7f82, 0x7f73, 0x7f82,
   0x7fc0, 0x7fb0, 0x7fb0, 0x7fc0, 0x7f92, 0x7f92, 0x7fcf, 0x7fcf, 0x800c,
   0x7fde, 0x7ffd, 0x800c, 0x800c, 0x803a, 0x8059, 0x7fcf, 0x8059, 0x804a,
   0x7ffd, 0x801c, 0x800c, 0x7fde, 0x7fee, 0x7fb0, 0x800c, 0x800c, 0x801c,
   0x7ffd, 0x804a, 0x7fee, 0x7fc0, 0x7fde, 0x7fc0, 0x7fee, 0x800c, 0x7fcf,
   0x7fcf, 0x7ffd, 0x7fde, 0x7fde, 0x8059, 0x8059, 0x800c, 0x800c, 0x803a,
   0x800c, 0x7fde, 0x800c, 0x800c, 0x800c, 0x800c, 0x803a, 0x801c, 0x7fc0,
   0x7fc0, 0x7fc0, 0x800c, 0x7fee, 0x7ffd, 0x7fee, 0x800c, 0x8059, 0x7ffd,
   0x7fcf, 0x7fcf, 0x7fcf, 0x7fee, 0x800c, 0x800c, 0x803a, 0x80b5, 0x802b,
   0x8078, 0x80d4, 0x804a, 0x8059, 0x800c, 0x8059, 0x800c, 0x801c, 0x7fde,
   0x7fcf, 0x800c, 0x7fde, 0x800c, 0x7fde, 0x7fc0, 0x7fee, 0x800c, 0x802b,
   0x801c, 0x800c, 0x8059, 0x802b, 0x802b, 0x804a, 0x803a, 0x800c, 0x7fee,
   0x7fee, 0x800c, 0x7ffd, 0x803a, 0x802b, 0x800c, 0x801c, 0x7ffd, 0x7fc0,
   0x7fde, 0x7fc0, 0x7fc0, 0x7fa1, 0x7fee, 0x7fcf, 0x7fc0, 0x7fa1, 0x7fee,
   0x801c, 0x800c, 0x802b, 0x7fcf, 0x800c, 0x7fde, 0x7fb0, 0x7fc0, 0x802b,
   0x800c, 0x7ffd, 0x7f64, 0x7f26, 0x7f82, 0x7f17, 0x7f92, 0x7f82, 0x7fc0,
   0x7fb0, 0x7fde, 0x7f73, 0x7fc0, 0x7fb0, 0x800c, 0x800c, 0x7fee, 0x7fcf,
   0x800c, 0x800c, 0x800c, 0x7ffd, 0x7fde, 0x7fde, 0x7ffd, 0x7fde, 0x7fc0,
   0x7fde, 0x7fcf, 0x7fee, 0x7fb0, 0x7ffd, 0x7fde, 0x7f82, 0x7f82, 0x7fb0,
   0x7fc0, 0x7fde, 0x7fee, 0x7f73, 0x800c, 0x803a, 0x7ffd, 0x7ffd, 0x7fc0,
   0x7fb0, 0x7ffd, 0x800c, 0x800c, 0x800c, 0x7fee, 0x800c, 0x7fde, 0x800c,
   0x800c, 0x800c, 0x803a, 0x800c, 0x801c, 0x800c, 0x800c, 0x7fee, 0x800c,
   0x802b, 0x7ffd, 0x800c, 0x7fde, 0x7fee, 0x801c, 0x802b, 0x800c, 0x7fee,
   0x7fb0, 0x7fcf, 0x7fde, 0x7f64, 0x7fa1, 0x7fcf, 0x800c, 0x7fde, 0x7fa1,
   0x7f82, 0x7f82, 0x7f92, 0x7fc0, 0x800c, 0x800c, 0x7fcf, 0x800c, 0x803a,
   0x800c, 0x7fcf, 0x7fb0, 0x7fb0, 0x7fb0, 0x800c, 0x800c, 0x800c, 0x804a,
   0x7fee, 0x7ffd, 0x7fee, 0x7ffd, 0x7fc0, 0x801c, 0x7ffd, 0x800c, 0x7ffd,
   0x801c, 0x804a, 0x801c, 0x801c, 0x8068, 0x8087, 0x802b, 0x7f92, 0x800c,
   0x801c, 0x803a, 0x801c, 0x801c, 0x7fcf, 0x7fb0, 0x7fc0, 0x7ffd, 0x7fde,
   0x7ffd, 0x803a, 0x800c, 0x800c, 0x7fa1, 0x800c, 0x803a, 0x7ffd, 0x800c,
   0x800c, 0x801c, 0x800c, 0x800c, 0x7fee, 0x802b, 0x800c, 0x7ffd, 0x801c,
   0x800c, 0x7fde, 0x802b, 0x8068, 0x802b, 0x802b, 0x803a, 0x800c, 0x7ffd,
   0x7fee, 0x801c, 0x803a, 0x800c, 0x801c, 0x803a, 0x804a, 0x8059, 0x8059,
   0x803a, 0x802b, 0x800c, 0x7ffd, 0x803a, 0x800c, 0x7ffd, 0x802b, 0x803a,
   0x802b, 0x803a, 0x803a, 0x801c, 0x801c, 0x801c, 0x801c, 0x80a6, 0x80c4,
   0x80a6, 0x803a, 0x7fde, 0x7ffd, 0x801c, 0x800c, 0x801c, 0x7fde, 0x8087,
   0x8096, 0x7fde, 0x801c, 0x8059, 0x8059, 0x8068, 0x8068, 0x8096, 0x8068,
   0x804a, 0x8068, 0x8068, 0x8078, 0x8078, 0x8068, 0x801c, 0x7ffd, 0x800c,
   0x8096, 0x803a, 0x800c, 0x7fee, 0x7fc0, 0x7fde, 0x800c, 0x800c, 0x7fde,
   0x8059, 0x80b5, 0x80c4, 0x8102, 0x80c4, 0x80c4, 0x80a6, 0x80b5, 0x8096,
   0x8096, 0x80b5, 0x80c4, 0x803a, 0x8096, 0x8059, 0x80a6, 0x8087, 0x8078,
   0x8087, 0x804a, 0x801c, 0x802b, 0x803a, 0x801c, 0x8059, 0x8087, 0x8068,
   0x8078, 0x80e3, 0x8068, 0x8068, 0x8068, 0x8096, 0x8068, 0x8078, 0x80f2,
   0x8078, 0x80c4, 0x80c4, 0x80b5, 0x8068, 0x8068, 0x801c, 0x803a, 0x801c,
   0x8059, 0x800c, 0x804a, 0x802b, 0x800c, 0x800c, 0x8068, 0x802b, 0x80c4,
   0x80c4, 0x80e3, 0x8068, 0x8096, 0x800c, 0x80c4, 0x8096, 0x802b, 0x800c,
   0x8059, 0x802b, 0x7fde, 0x7fde, 0x802b, 0x800c, 0x7fee, 0x803a, 0x803a,
   0x8096, 0x802b, 0x803a, 0x7fee, 0x7fb0, 0x7fde, 0x7fb0, 0x801c, 0x803a,
   0x804a, 0x800c, 0x7fc0, 0x801c, 0x8096, 0x800c, 0x7fee, 0x7fde, 0x800c,
   0x7ffd, 0x7ffd, 0x7fde, 0x800c, 0x804a, 0x804a, 0x800c, 0x7fee, 0x803a,
   0x803a, 0x7ffd, 0x7fde, 0x802b, 0x7fcf, 0x7fcf, 0x7fb0, 0x7f73, 0x7fcf,
   0x801c, 0x7fc0, 0x7ffd, 0x7fcf, 0x7fee, 0x7fde, 0x801c, 0x7fde, 0x7f92,
   0x7f73, 0x7fee, 0x800c, 0x7ffd, 0x7fde, 0x7f90, 0x7fcf, 0x7fdd, 0x7fbe,
   0x7f72, 0x7fbe, 0x7f62, 0x7fcf, 0x7f92, 0x7f73, 0x7f64, 0x7fcf, 0x7fc0,
   0x800c, 0x7fcf, 0x7fc0, 0x7fa1, 0x7f64, 0x7fb0, 0x7f92, 0x7f54, 0x7fc0,
   0x7fde, 0x7fb0, 0x7fc0, 0x7fa1, 0x7fa1, 0x7f36, 0x7f64, 0x7f26, 0x7f92,
   0x7f73, 0x7f82, 0x7f92, 0x7e7e, 0x7d98, 0x7c08, 0x7a4b, 0x7aa7, 0x7bda,
   0x7d88, 0x7fc0, 0x80b5, 0x81ba, 0x81d8, 0x81ba, 0x816d, 0x813f, 0x8130,
   0x8120, 0x8111, 0x80f2, 0x80d4, 0x8078, 0x8096, 0x802b, 0x802b, 0x800c,
   0x7fcf, 0x7fcf, 0x7fa1, 0x7fa1, 0x7fa1, 0x7f26, 0x7f64, 0x7f54, 0x7f82,
   0x7fc0, 0x7fb0, 0x7fc0, 0x7f64, 0x7fa1, 0x7f45, 0x7f64, 0x7ef8, 0x7eda,
   0x7f92, 0x7f45, 0x7f26, 0x7f08, 0x7f73, 0x7f64, 0x7f92, 0x7f82, 0x7f73,
   0x7f73, 0x7f73, 0x7f92, 0x7f45, 0x7f36, 0x7f64, 0x7fee, 0x7fc0, 0x7fb0,
   0x7f92, 0x7f73, 0x7f45, 0x7f54, 0x7f73, 0x7f73, 0x7f82, 0x7fde, 0x7fb0,
   0x7fcf, 0x7fde, 0x7fde, 0x7fa1, 0x7fb0, 0x7fb0, 0x7fcf, 0x7fa1, 0x800c,
   0x801c, 0x7fcf, 0x7fb0, 0x7ffd, 0x7fc0, 0x7fa1, 0x7f54, 0x7f82, 0x7fa1,
   0x7fa1, 0x7fde, 0x7ffd, 0x7fc0, 0x7f92, 0x7fde, 0x7f54, 0x7fb0, 0x7fb0,
   0x7f64, 0x7fc0, 0x7fde, 0x7fc0, 0x7fb0, 0x7fb0, 0x7f92, 0x7fde, 0x802b,
   0x800c, 0x7fee, 0x801c, 0x802b, 0x801c, 0x800c, 0x800c, 0x802b, 0x801c,
   0x801c, 0x801c, 0x803a, 0x8059, 0x800c, 0x804a, 0x804a, 0x801c, 0x8068,
   0x802b, 0x8078, 0x804a, 0x8068, 0x803a, 0x804a, 0x802b, 0x8087, 0x804a,
   0x801c, 0x800c, 0x7ffd, 0x7fde, 0x802b, 0x800c, 0x801c, 0x7fc0, 0x7fde,
   0x7fee, 0x7fb0, 0x7fa1, 0x7ffd, 0x7fcf, 0x7fee, 0x800c, 0x803a, 0x8078,
   0x804a, 0x8068, 0x804a, 0x8068, 0x8087, 0x8078, 0x801c, 0x80b5, 0x8059,
   0x8078, 0x8078, 0x8068, 0x8096, 0x804a, 0x8059, 0x804a, 0x8068, 0x803a,
   0x8078, 0x8068, 0x801c, 0x8087, 0x8078, 0x8059, 0x8068, 0x804a, 0x8078,
   0x8068, 0x8059, 0x7fb0, 0x8059, 0x804a, 0x8068, 0x8068, 0x802b, 0x8068,
   0x8059, 0x800c, 0x801c, 0x804a, 0x800c, 0x8059, 0x8059, 0x8096, 0x8068,
   0x8096, 0x804a, 0x8059, 0x80a6, 0x8096, 0x80b5, 0x8096, 0x8059, 0x8059,
   0x8087, 0x80c4, 0x8068, 0x804a, 0x804a, 0x8078, 0x804a, 0x804a, 0x8078,
   0x8059, 0x8087, 0x8059, 0x7ffd, 0x800c, 0x8059, 0x803a, 0x801c, 0x8068,
   0x8087, 0x804a, 0x800c, 0x7fde, 0x800c, 0x801c, 0x8059, 0x800c, 0x801c,
   0x801c, 0x8068, 0x8096, 0x8068, 0x80a6, 0x802b, 0x8078, 0x7ffd, 0x7fc0,
   0x7fcf, 0x7fc0, 0x7fa1, 0x7fa1, 0x7fee, 0x800c, 0x7fb0, 0x7f64, 0x7f92,
   0x7fcf, 0x7ffd, 0x801c, 0x7fc0, 0x801c, 0x802b, 0x803a, 0x7fee, 0x801c,
   0x800c, 0x802b, 0x800c, 0x7fde, 0x8087, 0x8059, 0x803a, 0x7fcf, 0x7fde,
   0x7fb0, 0x7fcf, 0x7fde, 0x800c, 0x8068, 0x8059, 0x801c, 0x803a, 0x800c,
   0x7fa1, 0x7fa1, 0x7fde, 0x7f82, 0x7fa1, 0x7fcf, 0x800c, 0x7fc0, 0x7fc0,
   0x7fb0, 0x7fde, 0x7fee, 0x801c, 0x7ffd, 0x800c, 0x7ffd, 0x803a, 0x801c,
   0x803a, 0x7fde, 0x7fee, 0x7fcf, 0x7ffd, 0x8068, 0x802b, 0x802b, 0x801c,
   0x7fde, 0x801c, 0x7fee, 0x800c, 0x7fa1, 0x7fa1, 0x7f64, 0x7f92, 0x7f17,
   0x7fb0, 0x7fc0, 0x7fde, 0x7fee, 0x801c, 0x7ffd, 0x800c, 0x7fee, 0x7ffd,
   0x7fcf, 0x7f64, 0x7f64, 0x7f82, 0x800c, 0x7fcf, 0x7fa1, 0x7fa1, 0x7f92,
   0x7fb0, 0x801c, 0x7ffd, 0x7fc0, 0x7fb0, 0x800c, 0x7fa1, 0x7fc0, 0x7f64,
   0x7fa1, 0x7f92, 0x7fa1, 0x7f64, 0x7f82, 0x7f92, 0x7fb0, 0x7fb0, 0x7fb0,
   0x7f92, 0x7fa1, 0x7f92, 0x7fcf, 0x7f82, 0x7f73, 0x7fb0, 0x7fa1, 0x7fc0,
   0x7fb0, 0x7fcf, 0x7fcf, 0x800c, 0x7f92, 0x7f73, 0x7f26, 0x7f82, 0x7fb0,
   0x7f92, 0x800c, 0x7fee, 0x7fee, 0x800c, 0x7fde, 0x7fee, 0x800c, 0x800c,
   0x7fa1, 0x7f45, 0x800c, 0x800c, 0x7ffd, 0x7fee, 0x7fc0, 0x7fc0, 0x7fde,
   0x7fde, 0x7fc0, 0x7f73, 0x7f82, 0x7fcf, 0x7fde, 0x7fde, 0x7ffd, 0x7f92,
   0x7f82, 0x7fcf, 0x7f73, 0x7f92, 0x7fa1, 0x7f64, 0x7f54, 0x7fa1, 0x7fee,
   0x800c, 0x7fde, 0x7fb0, 0x7fb0, 0x7fde, 0x7ffd, 0x7fc0, 0x7ffd, 0x800c,
   0x7ffd, 0x7fde, 0x7fa1, 0x7fc0, 0x7fc0, 0x7f92, 0x7f08, 0x7f92, 0x7f73,
   0x7f36, 0x7f64, 0x7fa1, 0x7fde, 0x7fde, 0x7fcf, 0x800c, 0x801c, 0x7fc0,
   0x800c, 0x800c, 0x7fde, 0x7fee, 0x7fc0, 0x7f73, 0x7f17, 0x7f73, 0x7fa1,
   0x7fee, 0x7fa1, 0x7fee, 0x800c, 0x800c, 0x7ffd, 0x7fb0, 0x7f92, 0x7fde,
   0x800c, 0x802b, 0x7fde, 0x7fee, 0x7fa1, 0x800c, 0x803a, 0x802b, 0x802b,
   0x7ffd, 0x7fee, 0x800c, 0x801c, 0x7fb0, 0x800c, 0x7ffd, 0x800c, 0x7fde,
   0x800c, 0x7ffd, 0x7ffd, 0x800c, 0x7ffd, 0x7fc0, 0x7f26, 0x7e40, 0x7c64,
   0x7ae4, 0x7c08, 0x7d3a, 0x7ef8, 0x8059, 0x818c, 0x8272, 0x8262, 0x82af,
   0x81d8, 0x81d8, 0x817c, 0x814e, 0x8111, 0x8130, 0x80f2, 0x813f, 0x80f2,
   0x8130, 0x8120, 0x80f2, 0x804a, 0x802b, 0x801c, 0x8078, 0x802b, 0x801c,
   0x7fee, 0x7fee, 0x803a, 0x801c, 0x7fee, 0x7fb0, 0x7fb0, 0x7f64, 0x7ffd,
   0x801c, 0x7fee, 0x7fee, 0x7fc0, 0x7f45, 0x7f73, 0x7f36, 0x7fc0, 0x7f73,
   0x7f92, 0x7f73, 0x7f92, 0x7fb0, 0x7f64, 0x7fa1, 0x7f92, 0x7fa1, 0x7fde,
   0x800c, 0x7fde, 0x7f73, 0x7f45, 0x7fa1, 0x7fb0, 0x7f92, 0x7fcf, 0x7fee,
   0x7fb0, 0x7fde, 0x7fde, 0x7ffd, 0x800c, 0x7fc0, 0x7f73, 0x7f73, 0x7fa1,
   0x7fc0, 0x7fc0, 0x7fde, 0x7fb0, 0x7f92, 0x7f73, 0x7f45, 0x7f73, 0x7f92,
   0x7f26, 0x7f54, 0x7f73, 0x7f92, 0x7fa1, 0x7fb0, 0x7fa1, 0x7fde, 0x7fcf,
   0x7f73, 0x7fa1, 0x7f45, 0x7f82, 0x7f26, 0x7f73, 0x7fc0, 0x7ffd, 0x7fde,
   0x7fc0, 0x7f92, 0x7fb0, 0x7fee, 0x7fb0, 0x7fa1, 0x7fa1, 0x7f73, 0x7fb0,
   0x7fc0, 0x7f82, 0x7f92, 0x7fee, 0x800c, 0x7fcf, 0x7fc0, 0x7ffd, 0x7ffd,
   0x7fb0, 0x7fee, 0x7fcf, 0x7ffd, 0x7fb0, 0x7f64, 0x7fc0, 0x7f92, 0x7fa1,
   0x7f54, 0x7f92, 0x7fb0, 0x7f82, 0x7fc0, 0x7f92, 0x7f45, 0x7fb0, 0x7f82,
   0x7fc0, 0x7fcf, 0x7fde, 0x7f92, 0x7fc0, 0x7fa1, 0x7fa1, 0x802b, 0x800c,
   0x7fcf, 0x800c, 0x7ffd, 0x7fcf, 0x7fde, 0x7fee, 0x7fee, 0x7fee, 0x7fc0,
   0x7fcf, 0x802b, 0x800c, 0x7fde, 0x802b, 0x7fee, 0x7fa1, 0x7fc0, 0x7fcf,
   0x7fde, 0x7fa1, 0x800c, 0x7fee, 0x8059, 0x7fde, 0x7fc0, 0x7fcf, 0x7fde,
   0x7ffd, 0x801c, 0x803a, 0x7fb0, 0x7f92, 0x7fde, 0x803a, 0x800c, 0x7fde,
   0x7ffd, 0x7fb0, 0x7fcf, 0x7fde, 0x7fb0, 0x8059, 0x802b, 0x800c, 0x803a,
   0x800c, 0x804a, 0x8087, 0x800c, 0x801c, 0x800c, 0x803a, 0x803a, 0x803a,
   0x804a, 0x803a, 0x8059, 0x804a, 0x801c, 0x7ffd, 0x800c, 0x800c, 0x803a,
   0x803a, 0x8078, 0x80a6, 0x801c, 0x802b, 0x8059, 0x8059, 0x801c, 0x7fee,
   0x802b, 0x803a, 0x8096, 0x8068, 0x80a6, 0x802b, 0x800c, 0x802b, 0x8087,
   0x803a, 0x803a, 0x8068, 0x8068, 0x8096, 0x801c, 0x803a, 0x802b, 0x8078,
   0x8059, 0x804a, 0x804a, 0x802b, 0x801c, 0x802b, 0x8068, 0x8096, 0x802b,
   0x803a, 0x8059, 0x80c4, 0x8068, 0x8068, 0x802b, 0x7fde, 0x800c, 0x800c,
   0x7fee, 0x801c, 0x800c, 0x7f82, 0x7f64, 0x7fb0, 0x800c, 0x800c, 0x803a,
   0x800c, 0x800c, 0x7fb0, 0x7fc0, 0x804a, 0x802b, 0x7fa1, 0x7fb0, 0x7fde,
   0x7fee, 0x7fcf, 0x801c, 0x801c, 0x804a, 0x801c, 0x8059, 0x8059, 0x8096,
   0x803a, 0x7ffd, 0x8068, 0x800c, 0x800c, 0x8059, 0x8059, 0x800c, 0x8059,
   0x804a, 0x7ffd, 0x800c, 0x7fde, 0x7fcf, 0x800c, 0x7ffd, 0x7fee, 0x801c,
   0x7ffd, 0x801c, 0x7fee, 0x804a, 0x8068, 0x800c, 0x7fee, 0x801c, 0x7ffd,
   0x7fee, 0x800c, 0x800c, 0x7ffd, 0x803a, 0x7ffd, 0x7ffd, 0x7fde, 0x7fde,
   0x7fee, 0x7fee, 0x800c, 0x7fde, 0x7fc0, 0x800c, 0x800c, 0x7fde, 0x804a,
   0x804a, 0x804a, 0x8078, 0x8068, 0x800c, 0x802b, 0x8068, 0x804a, 0x801c,
   0x800c, 0x800c, 0x800c, 0x7ffd, 0x803a, 0x800c, 0x804a, 0x8068, 0x8059,
   0x8059, 0x801c, 0x801c, 0x802b, 0x800c, 0x8096, 0x8059, 0x800c, 0x800c,
   0x800c, 0x800c, 0x801c, 0x7fb0, 0x7ffd, 0x7ffd, 0x800c, 0x800c, 0x804a,
   0x800c, 0x8059, 0x802b, 0x804a, 0x8078, 0x801c, 0x801c, 0x8078, 0x800c,
   0x801c, 0x7fde, 0x800c, 0x800c, 0x7fee, 0x7fee, 0x7fde, 0x800c, 0x800c,
   0x7fee, 0x7fb0, 0x7fcf, 0x7ffd, 0x800c, 0x7fee, 0x7fde, 0x7fee, 0x7ffd,
   0x800c, 0x802b, 0x7fde, 0x7fa1, 0x7fee, 0x800c, 0x802b, 0x801c, 0x800c,
   0x7ffd, 0x803a, 0x800c, 0x804a, 0x8059, 0x803a, 0x800c, 0x7fb0, 0x7fee,
   0x801c, 0x8059, 0x8078, 0x802b, 0x800c, 0x7ffd, 0x7fcf, 0x800c, 0x800c,
   0x800c, 0x7fc0, 0x7fde, 0x7ffd, 0x7fcf, 0x7fee, 0x7f64, 0x800c, 0x800c,
   0x7ffd, 0x803a, 0x800c, 0x800c, 0x7ffd, 0x7fee, 0x7ffd, 0x7fcf, 0x800c,
   0x7fde, 0x7ffd, 0x801c, 0x803a, 0x7ffd, 0x7fee, 0x7ffd, 0x7fee, 0x800c,
   0x7fee, 0x803a, 0x7ffd, 0x801c, 0x7fde, 0x800c, 0x801c, 0x7fee, 0x800c,
   0x804a, 0x804a, 0x802b, 0x7ffd, 0x800c, 0x802b, 0x801c, 0x8059, 0x803a,
   0x8059, 0x800c, 0x800c, 0x8059, 0x804a, 0x8078, 0x803a, 0x802b, 0x800c,
   0x7fcf, 0x800c, 0x801c, 0x7fc0, 0x7f73, 0x7f73, 0x7f82, 0x7ffd, 0x7fcf,
   0x7fb0, 0x7fc0, 0x7ffd, 0x800c, 0x7fcf, 0x7ffd, 0x804a, 0x804a, 0x800c,
   0x802b, 0x801c, 0x800c, 0x804a, 0x803a, 0x8059, 0x802b, 0x801c, 0x804a,
   0x8059, 0x8078, 0x8068, 0x8068, 0x804a, 0x800c, 0x802b, 0x8068, 0x8096,
   0x8096, 0x80c4, 0x8096, 0x8078, 0x802b, 0x8059, 0x8087, 0x8068, 0x8078,
   0x8078, 0x8078, 0x803a, 0x8078, 0x8059, 0x804a, 0x8087, 0x8068, 0x80e3,
   0x8111, 0x80c4, 0x8111, 0x8111, 0x80e3, 0x80b5, 0x80d4, 0x80c4, 0x80d4,
   0x803a, 0x80a6, 0x80a6, 0x80d4, 0x80d4, 0x8096, 0x8087, 0x80b5, 0x8096,
   0x80e3, 0x80c4, 0x80a6, 0x80b5, 0x80c4, 0x8087, 0x8096, 0x80e3, 0x8120,
   0x80c4, 0x80b5, 0x80a6, 0x8059, 0x8096, 0x80c4, 0x8096, 0x8087, 0x80a6,
   0x8059, 0x80e3, 0x80e3, 0x8102, 0x80b5, 0x80e3, 0x80f2, 0x8096, 0x8087,
   0x8096, 0x80a6, 0x803a, 0x8096, 0x804a, 0x802b, 0x803a, 0x8059, 0x8059,
   0x8096, 0x80a6, 0x8096, 0x8068, 0x803a, 0x800c, 0x803a, 0x803a, 0x7ffd,
   0x8059, 0x804a, 0x803a, 0x8059, 0x8087, 0x8096, 0x8068, 0x8087, 0x80c4,
   0x802b, 0x804a, 0x7fde, 0x802b, 0x800c, 0x803a, 0x800c, 0x7ffd, 0x7fde,
   0x800c, 0x801c, 0x800c, 0x8059, 0x8096, 0x802b, 0x8068, 0x801c, 0x801c,
   0x7fde, 0x7fb0, 0x800c, 0x7fee, 0x7fde, 0x7fee, 0x7ffd, 0x800c, 0x802b,
   0x7ffd, 0x7ffd, 0x7fde, 0x7fde, 0x7fcf, 0x7fb0, 0x7fa1, 0x7fc0, 0x7fde,
   0x801c, 0x800c, 0x800c, 0x7fc0, 0x802b, 0x803a, 0x802b, 0x802b, 0x8078,
   0x8059, 0x800c, 0x801c, 0x7ffd, 0x800c, 0x7fcf, 0x7fb0, 0x7fc0, 0x7fde,
   0x800c, 0x7fc0, 0x7fb0, 0x7fcf, 0x800c, 0x800c, 0x7fa1, 0x7f54, 0x7f92,
   0x7f64, 0x7fcf, 0x7fcf, 0x7fde, 0x7ffd, 0x7fee, 0x801c, 0x7fde, 0x800c,
   0x7fb0, 0x7f82, 0x7f82, 0x7f64, 0x7f73, 0x7fa1, 0x7f92, 0x7f82, 0x7f73,
   0x7fb0, 0x7ffd, 0x7f73, 0x7f73, 0x7fa1, 0x7fcf, 0x7fa1, 0x7f73, 0x7f54,
   0x7f82, 0x7fcf, 0x7fcf, 0x7fcf, 0x7fc0, 0x7fc0, 0x7f92, 0x7fde, 0x7fcf,
   0x7fb0, 0x7f92, 0x7fc0, 0x7fa1, 0x7f54, 0x7f36, 0x7fa1, 0x7fee, 0x7fcf,
   0x7fb0, 0x800c, 0x7fde, 0x7fa1, 0x7f54, 0x7f64, 0x7fb0, 0x7f73, 0x7fcf,
   0x7f45, 0x7fb0, 0x7f64, 0x7f64, 0x7f54, 0x7fc0, 0x7fa1, 0x7fb0, 0x7f92,
   0x7f64, 0x7f82, 0x7f73, 0x7f92, 0x7fcf, 0x7f92, 0x7f64, 0x7fa1, 0x7fee,
   0x7fcf, 0x7fde, 0x7f82, 0x7fa1, 0x7ffd, 0x801c, 0x801c, 0x7ffd, 0x7ffd,
   0x8059, 0x802b, 0x802b, 0x802b, 0x800c, 0x7fcf, 0x7fa1, 0x7fde, 0x7f64,
   0x7ffd, 0x7f92, 0x7f54, 0x7fa1, 0x7f54, 0x7f36, 0x7f45, 0x7f54, 0x7f82,
   0x7fb0, 0x7fb0, 0x7fcf, 0x7fb0, 0x7f17, 0x7fb0, 0x7f92, 0x7fc0, 0x7fee,
   0x7fa1, 0x800c, 0x7fa1, 0x7fb0, 0x7f92, 0x7fb0, 0x7fa1, 0x7f64, 0x7f82,
   0x7f73, 0x7ffd, 0x7fa1, 0x7f82, 0x7f73, 0x7fc0, 0x7fb0, 0x7fb0, 0x800c,
   0x7fde, 0x7fc0, 0x7fde, 0x7fee, 0x7f92, 0x7f92, 0x7fb0, 0x7fde, 0x800c,
   0x7ffd, 0x7fc0, 0x800c, 0x7fb0, 0x7fa1, 0x7fcf, 0x7fa1, 0x7fa1, 0x7fb0,
   0x7f82, 0x7fb0, 0x7f73, 0x7f54, 0x7f64, 0x7fb0, 0x7fcf, 0x7fcf, 0x7fa1,
   0x7fc0, 0x7fa1, 0x7fb0, 0x7fa1, 0x7fb0, 0x7fcf, 0x7fde, 0x7ffd, 0x800c,
   0x7fde, 0x7fb0, 0x7fc0, 0x7f82, 0x800c, 0x7fb0, 0x7fcf, 0x7fb0, 0x7fb0,
   0x7fee, 0x7ffd, 0x7fde, 0x7fcf, 0x7fa1, 0x7fee, 0x803a, 0x8068, 0x800c,
   0x7fde, 0x7fc0, 0x7fde, 0x7fa1, 0x7fde, 0x7fa1, 0x7f82, 0x7fc0, 0x7f54,
   0x7fde, 0x7fde, 0x7fee, 0x7f92, 0x7f54, 0x7fc0, 0x7fa1, 0x7f92, 0x7ffd,
   0x7fb0, 0x800c, 0x7f82, 0x7fc0, 0x7fc0, 0x7fde, 0x7fee, 0x7fde, 0x7fb0,
   0x7fee, 0x7fc0, 0x7fde, 0x800c, 0x800c, 0x7fde, 0x802b, 0x801c, 0x802b,
   0x801c, 0x7fee, 0x7fa1, 0x7fa1, 0x7fc0, 0x7fde, 0x7fcf, 0x801c, 0x803a,
   0x801c, 0x803a, 0x7fee, 0x801c, 0x7fde, 0x801c, 0x7fde, 0x7fa1, 0x7fde,
   0x7fee, 0x803a, 0x7fde, 0x7fc0, 0x7fde, 0x7fee, 0x800c, 0x802b, 0x804a,
   0x804a, 0x8059, 0x800c, 0x7ffd, 0x7fb0, 0x7f64, 0x7fa1, 0x7fde, 0x7fee,
   0x7fa1, 0x7fee, 0x7fcf, 0x800c, 0x7fb0, 0x7fc0, 0x7fb0, 0x7fc0, 0x7fb0,
   0x7f92, 0x7fee, 0x800c, 0x801c, 0x800c, 0x7ffd, 0x7fcf, 0x7fee, 0x7fb0,
   0x800c, 0x801c, 0x800c, 0x7ffd, 0x8059, 0x7fcf, 0x800c, 0x7ffd, 0x800c,
   0x8078, 0x8059, 0x8068, 0x803a, 0x8068, 0x802b, 0x804a, 0x8068, 0x7fde,
   0x7fee, 0x7ffd, 0x800c, 0x800c, 0x802b, 0x7fee, 0x7ffd, 0x7fee, 0x803a,
   0x802b, 0x800c, 0x800c, 0x800c, 0x803a, 0x8068, 0x803a, 0x80b5, 0x80a6,
   0x80c4, 0x804a, 0x8087, 0x8059, 0x80b5, 0x7fee, 0x800c, 0x7ffd, 0x7ffd,
   0x804a, 0x7fee, 0x800c, 0x8059, 0x8096, 0x802b, 0x804a, 0x802b, 0x8068,
   0x802b, 0x7fcf, 0x802b, 0x804a, 0x804a, 0x8087, 0x8087, 0x8059, 0x804a,
   0x804a, 0x7fee, 0x800c, 0x7ffd, 0x7fee, 0x800c, 0x802b, 0x800c, 0x7fde,
   0x800c, 0x800c, 0x804a, 0x804a, 0x8059, 0x800c, 0x800c, 0x800c, 0x801c,
   0x803a, 0x7fee, 0x7fee, 0x8087, 0x8059, 0x8087, 0x80d4, 0x80a6, 0x7fee,
   0x8087, 0x802b, 0x803a, 0x8078, 0x803a, 0x7f08, 0x7df4, 0x7c08, 0x7b03,
   0x7bf8, 0x7d4b, 0x7f54, 0x80c4, 0x81d8, 0x8234, 0x8244, 0x8262, 0x8253,
   0x8225, 0x8216, 0x8234, 0x816d, 0x818c, 0x814e, 0x813f, 0x80f2, 0x80d4,
   0x8087, 0x8078, 0x8096, 0x8078, 0x8078, 0x8087, 0x802b, 0x800c, 0x801c,
   0x803a, 0x804a, 0x8059, 0x7fde, 0x7fde, 0x7fcf, 0x7ffd, 0x800c, 0x7ffd,
   0x7ffd, 0x800c, 0x800c, 0x802b, 0x7fa1, 0x7fcf, 0x7fc0, 0x800c, 0x7fcf,
   0x7fde, 0x7ffd, 0x802b, 0x8059, 0x801c, 0x7fde, 0x801c, 0x801c, 0x8068,
   0x7ffd, 0x800c, 0x800c, 0x8078, 0x7fee, 0x803a, 0x7fee, 0x7ffd, 0x800c,
   0x802b, 0x7fee, 0x803a, 0x801c, 0x803a, 0x800c, 0x7fb0, 0x7f73, 0x7fc0,
   0x7fa1, 0x7f92, 0x800c, 0x802b, 0x800c, 0x802b, 0x802b, 0x7ffd, 0x801c,
   0x7fee, 0x7fde, 0x801c, 0x7ffd, 0x7fc0, 0x7fde, 0x802b, 0x800c, 0x801c,
   0x800c, 0x803a, 0x801c, 0x803a, 0x803a, 0x804a, 0x803a, 0x7fee, 0x7fee,
   0x7fb0, 0x800c, 0x800c, 0x801c, 0x802b, 0x802b, 0x800c, 0x8059, 0x800c,
   0x800c, 0x800c, 0x801c, 0x800c, 0x8087, 0x800c, 0x7ffd, 0x7fde, 0x7ffd,
   0x803a, 0x804a, 0x800c, 0x7fee, 0x800c, 0x7fde, 0x7ffd, 0x801c, 0x803a,
   0x7fcf, 0x7fee, 0x7ffd, 0x7fee, 0x800c, 0x7ffd, 0x7fa1, 0x7fc0, 0x7ffd,
   0x7ffd, 0x800c, 0x800c, 0x801c, 0x7f82, 0x7ffd, 0x801c, 0x803a, 0x7ffd,
   0x7ffd, 0x800c, 0x7ffd, 0x803a, 0x804a, 0x7ffd, 0x7ffd, 0x8059, 0x8096,
   0x80a6, 0x8059, 0x8068, 0x802b, 0x8059, 0x8078, 0x801c, 0x80a6, 0x802b,
   0x7fde, 0x803a, 0x804a, 0x804a, 0x7ffd, 0x801c, 0x800c, 0x800c, 0x7fcf,
   0x800c, 0x804a, 0x800c, 0x802b, 0x802b, 0x7fde, 0x803a, 0x803a, 0x7fde,
   0x7fee, 0x802b, 0x7fee, 0x800c, 0x7fa1, 0x7fee, 0x7fee, 0x800c, 0x802b,
   0x7fcf, 0x7fde, 0x7fcf, 0x800c, 0x7fc0, 0x800c, 0x801c, 0x800c, 0x801c,
   0x800c, 0x7fcf, 0x803a, 0x800c, 0x800c, 0x802b, 0x801c, 0x802b, 0x801c,
   0x800c, 0x7fee, 0x7fee, 0x7ffd, 0x800c, 0x7fcf, 0x7fde, 0x7fc0, 0x800c,
   0x8068, 0x8068, 0x802b, 0x800c, 0x7fb0, 0x7fde, 0x7fde, 0x802b, 0x800c,
   0x7fde, 0x7ffd, 0x801c, 0x800c, 0x800c, 0x8068, 0x801c, 0x800c, 0x7ffd,
   0x803a, 0x804a, 0x801c, 0x800c, 0x803a, 0x7ffd, 0x800c, 0x7ffd, 0x804a,
   0x803a, 0x800c, 0x7ffd, 0x8059, 0x7ffd, 0x8078, 0x802b, 0x804a, 0x804a,
   0x7fc0, 0x7fde, 0x7ffd, 0x7fee, 0x7fee, 0x7fee, 0x7fee, 0x801c, 0x7fee,
   0x7ffd, 0x7fb0, 0x801c, 0x7f92, 0x800c, 0x8078, 0x8059, 0x800c, 0x804a,
   0x8059, 0x801c, 0x803a, 0x803a, 0x8059, 0x7ffd, 0x802b, 0x800c, 0x802b,
   0x801c, 0x7fee, 0x803a, 0x800c, 0x804a, 0x7fee, 0x7ffd, 0x7fa1, 0x7fde,
   0x800c, 0x7fde, 0x801c, 0x803a, 0x7ffd, 0x802b, 0x803a, 0x801c, 0x7fde,
   0x800c, 0x800c, 0x800c, 0x804a, 0x8068, 0x800c, 0x7fde, 0x7fc0, 0x7fc0,
   0x801c, 0x7fb0, 0x7fee, 0x7fee, 0x801c, 0x803a, 0x800c, 0x7ffd, 0x7fcf,
   0x7fa1, 0x800c, 0x7ffd, 0x7fc0, 0x7f82, 0x7fb0, 0x7f92, 0x7fa1, 0x7fcf,
   0x7ffd, 0x7fcf, 0x7fcf, 0x7fee, 0x8059, 0x803a, 0x803a, 0x801c, 0x801c,
   0x7fee, 0x7f82, 0x7f82, 0x7fa1, 0x7fcf, 0x7fcf, 0x7fee, 0x801c, 0x804a,
   0x800c, 0x7ee9, 0x7f92, 0x7fee, 0x801c, 0x801c, 0x7fb0, 0x7ffd, 0x8059,
   0x802b, 0x803a, 0x803a, 0x7ffd, 0x7fc0, 0x7fc0, 0x7fa1, 0x7fde, 0x7fcf,
   0x7fee, 0x7fde, 0x7ffd, 0x800c, 0x7fcf, 0x800c, 0x7fee, 0x7fc0, 0x7fde,
   0x800c, 0x7ffd, 0x7fde, 0x800c, 0x7fc0, 0x800c, 0x803a, 0x800c, 0x801c,
   0x7fee, 0x7fde, 0x800c, 0x800c, 0x7ffd, 0x802b, 0x7fcf, 0x7f82, 0x7f92,
   0x7fa1, 0x7ffd, 0x7fb0, 0x7fde, 0x7fee, 0x7fc0, 0x7fee, 0x800c, 0x801c,
   0x802b, 0x803a, 0x802b, 0x800c, 0x800c, 0x800c, 0x7ffd, 0x7fde, 0x7fb0,
   0x7fc0, 0x7fde, 0x802b, 0x7fee, 0x800c, 0x7fde, 0x7ffd, 0x7fa1, 0x7fde,
   0x7fa1, 0x7fa1, 0x7fc0, 0x7f92, 0x7f54, 0x7fcf, 0x7ffd, 0x7fc0, 0x7fa1,
   0x7fde, 0x7f82, 0x7f82, 0x7f73, 0x7fc0, 0x7fa1, 0x7fa1, 0x7fa1, 0x801c,
   0x7f92, 0x7f82, 0x7fc0, 0x7fb0, 0x7f82, 0x7fc0, 0x7fb0, 0x7fa1, 0x7fc0,
   0x800c, 0x7fb0, 0x7fa1, 0x7f64, 0x7fb0, 0x7fee, 0x800c, 0x803a, 0x7fde,
   0x7ffd, 0x7fcf, 0x800c, 0x7fee, 0x7fb0, 0x7f54, 0x7fcf, 0x7fc0, 0x7fde,
   0x800c, 0x7fcf, 0x7fb0, 0x7f73, 0x7f92, 0x7fb0, 0x800c, 0x7fcf, 0x7fa1,
   0x7f92, 0x7fee, 0x7f73, 0x7f82, 0x7fde, 0x7fb0, 0x7ffd, 0x7fde, 0x800c,
   0x7fde, 0x7ffd, 0x801c, 0x7fde, 0x7fb0, 0x7f54, 0x7fcf, 0x7fde, 0x7f64,
   0x7fa1, 0x7fee, 0x7fc0, 0x7f82, 0x7fa1, 0x7fa1, 0x7f64, 0x7fc0, 0x7ffd,
   0x7fc0, 0x7fa1, 0x7fde, 0x7fb0, 0x7fcf, 0x800c, 0x7fcf, 0x800c, 0x7fc0,
   0x7fee, 0x7fa1, 0x7fee, 0x802b, 0x7fb0, 0x7fc0, 0x7f82, 0x7fee, 0x800c,
   0x801c, 0x7fde, 0x7fde, 0x800c, 0x800c, 0x7f64, 0x7f64, 0x7fa1, 0x7f92,
   0x7f92, 0x7fcf, 0x7fcf, 0x7f82, 0x801c, 0x7fde, 0x7ffd, 0x7fb0, 0x7fde,
   0x7f64, 0x800c, 0x7fcf, 0x801c, 0x7fee, 0x7fc0, 0x7fee, 0x800c, 0x7fee,
   0x803a, 0x801c, 0x800c, 0x800c, 0x802b, 0x7fde, 0x800c, 0x7fde, 0x7ffd,
   0x7fde, 0x800c, 0x7ffd, 0x7fc0, 0x7f92, 0x7fb0, 0x7fcf, 0x7fb0, 0x7fc0,
   0x7fc0, 0x7fa1, 0x7fa1, 0x7ffd, 0x800c, 0x7fee, 0x7fee, 0x7fa1, 0x7fee,
   0x802b, 0x7fb0, 0x7fa1, 0x800c, 0x800c, 0x804a, 0x7ffd, 0x7fee, 0x7fde,
   0x800c, 0x8078, 0x8059, 0x800c, 0x800c, 0x802b, 0x8068, 0x804a, 0x804a,
   0x8068, 0x802b, 0x801c, 0x8059, 0x803a, 0x8078, 0x8059, 0x8068, 0x8096,
   0x8059, 0x80f2, 0x8087, 0x80e3, 0x80a6, 0x8068, 0x80b5, 0x80b5, 0x80a6,
   0x8068, 0x804a, 0x8087, 0x80b5, 0x8078, 0x803a, 0x804a, 0x8059, 0x8096,
   0x80d4, 0x804a, 0x8078, 0x80b5, 0x8087, 0x804a, 0x8059, 0x804a, 0x804a,
   0x8068, 0x803a, 0x8087, 0x80c4, 0x804a, 0x803a, 0x8087, 0x8078, 0x8059,
   0x8059, 0x804a, 0x800c, 0x8068, 0x8087, 0x80a6, 0x8087, 0x8059, 0x804a,
   0x802b, 0x8068, 0x804a, 0x802b, 0x7fee, 0x801c, 0x804a, 0x801c, 0x800c,
   0x8087, 0x803a, 0x7fc0, 0x803a, 0x803a, 0x7fde, 0x802b, 0x7fde, 0x802b,
   0x7fde, 0x8059, 0x801c, 0x801c, 0x803a, 0x800c, 0x7fde, 0x7ffd, 0x7fde,
   0x7fee, 0x7fc0, 0x800c, 0x804a, 0x7ffd, 0x800c, 0x800c, 0x800c, 0x7fde,
   0x7fa1, 0x7f92, 0x7f64, 0x7fcf, 0x7fcf, 0x7fb0, 0x7f92, 0x7fcf, 0x7ffd,
   0x7f92, 0x7fee, 0x7fcf, 0x7fee, 0x800c, 0x800c, 0x7fee, 0x7fde, 0x7fcf,
   0x7fee, 0x7fde, 0x7fc0, 0x802b, 0x7ffd, 0x800c, 0x800c, 0x802b, 0x801c,
   0x802b, 0x8059, 0x803a, 0x7ffd, 0x7fee, 0x802b, 0x7fee, 0x7fc0, 0x7f82,
   0x7fde, 0x7fcf, 0x7fb0, 0x7fc0, 0x7fc0, 0x7fcf, 0x7f82, 0x7fcf, 0x7fee,
   0x7fcf, 0x7fa1, 0x7fa1, 0x7fb0, 0x7f64, 0x7f26, 0x7f64, 0x7fee, 0x801c,
   0x7fde, 0x7fcf, 0x7fc0, 0x7f92, 0x7fde, 0x7fee, 0x7fb0, 0x7f64, 0x7f54,
   0x7ffd, 0x7ffd, 0x7f92, 0x7f82, 0x7fb0, 0x7fde, 0x7f36, 0x7f45, 0x7f92,
   0x7fee, 0x800c, 0x7fa1, 0x7f92, 0x7fcf, 0x7fb0, 0x7fcf, 0x7fcf, 0x7fcf,
   0x7ffd, 0x7fc0, 0x7f64, 0x7fde, 0x7fee, 0x7fee, 0x7fee, 0x7fde, 0x7fcf,
   0x7f92, 0x7f73, 0x7f82, 0x7fa1, 0x7fb0, 0x7f64, 0x7fc0, 0x7fcf, 0x7fc0,
   0x7fcf, 0x7fcf, 0x7fde, 0x7fcf, 0x7fde, 0x7fb0, 0x7f82, 0x7fc0, 0x7fa1,
   0x7fc0, 0x7fb0, 0x7f73, 0x7f73, 0x7fcf, 0x800c, 0x7fc0, 0x7fa1, 0x7f82,
   0x7ffd, 0x7fc0, 0x7f73, 0x7f64, 0x7fc0, 0x7fa1, 0x7fde, 0x7fcf, 0x800c,
   0x801c, 0x803a, 0x803a, 0x800c, 0x7fee, 0x7fcf, 0x800c, 0x7f92, 0x7fc0,
   0x7fc0, 0x7fde, 0x7fc0, 0x7fc0, 0x7ffd, 0x7fcf, 0x7fee, 0x800c, 0x800c,
   0x7ffd, 0x7f64, 0x7f82, 0x7f92, 0x7f64, 0x7fde, 0x7fde, 0x800c, 0x7fa1,
   0x7fc0, 0x7fde, 0x7ffd, 0x7fee, 0x7fde, 0x800c, 0x800c, 0x7ffd, 0x801c,
   0x7ffd, 0x7fc0, 0x7f92, 0x7f82, 0x7fc0, 0x7f82, 0x7fee, 0x7fee, 0x7fde,
   0x7fde, 0x7fc0, 0x7fcf, 0x7fee, 0x7fb0, 0x7ffd, 0x7fee, 0x800c, 0x7fee,
   0x7fee, 0x7fcf, 0x800c, 0x7fee, 0x7fb0, 0x7fee, 0x7f64, 0x7fa1, 0x800c,
   0x803a, 0x800c, 0x801c, 0x7fcf, 0x800c, 0x7fcf, 0x7fa1, 0x7f82, 0x7ffd,
   0x7fc0, 0x7fee, 0x7fc0, 0x7fc0, 0x7fc0, 0x7fde, 0x7fb0, 0x7fa1, 0x7fcf,
   0x7fee, 0x7ffd, 0x7fcf, 0x7fee, 0x800c, 0x7fee, 0x7fa1, 0x7df4, 0x7d1c,
   0x7af4, 0x7ab5, 0x7b8d, 0x7d1c, 0x7eac, 0x804a, 0x814e, 0x81aa, 0x81aa,
   0x819b, 0x819b, 0x817c, 0x814e, 0x817c, 0x8130, 0x80f2, 0x80b5, 0x80a6,
   0x8059, 0x80a6, 0x8087, 0x8068, 0x800c, 0x801c, 0x7ffd, 0x800c, 0x7fcf,
   0x7fcf, 0x7ffd, 0x7fcf, 0x7fee, 0x7ffd, 0x7fa1, 0x7f92, 0x7f92, 0x7fa1,
   0x803a, 0x7fc0, 0x7fc0, 0x7fc0, 0x7fee, 0x7fcf, 0x7f92, 0x7fa1, 0x7fb0,
   0x7fde, 0x7fde, 0x7fee, 0x7f73, 0x7f92, 0x7fa1, 0x7ffd, 0x800c, 0x801c,
   0x801c, 0x7fcf, 0x7fcf, 0x7fcf, 0x800c, 0x7fee, 0x7fb0, 0x7ffd, 0x7fa1,
   0x7fee, 0x7ffd, 0x803a, 0x802b, 0x802b, 0x800c, 0x804a, 0x800c, 0x803a,
   0x803a, 0x7fee, 0x800c, 0x801c, 0x800c, 0x801c, 0x800c, 0x7fde, 0x7fee,
   0x7fde, 0x800c, 0x7fc0, 0x7fde, 0x7ffd, 0x800c, 0x804a, 0x804a, 0x803a,
   0x7ffd, 0x7fde, 0x7fb0, 0x800c, 0x800c, 0x7fb0, 0x8059, 0x8059, 0x8059,
   0x7ffd, 0x7fee, 0x7fee, 0x7fde, 0x800c, 0x7ffd, 0x7fc0, 0x7fcf, 0x7ffd,
   0x7fee, 0x7fee, 0x800c, 0x7ffd, 0x7fde, 0x800c, 0x801c, 0x7fee, 0x801c,
   0x8059, 0x7ffd, 0x7fcf, 0x800c, 0x7fde, 0x800c, 0x800c, 0x800c, 0x801c,
   0x802b, 0x804a, 0x800c, 0x8068, 0x8059, 0x800c, 0x801c, 0x802b, 0x800c,
   0x804a, 0x8059, 0x800c, 0x803a, 0x800c, 0x802b, 0x802b, 0x803a, 0x7fee,
   0x8059, 0x8078, 0x8078, 0x8068, 0x8078, 0x8078, 0x8059, 0x804a, 0x800c,
   0x803a, 0x802b, 0x7fcf, 0x7fde, 0x801c, 0x8068, 0x800c, 0x800c, 0x7ffd,
   0x8068, 0x8078, 0x800c, 0x802b, 0x801c, 0x7fee, 0x802b, 0x7ffd, 0x7fde,
   0x7ffd, 0x803a, 0x7fa1, 0x7fcf, 0x802b, 0x801c, 0x804a, 0x800c, 0x803a,
   0x802b, 0x7ffd, 0x7ffd, 0x800c, 0x7ffd, 0x804a, 0x801c, 0x801c, 0x7fb0,
   0x7fcf, 0x7ffd, 0x803a, 0x8059, 0x800c, 0x803a, 0x800c, 0x802b, 0x8078,
   0x8068, 0x8059, 0x800c, 0x800c, 0x7fcf, 0x7ffd, 0x800c, 0x8087, 0x8059,
   0x801c, 0x800c, 0x7fee, 0x7ffd, 0x802b, 0x800c, 0x800c, 0x800c, 0x7fde,
   0x7ffd, 0x7fcf, 0x7fc0, 0x800c, 0x7fee, 0x7fde, 0x800c, 0x8078, 0x800c,
   0x804a, 0x8078, 0x8068, 0x804a, 0x7ffd, 0x802b, 0x801c, 0x803a, 0x803a,
   0x803a, 0x803a, 0x800c, 0x7fde, 0x7ffd, 0x7fee, 0x7ffd, 0x7fb0, 0x7fc0,
   0x7fcf, 0x7fee, 0x7fde, 0x800c, 0x803a, 0x800c, 0x800c, 0x800c, 0x801c,
   0x7fcf, 0x802b, 0x801c, 0x800c, 0x7fcf, 0x7ffd, 0x802b, 0x803a, 0x802b,
   0x802b, 0x8078, 0x803a, 0x802b, 0x802b, 0x802b, 0x804a, 0x801c, 0x7ffd,
   0x800c, 0x7f92, 0x800c, 0x7fee, 0x7fcf, 0x7fee, 0x7fcf, 0x7fc0, 0x7fee,
   0x804a, 0x804a, 0x7fde, 0x800c, 0x7fcf, 0x800c, 0x7f92, 0x802b, 0x7ffd,
   0x7ffd, 0x7ffd, 0x802b, 0x800c, 0x7ffd, 0x803a, 0x8087, 0x802b, 0x801c,
   0x7fde, 0x801c, 0x8078, 0x801c, 0x804a, 0x8059, 0x804a, 0x80a6, 0x8096,
   0x801c, 0x8068, 0x801c, 0x802b, 0x800c, 0x8078, 0x8059, 0x7ffd, 0x800c,
   0x800c, 0x800c, 0x801c, 0x7ffd, 0x803a, 0x802b, 0x801c, 0x8068, 0x8078,
   0x801c, 0x8068, 0x8068, 0x80f2, 0x8087, 0x8102, 0x8068, 0x80b5, 0x8059,
   0x8059, 0x80a6, 0x8087, 0x80a6, 0x8059, 0x802b, 0x8087, 0x8059, 0x8078,
   0x8078, 0x801c, 0x800c, 0x800c, 0x8059, 0x8078, 0x8068, 0x804a, 0x800c,
   0x801c, 0x803a, 0x800c, 0x801c, 0x7ffd, 0x802b, 0x802b, 0x7fcf, 0x802b,
   0x8096, 0x80a6, 0x802b, 0x800c, 0x803a, 0x80d4, 0x8096, 0x8078, 0x800c,
   0x80a6, 0x8078, 0x8087, 0x8078, 0x80b5, 0x8096, 0x804a, 0x8078, 0x8078,
   0x8078, 0x804a, 0x80b5, 0x8078, 0x802b, 0x8087, 0x8059, 0x8087, 0x8059,
   0x802b, 0x8068, 0x800c, 0x8096, 0x802b, 0x8087, 0x804a, 0x8059, 0x8096,
   0x80c4, 0x8096, 0x8087, 0x8096, 0x80d4, 0x80b5, 0x80b5, 0x80b5, 0x8078,
   0x8078, 0x8059, 0x8096, 0x803a, 0x8059, 0x8096, 0x80a6, 0x80d4, 0x80b5,
   0x80b5, 0x8096, 0x80b5, 0x803a, 0x8078, 0x804a, 0x804a, 0x801c, 0x803a,
   0x801c, 0x801c, 0x800c, 0x803a, 0x801c, 0x802b, 0x8068, 0x804a, 0x804a,
   0x801c, 0x804a, 0x804a, 0x8087, 0x8087, 0x8068, 0x7fde, 0x7ffd, 0x8068,
   0x8068, 0x80b5, 0x8096, 0x8087, 0x8078, 0x8059, 0x803a, 0x800c, 0x804a,
   0x803a, 0x8068, 0x804a, 0x8068, 0x80c4, 0x8078, 0x8078, 0x8078, 0x803a,
   0x7eda, 0x7d78, 0x7bda, 0x7b8d, 0x7cde, 0x7eda, 0x8078, 0x81ba, 0x8290,
   0x82ce, 0x82ce, 0x8253, 0x8225, 0x81d8, 0x81c9, 0x81c9, 0x817c, 0x8130,
   0x814e, 0x818c, 0x8130, 0x8111, 0x8130, 0x80a6, 0x8087, 0x80d4, 0x80c4,
   0x8096, 0x80c4, 0x80e3, 0x8096, 0x8096, 0x8078, 0x80d4, 0x8096, 0x80a6,
   0x800c, 0x8059, 0x8087, 0x803a, 0x801c, 0x7ffd, 0x800c, 0x800c, 0x804a,
   0x800c, 0x803a, 0x802b, 0x7fcf, 0x7fee, 0x800c, 0x7fde, 0x800c, 0x7fee,
   0x800c, 0x800c, 0x800c, 0x7fee, 0x802b, 0x801c, 0x802b, 0x802b, 0x803a,
   0x804a, 0x803a, 0x804a, 0x804a, 0x802b, 0x802b, 0x803a, 0x804a, 0x8068,
   0x804a, 0x803a, 0x801c, 0x800c, 0x7ffd, 0x7fee, 0x802b, 0x800c, 0x7fcf,
   0x7fee, 0x800c, 0x7fcf, 0x7fc0, 0x7fde, 0x7fee, 0x7fcf, 0x801c, 0x7ffd,
   0x7ffd, 0x7fde, 0x800c, 0x801c, 0x8059, 0x800c, 0x7fee, 0x803a, 0x802b,
   0x802b, 0x7fee, 0x7fcf, 0x7f73, 0x7fee, 0x7fde, 0x7fa1, 0x7ffd, 0x7fee,
   0x7fde, 0x7fcf, 0x800c, 0x7fcf, 0x7fde, 0x801c, 0x7ffd, 0x7fde, 0x7fde,
   0x7ffd, 0x7ffd, 0x7fcf, 0x7ffd, 0x7fee, 0x7fb0, 0x7f54, 0x7f82, 0x7ffd,
   0x800c, 0x7fcf, 0x7f92, 0x7fa1, 0x7f73, 0x7fb0, 0x7fc0, 0x7fa1, 0x7fee,
   0x7ffd, 0x800c, 0x7fde, 0x7fb0, 0x7f92, 0x7fa1, 0x7fee, 0x7fb0, 0x7fa1,
   0x7fc0, 0x7fb0, 0x7fb0, 0x7fa1, 0x803a, 0x7f82, 0x7f82, 0x7fee, 0x801c,
   0x7fc0, 0x7fde, 0x7fc0, 0x7f73, 0x7f92, 0x7fc0, 0x7ffd, 0x800c, 0x7fb0,
   0x7f92, 0x7fa1, 0x7fee, 0x7f92, 0x7f92, 0x7fc0, 0x7f92, 0x7fa1, 0x7fa1,
   0x7fde, 0x7ffd, 0x7f82, 0x7fcf, 0x7f92, 0x7fa1, 0x7f92, 0x7f64, 0x7fc0,
   0x7f92, 0x7f92, 0x7f92, 0x7fa1, 0x7fee, 0x7ffd, 0x7f73, 0x7f73, 0x7f73,
   0x7fb0, 0x7f82, 0x7fcf, 0x7fa1, 0x7fee, 0x7fc0, 0x7fb0, 0x7fee, 0x7fee,
   0x7fcf, 0x7ffd, 0x7ffd, 0x7fee, 0x802b, 0x800c, 0x800c, 0x800c, 0x802b,
   0x7fcf, 0x7fde, 0x801c, 0x7ffd, 0x801c, 0x7fde, 0x7fcf, 0x7f36, 0x7f73,
   0x7f73, 0x7fa1, 0x7fb0, 0x7fee, 0x800c, 0x804a, 0x8059, 0x7fee, 0x7ffd,
   0x7fee, 0x7fee, 0x800c, 0x7fee, 0x7fa1, 0x7fb0, 0x803a, 0x804a, 0x803a,
   0x803a, 0x803a, 0x804a, 0x800c, 0x7fee, 0x7f92, 0x7ffd, 0x803a, 0x8068,
   0x800c, 0x7fee, 0x801c, 0x8078, 0x8087, 0x801c, 0x800c, 0x802b, 0x7fee,
   0x804a, 0x7fde, 0x802b, 0x802b, 0x804a, 0x7fee, 0x800c, 0x800c, 0x800c,
   0x7fc0, 0x802b, 0x801c, 0x8087, 0x804a, 0x803a, 0x801c, 0x8096, 0x8059,
   0x7fee, 0x800c, 0x8078, 0x8059, 0x804a, 0x8059, 0x8096, 0x80c4, 0x801c,
   0x800c, 0x7ffd, 0x802b, 0x801c, 0x7ffd, 0x8059, 0x802b, 0x7fee, 0x802b,
   0x7fde, 0x7ffd, 0x804a, 0x802b, 0x7ffd, 0x801c, 0x804a, 0x8068, 0x8087,
   0x80a6, 0x8078, 0x8068, 0x801c, 0x8068, 0x8078, 0x801c, 0x804a, 0x804a,
   0x7fde, 0x800c, 0x804a, 0x803a, 0x7fcf, 0x7fcf, 0x802b, 0x800c, 0x800c,
   0x800c, 0x801c, 0x8059, 0x801c, 0x803a, 0x801c, 0x8059, 0x801c, 0x8096,
   0x8068, 0x801c, 0x803a, 0x803a, 0x802b, 0x800c, 0x8068, 0x803a, 0x8059,
   0x8068, 0x800c, 0x7ffd, 0x7ffd, 0x804a, 0x804a, 0x8059, 0x7fcf, 0x7fcf,
   0x800c, 0x801c, 0x801c, 0x800c, 0x7ffd, 0x800c, 0x7ffd, 0x7fa1, 0x7e9c,
   0x7d78, 0x7bda, 0x7ac6, 0x7bda, 0x7d4a, 0x7f17, 0x8068, 0x81aa, 0x8262,
   0x82a0, 0x82be, 0x8262, 0x81f7, 0x818c, 0x813f, 0x816d, 0x816d, 0x8102,
   0x80d4, 0x80e3, 0x80c4, 0x8087, 0x801c, 0x80a6, 0x802b, 0x7fee, 0x800c,
   0x802b, 0x802b, 0x800c, 0x800c, 0x800c, 0x7fee, 0x7fee, 0x7ffd, 0x7fde,
   0x7fee, 0x800c, 0x800c, 0x7fde, 0x7ffd, 0x801c, 0x7ffd, 0x802b, 0x7fde,
   0x801c, 0x800c, 0x7fee, 0x800c, 0x7fde, 0x7fee, 0x800c, 0x802b, 0x800c,
   0x800c, 0x7fee, 0x7fcf, 0x800c, 0x7fee, 0x7fc0, 0x800c, 0x800c, 0x7fee,
   0x800c, 0x803a, 0x7fee, 0x7fee, 0x803a, 0x800c, 0x800c, 0x801c, 0x802b,
   0x801c, 0x7fde, 0x7fa1, 0x7fc0, 0x7fde, 0x7fcf, 0x802b, 0x8059, 0x800c,
   0x7fee, 0x800c, 0x801c, 0x802b, 0x7fde, 0x800c, 0x802b, 0x801c, 0x7fa1,
   0x7ffd, 0x800c, 0x7fa1, 0x7fcf, 0x800c, 0x7fcf, 0x7fb0, 0x7f73, 0x7f92,
   0x7fde, 0x800c, 0x7fc0, 0x801c, 0x7fcf, 0x7fcf, 0x802b, 0x803a, 0x7ffd,
   0x7fee, 0x7fee, 0x7fc0, 0x7fb0, 0x7fde, 0x7ffd, 0x7fee, 0x7ffd, 0x7fee,
   0x7fee, 0x802b, 0x7fee, 0x7ffd, 0x7fb0, 0x7fcf, 0x7fa1, 0x7fcf, 0x800c,
   0x7fee, 0x800c, 0x7fde, 0x7ffd, 0x800c, 0x801c, 0x7fb0, 0x7fcf, 0x800c,
   0x803a, 0x8059, 0x7ffd, 0x7fb0, 0x7f92, 0x7fa1, 0x7f82, 0x7f82, 0x7f82,
   0x7fb0, 0x7fc0, 0x7fcf, 0x7fc0, 0x801c, 0x800c, 0x7fc0, 0x800c, 0x800c,
   0x7fa1, 0x7fcf, 0x7fee, 0x7ffd, 0x801c, 0x8059, 0x803a, 0x8078, 0x803a,
   0x803a, 0x804a, 0x7ffd, 0x804a, 0x804a, 0x803a, 0x801c, 0x800c, 0x7ffd,
   0x800c, 0x800c, 0x803a, 0x801c, 0x801c, 0x802b, 0x801c, 0x7ffd, 0x800c,
   0x803a, 0x803a, 0x800c, 0x801c, 0x804a, 0x803a, 0x804a, 0x804a, 0x7fc0,
   0x802b, 0x7fcf, 0x800c, 0x7fde, 0x800c, 0x800c, 0x7fcf, 0x7f73, 0x7f92,
   0x7fcf, 0x7fee, 0x803a, 0x8068, 0x800c, 0x800c, 0x802b, 0x800c, 0x7fcf,
   0x7fee, 0x7fde, 0x801c, 0x801c, 0x800c, 0x7fee, 0x802b, 0x801c, 0x801c,
   0x7fde, 0x7fde, 0x800c, 0x7fee, 0x7fde, 0x7fa1, 0x800c, 0x7fde, 0x800c,
   0x800c, 0x7f92, 0x7fde, 0x7fee, 0x7fcf, 0x800c, 0x7fc0, 0x7ffd, 0x801c,
   0x800c, 0x7fcf, 0x800c, 0x7fcf, 0x803a, 0x7fb0, 0x7fa1, 0x802b, 0x7fb0,
   0x7fde, 0x7f92, 0x7fb0, 0x7f73, 0x7f82, 0x7fb0, 0x7fb0, 0x7f45, 0x7f82,
   0x7f08, 0x7fb0, 0x7f54, 0x7ebb, 0x7db6, 0x7c64, 0x7b03, 0x7b7e, 0x7cfd,
   0x7e6e, 0x802b, 0x8120, 0x81aa, 0x8216, 0x8216, 0x8234, 0x818c, 0x8216,
   0x819b, 0x814e, 0x8130, 0x8102, 0x8111, 0x80d4, 0x80f2, 0x80e3, 0x80c4,
   0x8096, 0x80c4, 0x8059, 0x7ffd, 0x7ffd, 0x802b, 0x801c, 0x7ffd, 0x803a,
   0x804a, 0x803a, 0x800c, 0x7ffd, 0x802b, 0x8068, 0x800c, 0x801c, 0x7fee,
   0x7fee, 0x7fde, 0x7fde, 0x7fb0, 0x800c, 0x7f82, 0x803a, 0x803a, 0x802b,
   0x801c, 0x802b, 0x800c, 0x7ffd, 0x803a, 0x7fcf, 0x800c, 0x7fde, 0x800c,
   0x8059, 0x804a, 0x801c, 0x804a, 0x7ffd, 0x800c, 0x800c, 0x7ffd, 0x7fb0,
   0x7fc0, 0x7fc0, 0x800c, 0x800c, 0x7fde, 0x7fa1, 0x7fee, 0x7fde, 0x7fde,
   0x7fa1, 0x7fde, 0x800c, 0x7fee, 0x802b, 0x800c, 0x7ffd, 0x800c, 0x7fee,
   0x802b, 0x800c, 0x7fb0, 0x7f82, 0x7fb0, 0x7ffd, 0x801c, 0x7fee, 0x7fc0,
   0x7ffd, 0x7fde, 0x7fde, 0x7f92, 0x7fc0, 0x7fa1, 0x7f82, 0x7fcf, 0x7fee,
   0x7fde, 0x7fcf, 0x7fc0, 0x7f92, 0x7fa1, 0x7fc0, 0x7fcf, 0x7fee, 0x801c,
   0x7fde, 0x801c, 0x800c, 0x801c, 0x7fc0, 0x7fee, 0x7ffd, 0x7ffd, 0x7fde,
   0x7fa1, 0x7fcf, 0x7fc0, 0x7f92, 0x7fcf, 0x7fde, 0x7fc0, 0x7ffd, 0x7fde,
   0x800c, 0x800c, 0x7fde, 0x7fee, 0x7fcf, 0x7fa1, 0x7fb0, 0x7fb0, 0x7fee,
   0x7ffd, 0x7ffd, 0x7fde, 0x7fde, 0x7ffd, 0x800c, 0x7fde, 0x800c, 0x804a,
   0x800c, 0x7fcf, 0x801c, 0x7fee, 0x800c, 0x800c, 0x7fcf, 0x7fde, 0x801c,
   0x7fc0, 0x7ffd, 0x800c, 0x7ffd, 0x804a, 0x801c, 0x7fde, 0x8078, 0x800c,
   0x7fc0, 0x804a, 0x802b, 0x802b, 0x7ffd, 0x7fee, 0x801c, 0x801c, 0x800c,
   0x7fee, 0x801c, 0x7ffd, 0x801c, 0x801c, 0x8068, 0x8096, 0x800c, 0x801c,
   0x7ffd, 0x7ffd, 0x800c, 0x7fde, 0x801c, 0x7fb0, 0x7e8d, 0x7d4a, 0x7bbb,
   0x7bbb, 0x7cde, 0x7e9c, 0x7ffd, 0x8120, 0x81d8, 0x8244, 0x8234, 0x8234,
   0x8234, 0x8225, 0x81ba, 0x818c, 0x81aa, 0x8130, 0x814e, 0x8120, 0x8130,
   0x8130, 0x8096, 0x80b5, 0x8078, 0x800c, 0x802b, 0x8096, 0x80f2, 0x8059,
   0x802b, 0x801c, 0x8068, 0x804a, 0x8059, 0x8078, 0x80c4, 0x8096, 0x803a,
   0x802b, 0x804a, 0x800c, 0x7ffd, 0x7fde, 0x8068, 0x8096, 0x803a, 0x80b5,
   0x8078, 0x804a, 0x800c, 0x7fde, 0x8078, 0x801c, 0x804a, 0x8059, 0x8096,
   0x8068, 0x8078, 0x804a, 0x801c, 0x8078, 0x8087, 0x80d4, 0x8078, 0x804a,
   0x802b, 0x800c, 0x802b, 0x803a, 0x801c, 0x7fde, 0x800c, 0x801c, 0x801c,
   0x7fde, 0x803a, 0x802b, 0x8059, 0x800c, 0x800c, 0x801c, 0x7fcf, 0x7fee,
   0x7fde, 0x801c, 0x8068, 0x803a, 0x802b, 0x802b, 0x8059, 0x802b, 0x801c,
   0x7fde, 0x7fee, 0x8059, 0x8078, 0x7fde, 0x802b, 0x800c, 0x802b, 0x804a,
   0x8059, 0x804a, 0x8087, 0x804a, 0x7ffd, 0x7fc0, 0x7f92, 0x7fee, 0x800c,
   0x801c, 0x802b, 0x7ffd, 0x7ffd, 0x803a, 0x804a, 0x800c, 0x8068, 0x804a,
   0x802b, 0x800c, 0x803a, 0x7ffd, 0x800c, 0x800c, 0x800c, 0x7fcf, 0x7fde,
   0x800c, 0x802b, 0x804a, 0x7ffd, 0x7fee, 0x7ffd, 0x7fcf, 0x7fc0, 0x800c,
   0x7fcf, 0x800c, 0x804a, 0x801c, 0x801c, 0x800c, 0x7fde, 0x7fee, 0x802b,
   0x7fde, 0x7fcf, 0x7fc0, 0x801c, 0x801c, 0x8059, 0x802b, 0x7fc0, 0x7fc0,
   0x7fee, 0x7fde, 0x7f26, 0x7df4, 0x7c17, 0x7b12, 0x7b9c, 0x7ccf, 0x7e5f,
   0x800c, 0x816d, 0x8216, 0x8262, 0x8234, 0x81f7, 0x81d8, 0x818c, 0x816d,
   0x818c, 0x8120, 0x8120, 0x80c4, 0x80c4, 0x80b5, 0x8096, 0x8059, 0x8059,
   0x800c, 0x800c, 0x7ffd, 0x7fb0, 0x7fcf, 0x7fa1, 0x7f92, 0x7f92, 0x800c,
   0x7ffd, 0x7fb0, 0x802b, 0x7fb0, 0x7fde, 0x7fa1, 0x7fde, 0x7ffd, 0x7fde,
   0x804a, 0x800c, 0x803a, 0x7fee, 0x7fa1, 0x7fde, 0x7fcf, 0x7ffd, 0x7fde,
   0x7fcf, 0x7fee, 0x7fb0, 0x7fee, 0x801c, 0x800c, 0x7fde, 0x7fee, 0x800c,
   0x7ffd, 0x7fde, 0x7fb0, 0x7fa1, 0x7fb0, 0x801c, 0x800c, 0x7fcf, 0x800c,
   0x7ffd, 0x7fee, 0x7fee, 0x7fcf, 0x7fa1, 0x7fee, 0x804a, 0x8078, 0x8068,
   0x801c, 0x800c, 0x7fb0, 0x802b, 0x800c, 0x800c, 0x800c, 0x7fcf, 0x7f92,
   0x800c, 0x7fee, 0x800c, 0x7fb0, 0x7fde, 0x800c, 0x800c, 0x7fc0, 0x7fb0,
   0x7fde, 0x802b, 0x7fde, 0x7fc0, 0x800c, 0x800c, 0x800c, 0x7fc0, 0x7fcf,
   0x7f82, 0x7fa1, 0x7fc0, 0x7fde, 0x7fee, 0x7fde, 0x7fcf, 0x7fcf, 0x7fde,
   0x7fde, 0x800c, 0x801c, 0x800c, 0x8059, 0x801c, 0x802b, 0x800c, 0x7fee,
   0x803a, 0x800c, 0x803a, 0x801c, 0x801c, 0x800c, 0x800c, 0x802b, 0x804a,
   0x80c4, 0x80c4, 0x80a6, 0x8087, 0x8096, 0x8068, 0x80f2, 0x80b5, 0x80c4,
   0x80a6, 0x80b5, 0x8059, 0x804a, 0x8068, 0x8068, 0x802b, 0x800c, 0x7ffd,
   0x7fde, 0x800c, 0x800c, 0x800c, 0x7ffd, 0x800c, 0x7fcf, 0x7fee, 0x7fee,
   0x804a, 0x804a, 0x804a, 0x804a, 0x8059, 0x800c, 0x801c, 0x802b, 0x804a,
   0x801c, 0x8059, 0x803a, 0x7fee, 0x801c, 0x803a, 0x801c, 0x801c, 0x8059,
   0x803a, 0x800c, 0x7fee, 0x804a, 0x804a, 0x801c, 0x7fee, 0x800c, 0x7fde,
   0x800c, 0x7fcf, 0x7fb0, 0x7fcf, 0x7fc0, 0x7fcf, 0x7ffd, 0x7fc0, 0x7ffd,
   0x7fde, 0x802b, 0x8087, 0x8059, 0x803a, 0x802b, 0x800c, 0x801c, 0x804a,
   0x803a, 0x801c, 0x800c, 0x800c, 0x800c, 0x800c, 0x8059, 0x804a, 0x7ffd,
   0x803a, 0x803a, 0x801c, 0x802b, 0x7ffd, 0x801c, 0x7fcf, 0x7fee, 0x800c,
   0x801c, 0x8059, 0x800c, 0x7ffd, 0x801c, 0x800c, 0x800c, 0x7fee, 0x802b,
   0x801c, 0x7f92, 0x7fa1, 0x800c, 0x7f92, 0x7fee, 0x800c, 0x800c, 0x7fb0,
   0x7ffd, 0x7ffd, 0x800c, 0x800c, 0x800c, 0x803a, 0x802b, 0x8068, 0x803a,
   0x803a, 0x802b, 0x801c, 0x800c, 0x801c, 0x7ffd, 0x7fee, 0x7fc0, 0x7fc0,
   0x7fde, 0x800c, 0x8078, 0x803a, 0x800c, 0x8059, 0x800c, 0x800c, 0x7fee,
   0x7ffd, 0x803a, 0x8059, 0x7fc0, 0x7ffd, 0x7ffd, 0x801c, 0x800c, 0x7fde,
   0x7fde, 0x7fee, 0x7fc0, 0x7fb0, 0x7f82, 0x800c, 0x800c, 0x7fee, 0x7fee,
   0x7fcf, 0x7fcf, 0x7fc0, 0x7fb0, 0x7ffd, 0x7ffd, 0x7fc0, 0x7fee, 0x7ffd,
   0x800c, 0x800c, 0x800c, 0x802b, 0x7fee, 0x7ffd, 0x800c, 0x7fde, 0x7fcf,
   0x7fb0, 0x7fb0, 0x800c, 0x7fde, 0x7ffd, 0x802b, 0x7fcf, 0x7ffd, 0x7ffd,
   0x7fde, 0x7fc0, 0x7fb0, 0x7fb0, 0x7fcf, 0x800c, 0x800c, 0x801c, 0x7fde,
   0x800c, 0x8059, 0x8059, 0x7fee, 0x800c, 0x7fee, 0x803a, 0x801c, 0x801c,
   0x7fde, 0x7fde, 0x7f92, 0x7fa1, 0x800c, 0x7fc0, 0x800c, 0x800c, 0x8059,
   0x801c, 0x800c, 0x7ffd, 0x7ffd, 0x800c, 0x7fc0, 0x800c, 0x800c, 0x7fee,
   0x802b, 0x801c, 0x7ffd, 0x7fee, 0x7fde, 0x7fde, 0x7ffd, 0x7fee, 0x803a,
   0x800c, 0x7fb0, 0x800c, 0x7ffd, 0x7fcf, 0x7fde, 0x7f82, 0x800c, 0x7fcf,
   0x7fcf, 0x7fde, 0x7fde, 0x800c, 0x800c, 0x802b, 0x804a, 0x800c, 0x7fee,
   0x7fee, 0x7ffd, 0x800c, 0x800c, 0x8059, 0x8096, 0x8068, 0x7fee, 0x800c,
   0x800c, 0x7ffd, 0x803a, 0x8068, 0x801c, 0x8059, 0x8087, 0x802b, 0x802b,
   0x8059, 0x803a, 0x803a, 0x802b, 0x803a, 0x801c, 0x800c, 0x7fb0, 0x7fc0,
   0x7fee, 0x801c, 0x800c, 0x800c, 0x803a, 0x7fa1, 0x7fb0, 0x7fde, 0x800c,
   0x7ffd, 0x800c, 0x803a, 0x801c, 0x801c, 0x800c, 0x800c, 0x804a, 0x800c,
   0x7ffd, 0x7ffd, 0x7fee, 0x803a, 0x802b, 0x8059, 0x801c, 0x804a, 0x802b,
   0x800c, 0x801c, 0x800c, 0x802b, 0x7ffd, 0x800c, 0x804a, 0x7fee, 0x7ffd,
   0x803a, 0x801c, 0x7fc0, 0x7fee, 0x7fde, 0x801c, 0x801c, 0x7ffd, 0x8087,
   0x800c, 0x7fee, 0x800c, 0x7fee, 0x803a, 0x7ffd, 0x7fc0, 0x800c, 0x802b,
   0x803a, 0x801c, 0x800c, 0x802b, 0x802b, 0x7ffd, 0x7fb0, 0x7ffd, 0x801c,
   0x800c, 0x7fde, 0x7ffd, 0x801c, 0x8059, 0x801c, 0x8059, 0x8059, 0x7fee,
   0x800c, 0x7fee, 0x800c, 0x800c, 0x7fde, 0x7fc0, 0x7ffd, 0x7fb0, 0x7fa1,
   0x7fc0, 0x7fde, 0x7fb0, 0x7fb0, 0x801c, 0x7fee, 0x7ffd, 0x7fc0, 0x7fde,
   0x7fb0, 0x7fcf, 0x7fb0, 0x7fcf, 0x7fb0, 0x800c, 0x7fcf, 0x7f82, 0x7f82,
   0x7f64, 0x7fb0, 0x7fee, 0x7fc0, 0x7fa1, 0x7f82, 0x7fee, 0x7fa1, 0x7ffd,
   0x7ffd, 0x7f82, 0x7fee, 0x800c, 0x801c, 0x7fb0, 0x7fa1, 0x7fb0, 0x7f92,
   0x7fee, 0x7f64, 0x7f45, 0x7f64, 0x7fc0, 0x7f73, 0x7fb0, 0x7f92, 0x7fa1,
   0x7fcf, 0x7f36, 0x7e31, 0x7cfd, 0x7b22, 0x7ac6, 0x7b7e, 0x7cc0, 0x7eda,
   0x803a, 0x818c, 0x81ba, 0x8206, 0x818c, 0x818c, 0x816d, 0x80b5, 0x80c4,
   0x80c4, 0x80f2, 0x8096, 0x8068, 0x8059, 0x7fee, 0x800c, 0x7ffd, 0x7fee,
   0x7fee, 0x7fde, 0x7fcf, 0x7fb0, 0x7fb0, 0x7f92, 0x7f26, 0x7f92, 0x7f54,
   0x7f45, 0x7f45, 0x7f73, 0x7f82, 0x7f26, 0x7f45, 0x7f36, 0x7eac, 0x7ee9,
   0x7f45, 0x7f82, 0x7f64, 0x7f64, 0x7f73, 0x7fb0, 0x7fb0, 0x7f92, 0x7f45,
   0x7f73, 0x7f92, 0x7f73, 0x7f82, 0x7f64, 0x7f54, 0x7f82, 0x7fa1, 0x7f64,
   0x7fa1, 0x7f92, 0x7f92, 0x7f26, 0x7f73, 0x7fa1, 0x7fb0, 0x7f82, 0x7f92,
   0x7f82, 0x7fc0, 0x7f92, 0x7f92, 0x7fb0, 0x7f92, 0x7f92, 0x7f92, 0x7fcf,
   0x7fa1, 0x7f45, 0x7fc0, 0x7f92, 0x7f45, 0x7f82, 0x7f92, 0x7f82, 0x7f82,
   0x7fb0, 0x7fee, 0x800c, 0x7fa1, 0x7fa1, 0x7fa1, 0x7fde, 0x7fa1, 0x7fcf,
   0x7fc0, 0x800c, 0x7fc0, 0x7f92, 0x7fcf, 0x7fb0, 0x7fb0, 0x7f92, 0x7fc0,
   0x7fb0, 0x7fde, 0x7fcf, 0x7fee, 0x800c, 0x800c, 0x800c, 0x7fde, 0x7fb0,
   0x7ffd, 0x7fee, 0x7f92, 0x7f92, 0x7fee, 0x802b, 0x800c, 0x801c, 0x802b,
   0x800c, 0x7fcf, 0x7ffd, 0x800c, 0x8078, 0x804a, 0x800c, 0x804a, 0x803a,
   0x7ffd, 0x7fee, 0x7ffd, 0x7ffd, 0x800c, 0x800c, 0x7fde, 0x7fcf, 0x7fde,
   0x7fa1, 0x7fee, 0x7f64, 0x7fee, 0x800c, 0x800c, 0x7fee, 0x800c, 0x800c,
   0x804a, 0x8068, 0x800c, 0x801c, 0x800c, 0x803a, 0x801c, 0x803a, 0x800c,
   0x7fcf, 0x800c, 0x802b, 0x800c, 0x7ffd, 0x7fee, 0x7fee, 0x800c, 0x7fee,
   0x7ffd, 0x803a, 0x800c, 0x804a, 0x801c, 0x7fde, 0x800c, 0x8068, 0x803a,
   0x8078, 0x801c, 0x800c, 0x7ffd, 0x800c, 0x800c, 0x803a, 0x8068, 0x8059,
   0x802b, 0x7fee, 0x802b, 0x7ffd, 0x7fee, 0x802b, 0x801c, 0x800c, 0x804a,
   0x802b, 0x803a, 0x803a, 0x8087, 0x800c, 0x802b, 0x800c, 0x801c, 0x7fcf,
   0x7fa1, 0x7fde, 0x7fee, 0x7fcf, 0x7fb0, 0x7fee, 0x800c, 0x7fee, 0x7fee,
   0x7fcf, 0x802b, 0x8059, 0x802b, 0x7fc0, 0x7ffd, 0x8068, 0x8087, 0x802b,
   0x804a, 0x8078, 0x800c, 0x802b, 0x802b, 0x802b, 0x804a, 0x802b, 0x7fcf,
   0x802b, 0x8096, 0x80c4, 0x8096, 0x8059, 0x8068, 0x800c, 0x804a, 0x803a,
   0x8059, 0x803a, 0x8096, 0x8068, 0x8078, 0x80a6, 0x7fee, 0x7fee, 0x800c,
   0x801c, 0x7fde, 0x800c, 0x7fc0, 0x802b, 0x803a, 0x800c, 0x7fcf, 0x7ffd,
   0x800c, 0x7fde, 0x7ffd, 0x802b, 0x801c, 0x7fee, 0x7ffd, 0x7fb0, 0x7fc0,
   0x800c, 0x802b, 0x804a, 0x800c, 0x7ffd, 0x800c, 0x7f82, 0x7f82, 0x7fee,
   0x7fde, 0x800c, 0x800c, 0x802b, 0x803a, 0x803a, 0x8059, 0x8087, 0x80a6,
   0x802b, 0x800c, 0x7fa1, 0x7ee9, 0x7df4, 0x7c08, 0x7ae4, 0x7bca, 0x7d4a,
   0x7ee9, 0x804a, 0x813f, 0x81d8, 0x8216, 0x815e, 0x81c9, 0x814e, 0x814e,
   0x8102, 0x8120, 0x80a6, 0x803a, 0x8068, 0x80a6, 0x8068, 0x802b, 0x803a,
   0x7fa1, 0x800c, 0x7f82, 0x7fde, 0x7fee, 0x7fcf, 0x7fa1, 0x7fcf, 0x7fb0,
   0x7fcf, 0x7f92, 0x7fcf, 0x7ffd, 0x7fde, 0x8087, 0x7fee, 0x7fb0, 0x7ffd,
   0x7ffd, 0x7ffd, 0x7fb0, 0x7fcf, 0x7ffd, 0x7f64, 0x7f92, 0x7f92, 0x7fde,
   0x7fcf, 0x800c, 0x7f92, 0x7ffd, 0x7fb0, 0x7ffd, 0x7ffd, 0x7fb0, 0x7fc0,
   0x7ffd, 0x7fee, 0x7ffd, 0x7fee, 0x7ffd, 0x803a, 0x7fee, 0x801c, 0x800c,
   0x8059, 0x801c, 0x802b, 0x7fde, 0x7fa1, 0x7f92, 0x7f82, 0x7f45, 0x7fa1,
   0x7fb0, 0x7f82, 0x7fa1, 0x7fcf, 0x800c, 0x7fa1, 0x7f92, 0x7f17, 0x7f45,
   0x7f36, 0x7fa1, 0x7fde, 0x7fcf, 0x800c, 0x7fee, 0x7fee, 0x7fcf, 0x7fcf,
   0x7fde, 0x7fde, 0x7fb0, 0x801c, 0x7fde, 0x800c, 0x7ffd, 0x801c, 0x7fde,
   0x7fcf, 0x7fc0, 0x7fc0, 0x7fc0, 0x7fc0, 0x7fc0, 0x7f82, 0x7f82, 0x7fa1,
   0x7f73, 0x7f54, 0x7f54, 0x7fa1, 0x7fcf, 0x7f82, 0x7fa1, 0x7fb0, 0x7f92,
   0x7fb0, 0x7fa1, 0x7fc0, 0x7fde, 0x7fde, 0x7fcf, 0x7f92, 0x7fc0, 0x7f92,
   0x802b, 0x800c, 0x800c, 0x7fcf, 0x7fc0, 0x801c, 0x7fc0, 0x7fb0, 0x7fb0,
   0x7fb0, 0x7fee, 0x7fee, 0x7fcf, 0x7fb0, 0x7fee, 0x802b, 0x800c, 0x800c,
   0x800c, 0x802b, 0x7ffd, 0x802b, 0x800c, 0x800c, 0x800c, 0x7fee, 0x7ffd,
   0x800c, 0x800c, 0x7fb0, 0x7fc0, 0x7f82, 0x7fc0, 0x7fb0, 0x7fb0, 0x7fc0,
   0x7fb0, 0x7f64, 0x7fee, 0x7f54, 0x7f82, 0x7fb0, 0x7fa1, 0x7f73, 0x7f54,
   0x7f36, 0x7fcf, 0x7fde, 0x7f73, 0x7f82, 0x7fb0, 0x801c, 0x800c, 0x7ffd,
   0x7ffd, 0x7fee, 0x7fcf, 0x7f73, 0x7fb0, 0x7fb0, 0x7f82, 0x7f73, 0x7f92,
   0x7f73, 0x7fa1, 0x7f82, 0x7f73, 0x7fde, 0x7fcf, 0x7f08, 0x7e3f, 0x7ccf,
   0x7b02, 0x7ac4, 0x7bf8, 0x7dd4, 0x7f17, 0x80c4, 0x81f7, 0x8216, 0x81f7,
   0x81aa, 0x815e, 0x8102, 0x80b5, 0x80d4, 0x8096, 0x804a, 0x803a, 0x8068,
   0x800c, 0x801c, 0x803a, 0x802b, 0x8078, 0x7fee, 0x803a, 0x800c, 0x803a,
   0x800c, 0x7fee, 0x7fee, 0x800c, 0x800c, 0x7ffd, 0x7fee, 0x7fee, 0x800c,
   0x8059, 0x800c, 0x7fee, 0x7fee, 0x801c, 0x7fc0, 0x7fee, 0x7f92, 0x7fde,
   0x800c, 0x7fde, 0x7f73, 0x7f45, 0x7f73, 0x7f73, 0x7f73, 0x7f73, 0x7f82,
   0x7f92, 0x7f82, 0x7f92, 0x7fb0, 0x7f73, 0x7f92, 0x7fb0, 0x7fcf, 0x7fb0,
   0x7fa1, 0x7f45, 0x7f36, 0x7f92, 0x7f82, 0x7fa1, 0x7fa1, 0x7f36, 0x7f73,
   0x7f54, 0x7fa1, 0x7f45, 0x7f73, 0x7fa1, 0x7fde, 0x7fcf, 0x7f92, 0x7f64,
   0x7f36, 0x7fb0, 0x7fde, 0x7ffd, 0x7fcf, 0x7fc0, 0x801c, 0x7fb0, 0x7fa1,
   0x7fcf, 0x802b, 0x7fde, 0x7fcf, 0x7fcf, 0x7fee, 0x802b, 0x804a, 0x802b,
   0x7fde, 0x7f92, 0x7fde, 0x7fa1, 0x800c, 0x7fee, 0x803a, 0x801c, 0x801c,
   0x803a, 0x800c, 0x7fee, 0x7fb0, 0x7f73, 0x7fde, 0x7f92, 0x7fc0, 0x7fc0,
   0x7ffd, 0x7fee, 0x7fa1, 0x7fa1, 0x7fee, 0x7fee, 0x7f73, 0x7fde, 0x7fde,
   0x7f73, 0x7f92, 0x7fde, 0x801c, 0x7fc0, 0x7fcf, 0x7fde, 0x7fb0, 0x7f92,
   0x7ffd, 0x800c, 0x800c, 0x7fde, 0x800c, 0x801c, 0x801c, 0x800c, 0x800c,
   0x7ffd, 0x800c, 0x7fde, 0x7fde, 0x7fcf, 0x7fee, 0x7fcf, 0x7fee, 0x800c,
   0x800c, 0x802b, 0x800c, 0x7fb0, 0x7fcf, 0x7ffd, 0x7ffd, 0x7fee, 0x800c,
   0x7fcf, 0x7fc0, 0x7fa1, 0x7fc0, 0x801c, 0x7fcf, 0x7fde, 0x7fa1, 0x7fde,
   0x800c, 0x7fcf, 0x802b, 0x801c, 0x8078, 0x801c, 0x800c, 0x8059, 0x8068,
   0x803a, 0x7ffd, 0x7ffd, 0x800c, 0x7fc0, 0x7fee, 0x800c, 0x7fde, 0x800c,
   0x800c, 0x8078, 0x800c, 0x800c, 0x7fee, 0x7fee, 0x802b, 0x801c, 0x7fde,
   0x7fc0, 0x7fee, 0x7fc0, 0x7fb0, 0x7fde, 0x803a, 0x800c, 0x7fde, 0x802b,
   0x803a, 0x800c, 0x803a, 0x800c, 0x800c, 0x801c, 0x8068, 0x802b, 0x7fde,
   0x7f73, 0x7fa1, 0x7fde, 0x801c, 0x7fee, 0x801c, 0x802b, 0x801c, 0x800c,
   0x803a, 0x8059, 0x803a, 0x800c, 0x8059, 0x800c, 0x804a, 0x80c4, 0x8068,
   0x8059, 0x801c, 0x7fde, 0x800c, 0x7fde, 0x7fcf, 0x800c, 0x800c, 0x802b,
   0x7fde, 0x804a, 0x800c, 0x802b, 0x7ffd, 0x800c, 0x800c, 0x800c, 0x800c,
   0x800c, 0x800c, 0x802b, 0x800c, 0x802b, 0x802b, 0x803a, 0x8059, 0x801c,
   0x800c, 0x803a, 0x801c, 0x800c, 0x8059, 0x800c, 0x803a, 0x7ffd, 0x800c,
   0x800c, 0x8059, 0x7fee, 0x7fee, 0x802b, 0x8068, 0x80b5, 0x80d4, 0x80c4,
   0x8059, 0x8059, 0x8096, 0x8096, 0x803a, 0x800c, 0x8078, 0x800c, 0x7fde,
   0x804a, 0x800c, 0x7fee, 0x7ffd, 0x7fee, 0x800c, 0x8068, 0x804a, 0x7ffd,
   0x8078, 0x802b, 0x8078, 0x80f2, 0x80b5, 0x803a, 0x7ffd, 0x804a, 0x8068,
   0x803a, 0x8068, 0x801c, 0x801c, 0x80a6, 0x802b, 0x8096, 0x8087, 0x804a,
   0x7ffd, 0x7ffd, 0x7fc0, 0x801c, 0x800c, 0x7fc0, 0x7ffd, 0x803a, 0x800c,
   0x7fa1, 0x7fcf, 0x800c, 0x7fee, 0x7fde, 0x7fde, 0x7fde, 0x800c, 0x7ffd,
   0x800c, 0x7ffd, 0x802b, 0x804a, 0x7fee, 0x7fcf, 0x7fee, 0x7fb0, 0x7fde,
   0x7fde, 0x7fcf, 0x7fde, 0x7fb0, 0x7fc0, 0x7fcf, 0x7fee, 0x7fde, 0x7f92,
   0x7fb0, 0x7fa1, 0x7fee, 0x7fee, 0x804a, 0x7fee, 0x7fcf, 0x7fa1, 0x7fb0,
   0x800c, 0x7fde, 0x7fee, 0x7ffd, 0x800c, 0x800c, 0x800c, 0x7fee, 0x7fcf,
   0x800c, 0x7fee, 0x7fde, 0x7f92, 0x7fee, 0x800c, 0x801c, 0x804a, 0x800c,
   0x7ffd, 0x7fee, 0x7ffd, 0x7fcf, 0x7fc0, 0x7fb0, 0x7f73, 0x7f82, 0x7fcf,
   0x800c, 0x800c, 0x800c, 0x7fcf, 0x7f82, 0x7f92, 0x7fb0, 0x7f73, 0x7fcf,
   0x7fc0, 0x7ffd, 0x7fee, 0x7fb0, 0x7fcf, 0x7fcf, 0x7fc0, 0x7fb0, 0x7fde,
   0x7fde, 0x7fa1, 0x7fb0, 0x801c, 0x7fde, 0x7fc0, 0x7f54, 0x7f92, 0x800c,
   0x7fc0, 0x7fc0, 0x7fee, 0x7fcf, 0x7fcf, 0x7fde, 0x7fee, 0x7fcf, 0x7fcf,
   0x7fc0, 0x7fc0, 0x7ffd, 0x7fee, 0x7fde, 0x800c, 0x7fee, 0x7fa1, 0x7fa1,
   0x7fde, 0x800c, 0x804a, 0x800c, 0x800c, 0x804a, 0x801c, 0x802b, 0x803a,
   0x7ffd, 0x7fa1, 0x7ffd, 0x7ffd, 0x7fee, 0x7fc0, 0x7fde, 0x7f92, 0x7fde,
   0x7fa1, 0x800c, 0x800c, 0x7fde, 0x7fa1, 0x7f92, 0x7fc0, 0x7fee, 0x7fde,
   0x7fee, 0x800c, 0x7fcf, 0x7fb0, 0x7fcf, 0x800c, 0x7ffd, 0x7fc0, 0x7fee,
   0x800c, 0x7fde, 0x7fde, 0x7ffd, 0x800c, 0x802b, 0x800c, 0x800c, 0x8078,
   0x802b, 0x7ffd, 0x800c, 0x7fee, 0x800c, 0x800c, 0x7fcf, 0x7fcf, 0x7ffd,
   0x800c, 0x800c, 0x7ffd, 0x800c, 0x7fb0, 0x7fde, 0x7fee, 0x7fcf, 0x800c,
   0x7fcf, 0x7fee, 0x800c, 0x800c, 0x801c, 0x7fde, 0x800c, 0x7fde, 0x7fcf,
   0x800c, 0x7fde, 0x7fb0, 0x7fde, 0x802b, 0x800c, 0x7fc0, 0x7fee, 0x7fde,
   0x7ffd, 0x7fee, 0x7fcf, 0x7fee, 0x7fa1, 0x7fa1, 0x7fc0, 0x7fde, 0x7fc0,
   0x7fcf, 0x7fcf, 0x7fee, 0x7fde, 0x7fc0, 0x7fc0, 0x7fc0, 0x7f64, 0x7fb0,
   0x7fc0, 0x801c, 0x7fee, 0x7fc0, 0x7f92, 0x7f73, 0x7fb0, 0x7f82, 0x7fb0,
   0x7fa1, 0x7fde, 0x7fb0, 0x800c, 0x7fb0, 0x7ffd, 0x7fb0, 0x7f82, 0x7fa1,
   0x7f82, 0x7fa1, 0x7fa1, 0x7fee, 0x7fcf, 0x7ffd, 0x7fee, 0x801c, 0x7fee,
   0x800c, 0x7fcf, 0x7fa1, 0x7fc0, 0x7ffd, 0x800c, 0x7f64, 0x7f73, 0x7fcf,
   0x7fc0, 0x800c, 0x803a, 0x7fb0, 0x7fa1, 0x7fde, 0x7fde, 0x7fc0, 0x7fb0,
   0x7fee, 0x7fde, 0x7fcf, 0x7fb0, 0x7fb0, 0x7f82, 0x7f73, 0x7fa1, 0x7fde,
   0x7fc0, 0x7ffd, 0x800c, 0x7fee, 0x7fc0, 0x7fee, 0x7fde, 0x7fcf, 0x7ffd,
   0x803a, 0x800c, 0x7fee, 0x803a, 0x803a, 0x802b, 0x800c, 0x801c, 0x801c,
   0x8096, 0x8078, 0x8087, 0x8059, 0x8068, 0x8087, 0x80a6, 0x8078, 0x80c4,
   0x8059, 0x8078, 0x802b, 0x7f45, 0x7e31, 0x7c17, 0x7bbb, 0x7cb0, 0x7e12,
   0x7f82, 0x813f, 0x8244, 0x8281, 0x8281, 0x8272, 0x8262, 0x81c9, 0x81ba,
   0x816d, 0x816d, 0x815e, 0x815e, 0x8120, 0x8130, 0x8120, 0x8102, 0x80e3,
   0x8087, 0x8068, 0x8068, 0x8068, 0x802b, 0x8078, 0x804a, 0x803a, 0x8059,
   0x8078, 0x803a, 0x8068, 0x7fa1, 0x7f82, 0x7ffd, 0x800c, 0x800c, 0x804a,
   0x804a, 0x7fee, 0x7ffd, 0x7fde, 0x7fee, 0x7fa1, 0x7fb0, 0x7ffd, 0x800c,
   0x7fcf, 0x800c, 0x7fee, 0x7fa1, 0x7fee, 0x7fa1, 0x7f92, 0x7fcf, 0x7fcf,
   0x7fde, 0x801c, 0x7fee, 0x7fee, 0x7fde, 0x7fb0, 0x7fc0, 0x7fa1, 0x7fee,
   0x7f64, 0x7f36, 0x7f54, 0x7f82, 0x7fde, 0x7fb0, 0x7fb0, 0x800c, 0x7fee,
   0x7f73, 0x800c, 0x802b, 0x800c, 0x7ffd, 0x7fb0, 0x7f54, 0x7fa1, 0x7f45,
   0x7f08, 0x7f82, 0x7fa1, 0x7f08, 0x7f36, 0x7f54, 0x7f36, 0x7f64, 0x7fa1,
   0x7fb0, 0x7fb0, 0x7fcf, 0x7f92, 0x7f54, 0x7fc0, 0x7f82, 0x7f64, 0x7fa1,
   0x7f64, 0x7f45, 0x7f82, 0x7f92, 0x7fa1, 0x7fa1, 0x7f54, 0x7f73, 0x7f82,
   0x7f92, 0x7fc0, 0x7fb0, 0x7ffd, 0x7fc0, 0x7f36, 0x7f82, 0x7fc0, 0x7f82,
   0x7f64, 0x7f54, 0x7ee9, 0x7eda, 0x7f26, 0x7eda, 0x7f54, 0x7f73, 0x7fa1,
   0x7f73, 0x7f64, 0x7f82, 0x7f73, 0x7f82, 0x7f54, 0x7f36, 0x7f45, 0x7f08,
   0x7f26, 0x7f36, 0x7f54, 0x7fa1, 0x7f82, 0x7f82, 0x7f82, 0x7fde, 0x7fde,
   0x7fde, 0x7ffd, 0x7fee, 0x7fde, 0x7fc0, 0x7f64, 0x7f73, 0x7f82, 0x7f92,
   0x7fa1, 0x7f64, 0x7fc0, 0x7fa1, 0x7f92, 0x7fc0, 0x7fcf, 0x7fcf, 0x800c,
   0x7f17, 0x7fa1, 0x7ffd, 0x7fcf, 0x7fb0, 0x7fb0, 0x7fa1, 0x7f92, 0x7f64,
   0x7f54, 0x7fa1, 0x7f92, 0x7f45, 0x7f92, 0x7fb0, 0x7fc0, 0x7fc0, 0x7fc0,
   0x7f92, 0x7f73, 0x7f92, 0x7fb0, 0x7f82, 0x7fc0, 0x800c, 0x7f82, 0x7f73,
   0x7fa1, 0x7fc0, 0x7fb0, 0x7fcf, 0x7f45, 0x7fa1, 0x7fee, 0x7fc0, 0x7fb0,
   0x7fde, 0x7fcf, 0x7fcf, 0x7fde, 0x801c, 0x7fcf, 0x7fee, 0x800c, 0x800c,
   0x7ffd, 0x7ffd, 0x7ffd, 0x802b, 0x7fc0, 0x7ffd, 0x8068, 0x7ffd, 0x802b,
   0x801c, 0x7ffd, 0x800c, 0x800c, 0x7ffd, 0x7ffd, 0x802b, 0x7ffd, 0x7ffd,
   0x7fb0, 0x7fc0, 0x7fb0, 0x800c, 0x7fcf, 0x7fee, 0x803a, 0x800c, 0x803a,
   0x8078, 0x804a, 0x8059, 0x8087, 0x804a, 0x8059, 0x8078, 0x8087, 0x8078,
   0x8068, 0x80a6, 0x804a, 0x804a, 0x800c, 0x8059, 0x802b, 0x804a, 0x801c,
   0x7fee, 0x8059, 0x8096, 0x8087, 0x80b5, 0x8078, 0x8087, 0x8059, 0x8078,
   0x8102, 0x80e3, 0x80b5, 0x8102, 0x8096, 0x8096, 0x80a6, 0x8102, 0x80f2,
   0x80d4, 0x804a, 0x80d4, 0x80c4, 0x80a6, 0x804a, 0x80b5, 0x80c4, 0x8068,
   0x80b5, 0x80e3, 0x8078, 0x80c4, 0x8078, 0x800c, 0x8059, 0x8087, 0x8068,
   0x80f2, 0x80d4, 0x8130, 0x80e3, 0x80c4, 0x80e3, 0x80a6, 0x80d4, 0x80f2,
   0x80c4, 0x80e3, 0x80a6, 0x80d4, 0x804a, 0x80b5, 0x80c4, 0x8078, 0x8087,
   0x8059, 0x804a, 0x803a, 0x8087, 0x803a, 0x804a, 0x801c, 0x804a, 0x80d4,
   0x80e3, 0x80a6, 0x8059, 0x8059, 0x802b, 0x7fb0, 0x7f08, 0x7d2b, 0x7b8d,
   0x7c17, 0x7ccf, 0x7f36, 0x8087, 0x816d, 0x8253, 0x82ec, 0x82ce, 0x82a0,
   0x8253, 0x81c9, 0x8206, 0x8206, 0x81ba, 0x81c9, 0x81aa, 0x816d, 0x817c,
   0x813f, 0x8120, 0x816d, 0x8102, 0x80f2, 0x8087, 0x80c4, 0x8078, 0x80a6,
   0x8087, 0x80d4, 0x8078, 0x803a, 0x804a, 0x801c, 0x8068, 0x7ffd, 0x800c,
   0x8059, 0x804a, 0x801c, 0x8059, 0x800c, 0x803a, 0x8059, 0x804a, 0x7fde,
   0x800c, 0x804a, 0x804a, 0x800c, 0x8059, 0x803a, 0x801c, 0x800c, 0x800c,
   0x803a, 0x800c, 0x800c, 0x7fee, 0x7fee, 0x803a, 0x801c, 0x7fee, 0x801c,
   0x800c, 0x7fc0, 0x7fde, 0x800c, 0x800c, 0x800c, 0x7ffd, 0x7fde, 0x800c,
   0x7fde, 0x800c, 0x801c, 0x802b, 0x800c, 0x803a, 0x801c, 0x802b, 0x802b,
   0x801c, 0x803a, 0x7ffd, 0x7ffd, 0x801c, 0x7fee, 0x801c, 0x801c, 0x802b,
   0x802b, 0x801c, 0x7ffd, 0x801c, 0x7fde, 0x801c, 0x803a, 0x802b, 0x800c,
   0x7fc0, 0x7fcf, 0x7fc0, 0x7fde, 0x7ffd, 0x7fee, 0x800c, 0x800c, 0x801c,
   0x7ffd, 0x8068, 0x803a, 0x800c, 0x804a, 0x7ffd, 0x800c, 0x7fa1, 0x7fcf,
   0x7fc0, 0x802b, 0x7ffd, 0x7ffd, 0x7fde, 0x7ffd, 0x7fc0, 0x7fde, 0x7f73,
   0x7fcf, 0x7f82, 0x7f64, 0x7f82, 0x7fa1, 0x7f92, 0x7f64, 0x7f73, 0x7f82,
   0x7ffd, 0x7fcf, 0x7fee, 0x7fcf, 0x800c, 0x802b, 0x7fee, 0x803a, 0x7ffd,
   0x7fa1, 0x800c, 0x7f82, 0x7f64, 0x7fc0, 0x801c, 0x7fde, 0x7fde, 0x7fc0,
   0x7fcf, 0x800c, 0x7fb0, 0x7ffd, 0x801c, 0x7fa1, 0x7fb0, 0x7fee, 0x7fb0,
   0x7fb0, 0x7fcf, 0x7fee, 0x7fc0, 0x7fcf, 0x7fc0, 0x7fde, 0x803a, 0x801c,
   0x7ffd, 0x7fb0, 0x7fc0, 0x7fee, 0x7fee, 0x7fb0, 0x7f82, 0x7fcf, 0x7fc0,
   0x7fee, 0x7fb0, 0x7f92, 0x7fb0, 0x7fcf, 0x800c, 0x8078, 0x801c, 0x800c,
   0x802b, 0x8068, 0x8068, 0x803a, 0x800c, 0x7fee, 0x7fc0, 0x7fa1, 0x7fb0,
   0x7ffd, 0x7ffd, 0x7fc0, 0x7f73, 0x7fa1, 0x7fde, 0x800c, 0x7f64, 0x7fc0,
   0x7fb0, 0x7fde, 0x7fde, 0x7ffd, 0x800c, 0x800c, 0x7fee, 0x7fc0, 0x7fa1,
   0x7f82, 0x7fa1, 0x7fee, 0x7fde, 0x7fc0, 0x7fa1, 0x7ffd, 0x802b, 0x7ffd,
   0x800c, 0x7fee, 0x7fee, 0x7ffd, 0x7f92, 0x7fb0, 0x7fa1, 0x800c, 0x7fde,
   0x7fa1, 0x7f82, 0x7fc0, 0x7fb0, 0x7fc0, 0x7fa1, 0x7fee, 0x802b, 0x802b,
   0x803a, 0x7fee, 0x7fb0, 0x7fee, 0x800c, 0x800c, 0x801c, 0x7fde, 0x800c,
   0x800c, 0x7fde, 0x7fcf, 0x7fc0, 0x7fde, 0x800c, 0x801c, 0x7fcf, 0x7f92,
   0x7f92, 0x7fee, 0x7ffd, 0x800c, 0x800c, 0x801c, 0x800c, 0x7fcf, 0x800c,
   0x7fde, 0x7fcf, 0x7f82, 0x7f82, 0x7f92, 0x7fa1, 0x7fb0, 0x7f82, 0x7f92,
   0x7ffd, 0x7fcf, 0x7fa1, 0x7f54, 0x7fc0, 0x7fcf, 0x7ffd, 0x7ffd, 0x7ffd,
   0x7ffd, 0x803a, 0x800c, 0x7fee, 0x7f92, 0x7fa1, 0x7f92, 0x7ffd, 0x7fb0,
   0x7fb0, 0x7fb0, 0x7f82, 0x7f92, 0x7f73, 0x7f45, 0x7f82, 0x7f54, 0x7fa1,
   0x7fc0, 0x7ffd, 0x7ffd, 0x7f82, 0x7fc0, 0x7f92, 0x7f82, 0x7f92, 0x7f45,
   0x7f92, 0x7fee, 0x7fb0, 0x7f82, 0x7f92, 0x7f92, 0x7fa1, 0x7f92, 0x7fb0,
   0x7f92, 0x7ffd, 0x7ffd, 0x7fee, 0x7fcf, 0x7fee, 0x800c, 0x7fc0, 0x7fde,
   0x7fde, 0x800c, 0x800c, 0x7fde, 0x7fee, 0x7fc0, 0x801c, 0x8068, 0x800c,
   0x802b, 0x7ffd, 0x7fcf, 0x7ffd, 0x802b, 0x801c, 0x802b, 0x801c, 0x800c,
   0x800c, 0x7fb0, 0x7f73, 0x7fde, 0x7fee, 0x7f54, 0x7fde, 0x7fee, 0x7fde,
   0x7fde, 0x7fa1, 0x7fb0, 0x7fde, 0x801c, 0x7fee, 0x7fee, 0x800c, 0x7fde,
   0x7fb0, 0x7f92, 0x7fa1, 0x7ffd, 0x802b, 0x800c, 0x8059, 0x802b, 0x803a,
   0x8068, 0x802b, 0x801c, 0x800c, 0x7fee, 0x802b, 0x801c, 0x7fee, 0x7fc0,
   0x7fde, 0x7fde, 0x7fde, 0x7fcf, 0x800c, 0x7ffd, 0x802b, 0x803a, 0x804a,
   0x8059, 0x80a6, 0x804a, 0x803a, 0x7ffd, 0x804a, 0x804a, 0x801c, 0x802b,
   0x801c, 0x803a, 0x803a, 0x800c, 0x804a, 0x804a, 0x80b5, 0x802b, 0x802b,
   0x7fde, 0x800c, 0x801c, 0x7ffd, 0x800c, 0x804a, 0x804a, 0x8078, 0x7ffd,
   0x7f92, 0x7f82, 0x7fb0, 0x800c, 0x803a, 0x804a, 0x803a, 0x8059, 0x8078,
   0x804a, 0x7ffd, 0x7fde, 0x800c, 0x802b, 0x7fde, 0x7f73, 0x7fb0, 0x7fcf,
   0x7ffd, 0x802b, 0x7fee, 0x7ffd, 0x7fb0, 0x7fb0, 0x7fb0, 0x7ffd, 0x803a,
   0x802b, 0x7fcf, 0x7fee, 0x7ffd, 0x7fee, 0x800c, 0x7fde, 0x7fee, 0x7ffd,
   0x803a, 0x800c, 0x802b, 0x800c, 0x804a, 0x803a, 0x800c, 0x800c, 0x7f45,
   0x7fee, 0x801c, 0x7fee, 0x7fc0, 0x800c, 0x7fc0, 0x800c, 0x800c, 0x8068,
   0x802b, 0x801c, 0x8078, 0x802b, 0x802b, 0x8068, 0x802b, 0x7ffd, 0x7fee,
   0x7fcf, 0x800c, 0x800c, 0x802b, 0x7ffd, 0x800c, 0x800c, 0x800c, 0x7ffd,
   0x801c, 0x8078, 0x7ffd, 0x801c, 0x7fcf, 0x7fde, 0x7fde, 0x7fee, 0x7fee,
   0x7f73, 0x7f54, 0x7fa1, 0x7fb0, 0x7fcf, 0x800c, 0x801c, 0x7fc0, 0x800c,
   0x801c, 0x804a, 0x801c, 0x804a, 0x8096, 0x804a, 0x8068, 0x800c, 0x7fee,
   0x7fc0, 0x7fcf, 0x7fb0, 0x7fee, 0x801c, 0x7fee, 0x803a, 0x7fc0, 0x801c,
   0x7fcf, 0x7ffd, 0x803a, 0x804a, 0x800c, 0x7fee, 0x7fb0, 0x7fa1, 0x7fee,
   0x801c, 0x7fde, 0x7fee, 0x801c, 0x800c, 0x800c, 0x7fc0, 0x7fee, 0x7fcf,
   0x7fa1, 0x7fcf, 0x7fb0, 0x7fb0, 0x7fa1, 0x7fc0, 0x7f54, 0x7f54, 0x7fa1,
   0x7fde, 0x800c, 0x7ffd, 0x7fde, 0x7fde, 0x7fb0, 0x7fcf, 0x7fde, 0x7ffd,
   0x7fa1, 0x7fc0, 0x7f73, 0x7fde, 0x7f73, 0x7fee, 0x7fa1, 0x7fee, 0x7fee,
   0x7ffd, 0x802b, 0x7fee, 0x7fde, 0x7fee, 0x7ffd, 0x7fde, 0x800c, 0x800c,
   0x7fee, 0x7ffd, 0x800c, 0x800c, 0x803a, 0x7fee, 0x800c, 0x7fcf, 0x802b,
   0x801c, 0x7fb0, 0x7fee, 0x800c, 0x7fc0, 0x7fee, 0x7ffd, 0x800c, 0x7fb0,
   0x7fde, 0x800c, 0x7fde, 0x7fc0, 0x7fb0, 0x7fb0, 0x7fee, 0x7fcf, 0x7fee,
   0x800c, 0x7fde, 0x7ffd, 0x7fcf, 0x800c, 0x7fee, 0x7fcf, 0x7fc0, 0x7fee,
   0x7fde, 0x7fde, 0x7fde, 0x7fee, 0x7fa1, 0x7f92, 0x7f82, 0x7fc0, 0x7ef8,
   0x7dc6, 0x7be9, 0x7a98, 0x7b7e, 0x7d0c, 0x7ebb, 0x7fc0, 0x815e, 0x81c9,
   0x8206, 0x81f7, 0x81ba, 0x814e, 0x816d, 0x818c, 0x813f, 0x80c4, 0x80c4,
   0x8059, 0x8087, 0x8078, 0x8087, 0x801c, 0x8087, 0x801c, 0x804a, 0x804a,
   0x800c, 0x801c, 0x7fc0, 0x800c, 0x7ffd, 0x7fee, 0x7fcf, 0x7fee, 0x7fee,
   0x7fee, 0x7fb0, 0x7fa1, 0x7fb0, 0x7fa1, 0x7fb0, 0x7f82, 0x7f45, 0x7fc0,
   0x7f92, 0x7f54, 0x7f82, 0x7fcf, 0x7fde, 0x7fcf, 0x800c, 0x7fde, 0x7fde,
   0x7fcf, 0x800c, 0x7ffd, 0x7fcf, 0x7ffd, 0x7fcf, 0x7fc0, 0x7fb0, 0x7fde,
   0x800c, 0x7fde, 0x800c, 0x7fde, 0x7ffd, 0x7fc0, 0x7fcf, 0x803a, 0x8087,
   0x7f82, 0x7fb0, 0x7fcf, 0x7ffd, 0x7fc0, 0x7fde, 0x7fde, 0x801c, 0x800c,
   0x7fcf, 0x7fde, 0x800c, 0x7ffd, 0x800c, 0x7fee, 0x7fcf, 0x7fde, 0x7fde,
   0x803a, 0x804a, 0x800c, 0x7fde, 0x7fde, 0x7fee, 0x7fde, 0x7fc0, 0x7fee,
   0x7fc0, 0x7fcf, 0x7fcf, 0x7fde, 0x7fee, 0x7fde, 0x801c, 0x800c, 0x7ffd,
   0x802b, 0x80d4, 0x8078, 0x802b, 0x801c, 0x7fde, 0x7ffd, 0x7fc0, 0x7fcf,
   0x800c, 0x8059, 0x800c, 0x800c, 0x7ffd, 0x7fcf, 0x7ffd, 0x7fde, 0x7ffd,
   0x8068, 0x8078, 0x804a, 0x7fee, 0x7fa1, 0x7fb0, 0x7f82, 0x7fde, 0x7fb0,
   0x7ffd, 0x801c, 0x7fde, 0x800c, 0x801c, 0x800c, 0x803a, 0x800c, 0x803a,
   0x801c, 0x800c, 0x801c, 0x800c, 0x801c, 0x803a, 0x7fcf, 0x800c, 0x800c,
   0x8087, 0x804a, 0x8068, 0x801c, 0x7ffd, 0x801c, 0x801c, 0x7ffd, 0x7fde,
   0x7fcf, 0x801c, 0x801c, 0x7ffd, 0x800c, 0x800c, 0x7ffd, 0x7fee, 0x7fcf,
   0x800c, 0x7ffd, 0x7fcf, 0x7fb0, 0x7ffd, 0x7ffd, 0x7f92, 0x7fc0, 0x7f92,
   0x7fa1, 0x7fde, 0x7fcf, 0x800c, 0x802b, 0x801c, 0x800c, 0x803a, 0x7ffd,
   0x7fb0, 0x800c, 0x7fee, 0x7fee, 0x7ffd, 0x800c, 0x801c, 0x801c, 0x804a,
   0x803a, 0x8068, 0x8068, 0x8102, 0x80a6, 0x8059, 0x8059, 0x8068, 0x8078,
   0x80a6, 0x8078, 0x8096, 0x80c4, 0x8078, 0x80a6, 0x802b, 0x804a, 0x802b,
   0x8078, 0x802b, 0x7fde, 0x804a, 0x7ffd, 0x802b, 0x802b, 0x7ffd, 0x802b,
   0x802b, 0x8096, 0x804a, 0x8087, 0x7ffd, 0x802b, 0x802b, 0x804a, 0x804a,
   0x8078, 0x803a, 0x800c, 0x801c, 0x7fb0, 0x7fcf, 0x7fa1, 0x7fb0, 0x7fa1,
   0x7fc0, 0x7fee, 0x7ffd, 0x801c, 0x8059, 0x800c, 0x800c, 0x7ffd, 0x803a,
   0x7fde, 0x7fee, 0x7fde, 0x800c, 0x800c, 0x800c, 0x80c4, 0x801c, 0x7fde,
   0x8059, 0x801c, 0x802b, 0x803a, 0x800c, 0x800c, 0x804a, 0x7ffd, 0x802b,
   0x7fde, 0x7ffd, 0x7ffd, 0x803a, 0x801c, 0x7ffd, 0x803a, 0x804a, 0x800c,
   0x7fc0, 0x802b, 0x803a, 0x8059, 0x801c, 0x7fee, 0x7fa1, 0x802b, 0x800c,
   0x800c, 0x800c, 0x7fee, 0x800c, 0x7fc0, 0x7fb0, 0x7fc0, 0x7fc0, 0x7fb0,
   0x7fcf, 0x7ffd, 0x804a, 0x8059, 0x8096, 0x803a, 0x801c, 0x7fcf, 0x7fee,
   0x7fee, 0x7fb0, 0x7f92, 0x7fb0, 0x7f73, 0x7fa1, 0x7ffd, 0x802b, 0x7fcf,
   0x800c, 0x800c, 0x802b, 0x803a, 0x802b, 0x803a, 0x7fde, 0x800c, 0x803a,
   0x7ffd, 0x7fb0, 0x7fc0, 0x7fa1, 0x7fb0, 0x7fee, 0x800c, 0x800c, 0x803a,
   0x7ffd, 0x7fee, 0x800c, 0x7ffd, 0x800c, 0x801c, 0x7fde, 0x7f82, 0x7fc0,
   0x7fb0, 0x7fb0, 0x7fcf, 0x7fde, 0x7f92, 0x7f73, 0x7fde, 0x7f82, 0x7f36,
   0x7f82, 0x7f45, 0x7f64, 0x7fb0, 0x7f82, 0x7fc0, 0x7fcf, 0x7f92, 0x7fb0,
   0x7fc0, 0x800c, 0x7fc0, 0x7fa1, 0x7fee, 0x7fc0, 0x7fb0, 0x7f92, 0x7fee,
   0x7fc0, 0x7fa1, 0x7fee, 0x7ffd, 0x7fde, 0x7fb0, 0x800c, 0x7f92, 0x7fb0,
   0x7fee, 0x7fde, 0x7fc0, 0x7f92, 0x7fc0, 0x7ffd, 0x7fb0, 0x7fde, 0x7fc0,
   0x7fa1, 0x7fc0, 0x7fa1, 0x7ffd, 0x7ffd, 0x7fc0, 0x7fb0, 0x7fa1, 0x7f82,
   0x7fb0, 0x7f45, 0x7f82, 0x7fa1, 0x7ffd, 0x7fde, 0x7f82, 0x7fb0, 0x7fcf,
   0x7fc0, 0x7fde, 0x7fa1, 0x7fc0, 0x7fa1, 0x7fa1, 0x7ffd, 0x800c, 0x7fde,
   0x7f08, 0x7dc6, 0x7bac, 0x7ad5, 0x7b7e, 0x7d3a, 0x7eda, 0x80c4, 0x816d,
   0x81d8, 0x81f7, 0x81e8, 0x81ba, 0x818c, 0x818c, 0x814e, 0x80b5, 0x80c4,
   0x80f2, 0x80d4, 0x8096, 0x80b5, 0x80b5, 0x8087, 0x802b, 0x803a, 0x7fcf,
   0x800c, 0x7fde, 0x800c, 0x800c, 0x7fc0, 0x803a, 0x7fee, 0x7fcf, 0x7ffd,
   0x7fb0, 0x7f64, 0x7fde, 0x7fee, 0x800c, 0x7fc0, 0x7fc0, 0x7fde, 0x7fde,
   0x7ffd, 0x7fa1, 0x7ffd, 0x800c, 0x7fde, 0x800c, 0x800c, 0x803a, 0x801c,
   0x8068, 0x7ffd, 0x801c, 0x803a, 0x800c, 0x7fde, 0x7fee, 0x802b, 0x800c,
   0x804a, 0x802b, 0x8087, 0x801c, 0x801c, 0x800c, 0x7fcf, 0x803a, 0x800c,
   0x7fcf, 0x7ffd, 0x800c, 0x7fde, 0x804a, 0x801c, 0x804a, 0x7fde, 0x801c,
   0x800c, 0x7fcf, 0x801c, 0x802b, 0x800c, 0x7fcf, 0x7fee, 0x800c, 0x7ffd,
   0x7fc0, 0x7fb0, 0x7fa1, 0x800c, 0x7fcf, 0x7fcf, 0x7fc0, 0x7f92, 0x7f73,
   0x7fb0, 0x7fcf, 0x800c, 0x803a, 0x801c, 0x801c, 0x803a, 0x802b, 0x801c,
   0x7fb0, 0x7fb0, 0x7f92, 0x7f92, 0x7fde, 0x7fee, 0x800c, 0x801c, 0x7fee,
   0x7fa1, 0x7fc0, 0x7fde, 0x800c, 0x7fa1, 0x7fc0, 0x7fee, 0x7f82, 0x7f73,
   0x7f92, 0x7ffd, 0x7ffd, 0x7ffd, 0x800c, 0x7fcf, 0x7fcf, 0x7fcf, 0x7fcf,
   0x7f54, 0x7fa1, 0x7fc0, 0x7fb0, 0x7f92, 0x7f92, 0x7f92, 0x7f73, 0x7f82,
   0x7fa1, 0x7fc0, 0x7fb0, 0x7fa1, 0x7fa1, 0x7fcf, 0x7f54, 0x7f73, 0x7fa1,
   0x7fb0, 0x7fb0, 0x7fb0, 0x7fa1, 0x7fa1, 0x7fde, 0x7fb0, 0x7f64, 0x7fb0,
   0x7fde, 0x7f64, 0x7f73, 0x7fc0, 0x7fb0, 0x7fc0, 0x7fee, 0x7fcf, 0x7f82,
   0x800c, 0x7f92, 0x7fa1, 0x7f82, 0x7fc0, 0x7fc0, 0x7f92, 0x7fb0, 0x7fb0,
   0x7f82, 0x7fb0, 0x7fc0, 0x7fde, 0x7ffd, 0x802b, 0x7ffd, 0x7fa1, 0x7fcf,
   0x7fb0, 0x7fee, 0x7fde, 0x7fee, 0x800c, 0x802b, 0x801c, 0x800c, 0x802b,
   0x800c, 0x802b, 0x800c, 0x801c, 0x801c, 0x801c, 0x802b, 0x800c, 0x7fee,
   0x800c, 0x800c, 0x800c, 0x804a, 0x8059, 0x800c, 0x800c, 0x7fc0, 0x7fb0,
   0x7fc0, 0x7fee, 0x802b, 0x801c, 0x800c, 0x804a, 0x803a, 0x804a, 0x803a,
   0x8087, 0x801c, 0x8096, 0x80f2, 0x8087, 0x8059, 0x80b5, 0x8087, 0x8068,
   0x8087, 0x8078, 0x8078, 0x8096, 0x80c4, 0x8068, 0x8096, 0x8087, 0x803a,
   0x8068, 0x80b5, 0x80a6, 0x8096, 0x8087, 0x80b5, 0x8059, 0x80a6, 0x8059,
   0x80a6, 0x80b5, 0x80d4, 0x80b5, 0x800c, 0x800c, 0x804a, 0x8059, 0x8068,
   0x8059, 0x8087, 0x80a6, 0x8096, 0x80b5, 0x8096, 0x80a6, 0x8096, 0x8096,
   0x80b5, 0x80c4, 0x8096, 0x8111, 0x80b5, 0x8068, 0x804a, 0x80d4, 0x8102,
   0x80d4, 0x800c, 0x80a6, 0x80d4, 0x80d4, 0x8102, 0x8068, 0x804a, 0x8087,
   0x80c4, 0x8096, 0x8078, 0x80b5, 0x8087, 0x8059, 0x8068, 0x803a, 0x8059,
   0x8059, 0x8068, 0x80d4, 0x8102, 0x80f2, 0x8102, 0x8078, 0x80a6, 0x80f2,
   0x8102, 0x8068, 0x80b5, 0x80c4, 0x80a6, 0x804a, 0x8059, 0x804a, 0x8078,
   0x8059, 0x8078, 0x8087, 0x8068, 0x8078, 0x8096, 0x804a, 0x803a, 0x8059,
   0x80d4, 0x8059, 0x800c, 0x804a, 0x8096, 0x804a, 0x8059, 0x7fee, 0x800c,
   0x7fde, 0x803a, 0x8059, 0x801c, 0x7fcf, 0x800c, 0x800c, 0x802b, 0x802b,
   0x800c, 0x7fcf, 0x803a, 0x8087, 0x8078, 0x80a6, 0x8087, 0x8059, 0x8078,
   0x80c4, 0x8078, 0x804a, 0x803a, 0x8087, 0x8087, 0x802b, 0x8096, 0x802b,
   0x802b, 0x7fcf, 0x7ffd, 0x804a, 0x803a, 0x8068, 0x7fee, 0x7ffd, 0x801c,
   0x8068, 0x8059, 0x801c, 0x802b, 0x801c, 0x7f54, 0x7ee9, 0x7d87, 0x7b8d,
   0x7af2, 0x7c08, 0x7d68, 0x7f36, 0x8087, 0x814e, 0x81d8, 0x8234, 0x8244,
   0x81d8, 0x81c9, 0x817c, 0x814e, 0x80c4, 0x80b5, 0x80d4, 0x80c4, 0x8096,
   0x80b5, 0x802b, 0x8068, 0x804a, 0x7fee, 0x802b, 0x7fde, 0x7fcf, 0x7fee,
   0x803a, 0x7fde, 0x7ffd, 0x7fc0, 0x7fb0, 0x7f92, 0x7f64, 0x7fde, 0x7fde,
   0x7fde, 0x7fc0, 0x7f64, 0x7f26, 0x7eda, 0x7f26, 0x7f17, 0x7f73, 0x7fde,
   0x7fcf, 0x7fde, 0x7fcf, 0x7fa1, 0x7f73, 0x7fa1, 0x7f92, 0x7fde, 0x7f73,
   0x7f64, 0x7f54, 0x7f82, 0x7f45, 0x7f73, 0x7fde, 0x7f92, 0x7f82, 0x7f92,
   0x7fc0, 0x7fb0, 0x7fc0, 0x7fde, 0x7ffd, 0x802b, 0x7f92, 0x7fa1, 0x7fb0,
   0x7f92, 0x7fa1, 0x7fa1, 0x7f82, 0x7f92, 0x7f25, 0x7f73, 0x7f73, 0x7f82,
   0x7f64, 0x7f54, 0x7f45, 0x7fcf, 0x804a, 0x800c, 0x7fcf, 0x7f92, 0x7f92,
   0x7f73, 0x7f92, 0x7fb0, 0x7fcf, 0x7fc0, 0x7fcf, 0x7fde, 0x7fa1, 0x7fcf,
   0x7ffd, 0x7f82, 0x7f64, 0x7f45, 0x7f08, 0x7f54, 0x7f45, 0x7f64, 0x7fc0,
   0x7fde, 0x7f82, 0x800c, 0x7f92, 0x7fee, 0x800c, 0x800c, 0x7f92, 0x7f92,
   0x7fcf, 0x7fcf, 0x7fa1, 0x7fc0, 0x7fa1, 0x7fcf, 0x7fc0, 0x7fee, 0x7fb0,
   0x7fb0, 0x7fa1, 0x7f73, 0x7f92, 0x7fcf, 0x7fde, 0x7fcf, 0x800c, 0x7ffd,
   0x7f82, 0x7f73, 0x7f36, 0x7f54, 0x7f73, 0x7fb0, 0x7f45, 0x7f82, 0x7fa1,
   0x7fde, 0x800c, 0x7fb0, 0x7fb0, 0x7fc0, 0x7fc0, 0x7ffd, 0x7fa1, 0x7fa1,
   0x7f73, 0x7f92, 0x7f92, 0x7f92, 0x7fde, 0x800c, 0x7fee, 0x7ffd, 0x800c,
   0x7fa1, 0x7fee, 0x7fde, 0x800c, 0x7f92, 0x7fee, 0x7fc0, 0x7ffd, 0x800c,
   0x7ffd, 0x7fee, 0x7f82, 0x7fee, 0x7fcf, 0x800c, 0x7ffd, 0x7fb0, 0x7fa1,
   0x7fc0, 0x7ffd, 0x7f73, 0x7fee, 0x7fee, 0x800c, 0x7fde, 0x7fde, 0x7fde,
   0x7fde, 0x801c, 0x802b, 0x800c, 0x7fee, 0x7fee, 0x7fcf, 0x7fc0, 0x7fa1,
   0x7fa1, 0x7f92, 0x7ffd, 0x7fee, 0x802b, 0x7fee, 0x800c, 0x801c, 0x800c,
   0x7ffd, 0x7fb0, 0x7fb0, 0x803a, 0x7fc0, 0x7fde, 0x7fa1, 0x7fee, 0x802b,
   0x801c, 0x7fde, 0x7fc0, 0x7fc0, 0x7fc0, 0x7fee, 0x7f82, 0x7f92, 0x7fcf,
   0x7fa1, 0x7ffd, 0x7fee, 0x800c, 0x7fc0, 0x7fcf, 0x7fde, 0x800c, 0x7fcf,
   0x7fcf, 0x7ffd, 0x7fc0, 0x7ffd, 0x7ffd, 0x800c, 0x801c, 0x7fcf, 0x7fb0,
   0x7fde, 0x7ffd, 0x800c, 0x7fb0, 0x7fa1, 0x7fee, 0x7fee, 0x7ffd, 0x7ffd,
   0x7ffd, 0x7fc0, 0x800c, 0x800c, 0x800c, 0x7fee, 0x7fee, 0x7fde, 0x7fde,
   0x7fa1, 0x7f82, 0x7fcf, 0x7f73, 0x7f82, 0x7fa1, 0x7fc0, 0x7fc0, 0x7fb0,
   0x7ffd, 0x802b, 0x800c, 0x800c, 0x7fcf, 0x7ffd, 0x7ffd, 0x7fee, 0x804a,
   0x800c, 0x7fee, 0x7ffd, 0x7fee, 0x800c, 0x801c, 0x7ffd, 0x801c, 0x803a,
   0x8059, 0x800c, 0x802b, 0x8087, 0x8087, 0x804a, 0x7fee, 0x7fcf, 0x7fde,
   0x7fee, 0x803a, 0x804a, 0x803a, 0x802b, 0x7fc0, 0x7fde, 0x800c, 0x801c,
   0x802b, 0x801c, 0x800c, 0x7fee, 0x804a, 0x803a, 0x8059, 0x8078, 0x7ffd,
   0x7ffd, 0x7ffd, 0x7fde, 0x8096, 0x8087, 0x8068, 0x803a, 0x803a, 0x801c,
   0x800c, 0x7fee, 0x804a, 0x801c, 0x7fcf, 0x7fde, 0x803a, 0x804a, 0x800c,
   0x802b, 0x800c, 0x801c, 0x800c, 0x801c, 0x802b, 0x7fde, 0x7fee, 0x7fee,
   0x800c, 0x801c, 0x801c, 0x801c, 0x8059, 0x801c, 0x7ffd, 0x7ffd, 0x8059,
   0x8078, 0x800c, 0x7fee, 0x7fee, 0x7fc0, 0x7fde, 0x7ffd, 0x800c, 0x800c,
   0x800c, 0x8078, 0x8068, 0x8078, 0x800c, 0x7fee, 0x802b, 0x803a, 0x800c,
   0x800c, 0x800c, 0x7fb0, 0x7fb0, 0x7fc0, 0x800c, 0x800c, 0x803a, 0x803a,
   0x800c, 0x800c, 0x7fee, 0x7f08, 0x7e03, 0x7bda, 0x7b12, 0x7c08, 0x7d2b,
   0x7f26, 0x8096, 0x816d, 0x8206, 0x8244, 0x8216, 0x81e8, 0x81ba, 0x818c,
   0x817c, 0x80f2, 0x813f, 0x8130, 0x80f2, 0x80f2, 0x80e3, 0x80b5, 0x803a,
   0x804a, 0x80a6, 0x8096, 0x80c4, 0x803a, 0x803a, 0x800c, 0x800c, 0x800c,
   0x804a, 0x7fde, 0x8068, 0x802b, 0x801c, 0x8059, 0x802b, 0x802b, 0x803a,
   0x800c, 0x804a, 0x801c, 0x803a, 0x801c, 0x8059, 0x7fee, 0x7ffd, 0x803a,
   0x802b, 0x8078, 0x803a, 0x8068, 0x8068, 0x803a, 0x803a, 0x7fde, 0x7fee,
   0x7ffd, 0x7fee, 0x7fcf, 0x7fde, 0x7f73, 0x7f92, 0x7ffd, 0x801c, 0x7fde,
   0x7fc0, 0x800c, 0x7ffd, 0x7fa1, 0x7ffd, 0x7f92, 0x7ffd, 0x7ffd, 0x7fb0,
   0x7fde, 0x7f82, 0x7fee, 0x7fcf, 0x7fcf, 0x7fb0, 0x7f92, 0x7fb0, 0x801c,
   0x7fee, 0x800c, 0x802b, 0x7fcf, 0x800c, 0x7fee, 0x800c, 0x800c, 0x7fde,
   0x7ffd, 0x7ffd, 0x7fee, 0x800c, 0x800c, 0x7fcf, 0x801c, 0x802b, 0x7fee,
   0x800c, 0x7fde, 0x7ffd, 0x7fcf, 0x7fde, 0x7ffd, 0x7fee, 0x7fc0, 0x7f92,
   0x7fde, 0x7fde, 0x7fde, 0x7fcf, 0x7fb0, 0x7f82, 0x7ffd, 0x800c, 0x7fb0,
   0x7fb0, 0x7ffd, 0x7fde, 0x800c, 0x7fcf, 0x7fb0, 0x7fde, 0x7f92, 0x7ffd,
   0x7fee, 0x800c, 0x800c, 0x803a, 0x800c, 0x7ffd, 0x7fc0, 0x7fc0, 0x7f82,
   0x7fcf, 0x7ffd, 0x7fcf, 0x7fee, 0x803a, 0x800c, 0x7fc0, 0x800c, 0x801c,
   0x800c, 0x800c, 0x7ffd, 0x800c, 0x800c, 0x804a, 0x800c, 0x800c, 0x800c,
   0x7ffd, 0x7fb0, 0x800c, 0x7fee, 0x7fcf, 0x800c, 0x7ffd, 0x7fde, 0x7ffd,
   0x7fde, 0x803a, 0x7ffd, 0x7fde, 0x7fee, 0x7fde, 0x7fa1, 0x7f82, 0x7f64,
   0x7fa1, 0x7fb0, 0x7fcf, 0x800c, 0x800c, 0x803a, 0x800c, 0x7fde, 0x7fee,
   0x7fee, 0x7ffd, 0x7fa1, 0x7fee, 0x7fee, 0x800c, 0x7ffd, 0x7fde, 0x7ffd,
   0x800c, 0x803a, 0x800c, 0x801c, 0x800c, 0x7fde, 0x7fcf, 0x7fb0, 0x7f82,
   0x7fde, 0x7fee, 0x7fee, 0x7ffd, 0x7fee, 0x803a, 0x804a, 0x800c, 0x7fee,
   0x7ffd, 0x7fee, 0x7ffd, 0x8078, 0x8059, 0x800c, 0x7ffd, 0x800c, 0x800c,
   0x7fee, 0x800c, 0x803a, 0x7fde, 0x803a, 0x7ffd, 0x7fee, 0x800c, 0x801c,
   0x803a, 0x7fde, 0x800c, 0x800c, 0x802b, 0x7ffd, 0x802b, 0x800c, 0x7fde,
   0x7fee, 0x7fc0, 0x7fee, 0x800c, 0x804a, 0x8068, 0x803a, 0x802b, 0x804a,
   0x7ffd, 0x800c, 0x802b, 0x800c, 0x800c, 0x801c, 0x7ffd, 0x804a, 0x800c,
   0x800c, 0x7fcf, 0x7fee, 0x800c, 0x7fcf, 0x7fcf, 0x801c, 0x804a, 0x802b,
   0x801c, 0x800c, 0x7fee, 0x804a, 0x804a, 0x800c, 0x804a, 0x8059, 0x802b,
   0x800c, 0x800c, 0x801c, 0x7ffd, 0x803a, 0x804a, 0x8068, 0x7fde, 0x800c,
   0x800c, 0x800c, 0x804a, 0x801c, 0x804a, 0x7ffd, 0x804a, 0x803a, 0x7ffd,
   0x8068, 0x800c, 0x800c, 0x802b, 0x7fcf, 0x803a, 0x801c, 0x800c, 0x800c,
   0x800c, 0x7fcf, 0x7fcf, 0x7ffd, 0x7f92, 0x7fee, 0x800c, 0x803a, 0x8078,
   0x803a, 0x800c, 0x801c, 0x80a6, 0x8059, 0x8059, 0x80b5, 0x8059, 0x8059,
   0x800c, 0x802b, 0x7f73, 0x7e22, 0x7c26, 0x7b12, 0x7be9, 0x7d3a, 0x7f26,
   0x802b, 0x813f, 0x8234, 0x8272, 0x8262, 0x8225, 0x8206, 0x8225, 0x817c,
   0x81ba, 0x817c, 0x814e, 0x814e, 0x80f2, 0x80e3, 0x8068, 0x8078, 0x80d4,
   0x804a, 0x80b5, 0x8068, 0x8068, 0x80c4, 0x8059, 0x8059, 0x801c, 0x804a,
   0x7fee, 0x8068, 0x8059, 0x800c, 0x8059, 0x800c, 0x800c, 0x803a, 0x802b,
   0x7fcf, 0x800c, 0x801c, 0x804a, 0x803a, 0x802b, 0x801c, 0x802b, 0x804a,
   0x7fde, 0x7ffd, 0x800c, 0x7ffd, 0x802b, 0x803a, 0x8059, 0x800c, 0x8059,
   0x803a, 0x7fde, 0x7fc0, 0x800c, 0x802b, 0x801c, 0x7ffd, 0x7fde, 0x7fc0,
   0x800c, 0x800c, 0x801c, 0x802b, 0x7fb0, 0x800c, 0x7fee, 0x802b, 0x7fde,
   0x7fde, 0x801c, 0x800c, 0x801c, 0x7fee, 0x7fee, 0x7ffd, 0x803a, 0x800c,
   0x7fcf, 0x7ffd, 0x800c, 0x801c, 0x7ffd, 0x804a, 0x800c, 0x7fc0, 0x803a,
   0x800c, 0x800c, 0x800c, 0x802b, 0x802b, 0x801c, 0x7ffd, 0x801c, 0x7fee,
   0x7fde, 0x800c, 0x7fde, 0x7ffd, 0x802b, 0x802b, 0x804a, 0x8096, 0x803a,
   0x800c, 0x7fee, 0x800c, 0x7fde, 0x7ffd, 0x800c, 0x800c, 0x8068, 0x8078,
   0x8059, 0x8087, 0x8078, 0x80b5, 0x8096, 0x8087, 0x8068, 0x804a, 0x804a,
   0x8078, 0x804a, 0x8059, 0x804a, 0x800c, 0x7fee, 0x7ffd, 0x800c, 0x801c,
   0x802b, 0x804a, 0x7ffd, 0x804a, 0x803a, 0x7fde, 0x801c, 0x803a, 0x8078,
   0x803a, 0x801c, 0x802b, 0x801c, 0x803a, 0x803a, 0x802b, 0x800c, 0x7fb0,
   0x7fcf, 0x7ffd, 0x7f92, 0x7fa1, 0x800c, 0x7ffd, 0x800c, 0x8068, 0x8059,
   0x7fce, 0x7fc0, 0x7ffd, 0x7ffd, 0x801c, 0x803a, 0x800c, 0x802b, 0x7fde,
   0x802b, 0x802b, 0x800c, 0x7fde, 0x800c, 0x7fc0, 0x801c, 0x801c, 0x7fc0,
   0x7fc0, 0x7fc0, 0x800c, 0x7fc0, 0x7fcf, 0x7fee, 0x7fee, 0x7fee, 0x7fcf,
   0x7f73, 0x7f73, 0x7fc0, 0x7fb0, 0x7fc0, 0x802b, 0x7fc0, 0x7fb0, 0x7fee,
   0x7fde, 0x7fc0, 0x7fde, 0x7fc0, 0x7fde, 0x7fde, 0x7fa1, 0x7fde, 0x7fee,
   0x7ffd, 0x7ffd, 0x802b, 0x7fc0, 0x7fee, 0x803a, 0x7fee, 0x7fde, 0x7fcf,
   0x7ffd, 0x7fa1, 0x7fc0, 0x7f92, 0x7fc0, 0x7fa1, 0x7fc0, 0x7fcf, 0x7f64,
   0x7f54, 0x7f92, 0x7fb0, 0x7f73, 0x7f45, 0x7f64, 0x7f64, 0x7fa1, 0x7f92,
   0x7fcf, 0x801c, 0x7fcf, 0x800c, 0x7fde, 0x7fc0, 0x7fc0, 0x7fcf, 0x7fc0,
   0x7f26, 0x7fb0, 0x7fc0, 0x7f92, 0x7fc0, 0x7fc0, 0x7fc0, 0x7fb0, 0x7fcf,
   0x7fee, 0x800c, 0x7fee, 0x7fa1, 0x7fcf, 0x7fc0, 0x7fc0, 0x7fc0, 0x7fee,
   0x7f92, 0x7f64, 0x7fb0, 0x7fcf, 0x7fa1, 0x7ffd, 0x7ffd, 0x7f82, 0x7fc0,
   0x7fcf, 0x7fc0, 0x801c, 0x8078, 0x800c, 0x7fee, 0x801c, 0x8068, 0x802b,
   0x800c, 0x800c, 0x7fee, 0x7fde, 0x7fcf, 0x7fde, 0x802b, 0x7fcf, 0x800c,
   0x801c, 0x803a, 0x802b, 0x800c, 0x7fde, 0x7fde, 0x7fcf, 0x800c, 0x7fde,
   0x7fc0, 0x800c, 0x801c, 0x800c, 0x7ffd, 0x800c, 0x7fde, 0x8068, 0x8078,
   0x8068, 0x8078, 0x801c, 0x7ffd, 0x7fee, 0x7ffd, 0x801c, 0x800c, 0x7fcf,
   0x7fde, 0x7fee, 0x802b, 0x8059, 0x800c, 0x7ffd, 0x7ffd, 0x7ffd, 0x801c,
   0x8087, 0x8059, 0x800c, 0x802b, 0x802b, 0x802b, 0x7fde, 0x800c, 0x800c,
   0x800c, 0x800c, 0x7fc0, 0x800c, 0x7fcf, 0x7ffd, 0x802b, 0x800c, 0x7fde,
   0x804a, 0x8059, 0x800c, 0x800c, 0x804a, 0x800c, 0x803a, 0x7fee, 0x801c,
   0x802b, 0x800c, 0x7fee, 0x803a, 0x803a, 0x800c, 0x7ffd, 0x801c, 0x7fde,
   0x801c, 0x7fb0, 0x801c, 0x800c, 0x800c, 0x7fcf, 0x800c, 0x801c, 0x7fee,
   0x800c, 0x7ffd, 0x7fee, 0x7fcf, 0x7fee, 0x7fee, 0x7fee, 0x7fee, 0x7fde,
   0x804a, 0x800c, 0x7fb0, 0x7fee, 0x7ffd, 0x7fde, 0x7fc0, 0x7fb0, 0x7fc0,
   0x7fde, 0x800c, 0x802b, 0x801c, 0x7fee, 0x801c, 0x803a, 0x7fde, 0x803a,
   0x7fc0, 0x7e40, 0x7cee, 0x7b22, 0x7aa6, 0x7c17, 0x7dc4, 0x7f54, 0x80a6,
   0x819b, 0x8225, 0x81f7, 0x81ba, 0x8234, 0x819b, 0x817c, 0x818c, 0x813f,
   0x813f, 0x80d4, 0x80b5, 0x8068, 0x801c, 0x800c, 0x7fee, 0x7fde, 0x7fee,
   0x800c, 0x801c, 0x7fde, 0x801c, 0x802b, 0x801c, 0x802b, 0x803a, 0x7fde,
   0x7fee, 0x7fee, 0x800c, 0x7fde, 0x7fee, 0x800c, 0x7fcf, 0x7fee, 0x800c,
   0x802b, 0x7ffd, 0x7fcf, 0x802b, 0x7fde, 0x7f45, 0x7f36, 0x7f54, 0x7fde,
   0x7fcf, 0x800c, 0x7ffd, 0x7fc0, 0x7fb0, 0x7fa1, 0x7fa1, 0x7ffd, 0x7fc0,
   0x7fc0, 0x7fb0, 0x7fa1, 0x7fb0, 0x7fde, 0x7fee, 0x7fde, 0x7fc0, 0x7fde,
   0x7fb0, 0x7fc0, 0x800c, 0x802b, 0x800c, 0x800c, 0x7f92, 0x7fc0, 0x7fc0,
   0x800c, 0x7fee, 0x7fee, 0x7fc0, 0x7f82, 0x7f64, 0x7f64, 0x7fee, 0x7fee,
   0x7fcf, 0x7fc0, 0x7fde, 0x7fde, 0x7fc0, 0x7fb0, 0x7fb0, 0x7f54, 0x7f82,
   0x7fee, 0x7fcf, 0x7ffd, 0x7fa1, 0x7fb0, 0x7fc0, 0x7fee, 0x7ffd, 0x800c,
   0x7ffd, 0x7fcf, 0x7fee, 0x800c, 0x7fcf, 0x7ffd, 0x7fde, 0x7ffd, 0x800c,
   0x801c, 0x7fcf, 0x7fcf, 0x7fcf, 0x802b, 0x800c, 0x7fee, 0x801c, 0x7fc0,
   0x7fc0, 0x800c, 0x804a, 0x7ffd, 0x7fde, 0x7f92, 0x7fee, 0x7fde, 0x801c,
   0x8059, 0x802b, 0x803a, 0x800c, 0x800c, 0x802b, 0x7fee, 0x8059, 0x803a,
   0x7fde, 0x800c, 0x802b, 0x8059, 0x801c, 0x803a, 0x802b, 0x801c, 0x801c,
   0x800c, 0x800c, 0x7ffd, 0x7fde, 0x7fde, 0x7ffd, 0x800c, 0x7fde, 0x7fcf,
   0x7fde, 0x7fc0, 0x800c, 0x800c, 0x800c, 0x7ffd, 0x800c, 0x800c, 0x7fb0,
   0x7fcf, 0x7fb0, 0x7fee, 0x7ffd, 0x802b, 0x7fcf, 0x7fa1, 0x7ffd, 0x800c,
   0x803a, 0x801c, 0x801c, 0x801c, 0x801c, 0x804a, 0x800c, 0x7fa1, 0x7fee,
   0x7fc0, 0x7fcf, 0x7fcf, 0x7fcf, 0x7ffd, 0x7fde, 0x7fb0, 0x7fb0, 0x7fb0,
   0x7fb0, 0x7fb0, 0x7fb0, 0x800c, 0x7fde, 0x7fb0, 0x800c, 0x800c, 0x800c,
   0x803a, 0x7ffd, 0x7ffd, 0x7fa1, 0x7fa1, 0x7fc0, 0x7fee, 0x7fc0, 0x802b,
   0x802b, 0x800c, 0x7fc0, 0x7fcf, 0x7fcf, 0x7f92, 0x7fc0, 0x7fb0, 0x7fa1,
   0x7fee, 0x800c, 0x7ffd, 0x7fee, 0x8059, 0x8078, 0x800c, 0x7ffd, 0x7fee,
   0x7fee, 0x7fcf, 0x7fcf, 0x7fee, 0x7f82, 0x7fde, 0x7fcf, 0x7fde, 0x801c,
   0x7fde, 0x800c, 0x7fde, 0x7fcf, 0x7fee, 0x801c, 0x7ffd, 0x7fb0, 0x7fee,
   0x7ffd, 0x7fc0, 0x7fee, 0x7fde, 0x7fb0, 0x7fc0, 0x7fc0, 0x7fb0, 0x7f92,
   0x800c, 0x803a, 0x801c, 0x800c, 0x803a, 0x800c, 0x7fcf, 0x800c, 0x8068,
   0x80c4, 0x8059, 0x802b, 0x801c, 0x8059, 0x800c, 0x802b, 0x800c, 0x7fde,
   0x800c, 0x7fde, 0x803a, 0x7fee, 0x7fee, 0x802b, 0x803a, 0x8087, 0x802b,
   0x7fde, 0x801c, 0x8059, 0x8078, 0x8078, 0x80a6, 0x802b, 0x802b, 0x800c,
   0x7fde, 0x8068, 0x8068, 0x802b, 0x7fde, 0x800c, 0x803a, 0x8059, 0x800c,
   0x803a, 0x800c, 0x800c, 0x7fee, 0x7fee, 0x800c, 0x800c, 0x804a, 0x804a,
   0x802b, 0x8087, 0x8059, 0x8078, 0x8068, 0x804a, 0x7ffd, 0x800c, 0x802b,
   0x8059, 0x8068, 0x80d4, 0x8068, 0x804a, 0x802b, 0x802b, 0x800c, 0x8068,
   0x8096, 0x801c, 0x800c, 0x800c, 0x804a, 0x7ffd, 0x801c, 0x80a6, 0x8068,
   0x8068, 0x800c, 0x7fde, 0x802b, 0x8059, 0x803a, 0x804a, 0x8068, 0x803a,
   0x8059, 0x802b, 0x804a, 0x8059, 0x802b, 0x801c, 0x7ffd, 0x800c, 0x800c,
   0x803a, 0x800c, 0x8059, 0x800c, 0x801c, 0x804a, 0x801c, 0x802b, 0x7fee,
   0x800c, 0x7ffd, 0x800c, 0x7fee, 0x7fb0, 0x7fc0, 0x7fcf, 0x7fcf, 0x802b,
   0x8078, 0x800c, 0x801c, 0x803a, 0x802b, 0x800c, 0x7fcf, 0x7ffd, 0x800c,
   0x8059, 0x803a, 0x8096, 0x8059, 0x804a, 0x802b, 0x803a, 0x802b, 0x7ffd,
   0x802b, 0x7fee, 0x7fde, 0x7fee, 0x802b, 0x802b, 0x8059, 0x801c, 0x7fc0,
   0x7fcf, 0x801c, 0x800c, 0x7ffd, 0x7fa1, 0x7fb0, 0x7f45, 0x7e6e, 0x7d2b,
   0x7b8d, 0x7b22, 0x7c73, 0x7e22, 0x7f82, 0x8096, 0x81aa, 0x81c9, 0x8216,
   0x81aa, 0x81ba, 0x81aa, 0x816d, 0x814e, 0x8111, 0x8087, 0x8087, 0x8087,
   0x804a, 0x803a, 0x800c, 0x804a, 0x804a, 0x7fde, 0x802b, 0x800c, 0x7fee,
   0x7fa1, 0x7fcf, 0x801c, 0x7fde, 0x7fcf, 0x7fee, 0x7fc0, 0x7fcf, 0x800c,
   0x800c, 0x7ffd, 0x7fa1, 0x7fee, 0x7fee, 0x7fee, 0x801c, 0x7fcf, 0x7fde,
   0x7f92, 0x7fde, 0x7fa1, 0x7f92, 0x7fcf, 0x7fee, 0x7f92, 0x7fc0, 0x7fb0,
   0x7f92, 0x7fcf, 0x7fde, 0x7ffd, 0x803a, 0x801c, 0x800c, 0x7ffd, 0x7f92,
   0x800c, 0x7fee, 0x800c, 0x800c, 0x7ffd, 0x801c, 0x7fde, 0x801c, 0x7fee,
   0x7fc0, 0x7fb0, 0x7fcf, 0x7ffd, 0x7ffd, 0x7fb0, 0x7fde, 0x7fcf, 0x7fb0,
   0x7fb0, 0x7fcf, 0x7fee, 0x7ffd, 0x7fde, 0x802b, 0x8059, 0x800c, 0x7ffd,
   0x803a, 0x801c, 0x800c, 0x804a, 0x803a, 0x804a, 0x8087, 0x803a, 0x804a,
   0x801c, 0x801c, 0x8059, 0x804a, 0x7ffd, 0x803a, 0x801c, 0x800c, 0x800c,
   0x801c, 0x801c, 0x8059, 0x801c, 0x800c, 0x800c, 0x801c, 0x7fee, 0x7fc0,
   0x7fde, 0x7fcf, 0x7fcf, 0x7fc0, 0x7fde, 0x800c, 0x7fb0, 0x802b, 0x801c,
   0x801c, 0x804a, 0x804a, 0x7fcf, 0x7fde, 0x800c, 0x7fc0, 0x7fc0, 0x7fa1,
   0x7fde, 0x7fee, 0x7fde, 0x7fcf, 0x7fc0, 0x7fc0, 0x7fee, 0x7ffd, 0x7ffd,
   0x7fde, 0x7fde, 0x800c, 0x800c, 0x801c, 0x801c, 0x7f82, 0x7fee, 0x800c,
   0x803a, 0x7ffd, 0x7fde, 0x7ffd, 0x7f64, 0x7ffd, 0x801c, 0x7fde, 0x7fcf,
   0x803a, 0x7fee, 0x7fde, 0x800c, 0x7fcf, 0x7fa1, 0x7fcf, 0x7f92, 0x7f54,
   0x7f64, 0x7fee, 0x7fde, 0x7ffd, 0x802b, 0x800c, 0x800c, 0x7fcf, 0x7fde,
   0x7fb0, 0x7ffd, 0x7fa1, 0x7fb0, 0x7fb0, 0x801c, 0x800c, 0x7fde, 0x7fde,
   0x7fc0, 0x800c, 0x7fc0, 0x7fee, 0x7f82, 0x7fde, 0x7fde, 0x802b, 0x7ffd,
   0x7f82, 0x7fee, 0x7fcf, 0x801c, 0x800c, 0x7fde, 0x7fee, 0x7fb0, 0x7fc0,
   0x7fa1, 0x7fb0, 0x7fc0, 0x7fcf, 0x7fa1, 0x7f54, 0x7f26, 0x7f64, 0x7f73,
   0x7f45, 0x7f08, 0x7f64, 0x7f73, 0x7f73, 0x7f82, 0x7fde, 0x7fde, 0x7fa1,
   0x7fc0, 0x7f82, 0x7fde, 0x7f64, 0x7f36, 0x7fc0, 0x7f82, 0x7f82, 0x7f73,
   0x7ffd, 0x7fde, 0x7fee, 0x7f36, 0x7fa1, 0x7fcf, 0x7fcf, 0x800c, 0x7fb0,
   0x7fc0, 0x7f54, 0x7f45, 0x7f73, 0x7fb0, 0x7f92, 0x7fa1, 0x7fc0, 0x7fc0,
   0x7fde, 0x7fa1, 0x7fc0, 0x7fb0, 0x7fb0, 0x7fb0, 0x7fa1, 0x7f73, 0x7f73,
   0x7fc0, 0x7fcf, 0x7fde, 0x7fb0, 0x7fcf, 0x7fc0, 0x7f73, 0x7fb0, 0x7f54,
   0x7fb0, 0x7fa1, 0x7f64, 0x7f73, 0x7f36, 0x7fc0, 0x7fa1, 0x7fde, 0x7fb0,
   0x7f54, 0x7f17, 0x7f08, 0x7fb0, 0x7f82, 0x7f82, 0x7f26, 0x7f73, 0x7f54,
   0x7f36, 0x7f82, 0x7fa1, 0x7f26, 0x7fc0, 0x7f92, 0x7ffd, 0x802b, 0x7fcf,
   0x7f73, 0x7f64, 0x7fa1, 0x7fb0, 0x7fb0, 0x7fa1, 0x7f73, 0x7fc0, 0x7f92,
   0x7fc0, 0x7fee, 0x7fb0, 0x7fee, 0x7fcf, 0x7fb0, 0x7fc0, 0x7f92, 0x7f64,
   0x7f64, 0x7fcf, 0x7fcf, 0x7fa1, 0x800c, 0x7f92, 0x7fde, 0x800c, 0x800c,
   0x803a, 0x7fb0, 0x7f82, 0x7fb0, 0x7f64, 0x7f64, 0x7fc0, 0x7fee, 0x802b,
   0x800c, 0x802b, 0x8078, 0x804a, 0x802b, 0x8068, 0x804a, 0x801c, 0x801c,
   0x7fee, 0x800c, 0x7fc0, 0x800c, 0x7fc0, 0x804a, 0x800c, 0x801c, 0x800c,
   0x801c, 0x800c, 0x803a, 0x8059, 0x8059, 0x80c4, 0x8068, 0x801c, 0x803a,
   0x804a, 0x8087, 0x8059, 0x8068, 0x8078, 0x8078, 0x804a, 0x8078, 0x804a,
   0x8087, 0x8096, 0x80d4, 0x802b, 0x7ffd, 0x7ffd, 0x802b, 0x804a, 0x803a,
   0x804a, 0x8068, 0x8096, 0x8096, 0x80b5, 0x80a6, 0x803a, 0x802b, 0x8068,
   0x8059, 0x8096, 0x80e3, 0x803a, 0x80c4, 0x8078, 0x802b, 0x804a, 0x8087,
   0x8068, 0x8059, 0x8078, 0x8087, 0x804a, 0x8059, 0x8059, 0x8096, 0x80a6,
   0x8078, 0x8059, 0x8096, 0x80d4, 0x80c4, 0x80b5, 0x803a, 0x803a, 0x801c,
   0x7ffd, 0x801c, 0x802b, 0x8068, 0x80a6, 0x8068, 0x8068, 0x8059, 0x804a,
   0x800c, 0x802b, 0x7ffd, 0x800c, 0x8078, 0x8068, 0x8059, 0x8068, 0x803a,
   0x803a, 0x804a, 0x804a, 0x8059, 0x801c, 0x803a, 0x800c, 0x800c, 0x7ffd,
   0x802b, 0x803a, 0x8059, 0x7ffd, 0x8068, 0x8078, 0x803a, 0x801c, 0x8087,
   0x8078, 0x804a, 0x800c, 0x803a, 0x801c, 0x801c, 0x7fee, 0x7fee, 0x802b,
   0x7fcf, 0x801c, 0x800c, 0x800c, 0x803a, 0x800c, 0x7fee, 0x803a, 0x803a,
   0x7fcf, 0x7fcf, 0x7fee, 0x7ffd, 0x7f92, 0x7ee9, 0x7d4a, 0x7b50, 0x7bca,
   0x7d78, 0x7eda, 0x8078, 0x81ba, 0x8234, 0x8290, 0x8216, 0x8262, 0x81d8,
   0x81ba, 0x81f7, 0x814e, 0x8111, 0x80d4, 0x8102, 0x80e3, 0x8087, 0x8096,
   0x8096, 0x804a, 0x8087, 0x802b, 0x7fde, 0x7fcf, 0x7fc0, 0x802b, 0x801c,
   0x7fde, 0x7fb0, 0x7fc0, 0x7fa1, 0x7ffd, 0x800c, 0x7ffd, 0x7fc0, 0x8087,
   0x800c, 0x7f92, 0x7fc0, 0x7fde, 0x800c, 0x7f82, 0x7fc0, 0x804a, 0x7fcf,
   0x7fb0, 0x7fa1, 0x7fde, 0x7fc0, 0x7fde, 0x7fee, 0x7ffd, 0x802b, 0x7fee,
   0x7f82, 0x7f73, 0x7fb0, 0x7f82, 0x7f45, 0x7f45, 0x7f82, 0x7f73, 0x7fa1,
   0x7fb0, 0x7fb0, 0x7fc0, 0x7f82, 0x7f73, 0x7f82, 0x7fc0, 0x7fc0, 0x7f73,
   0x7f36, 0x7f73, 0x7f73, 0x7f54, 0x7f73, 0x7fee, 0x7f92, 0x7fde, 0x7ffd,
   0x7f92, 0x7fc0, 0x7f92, 0x7fa1, 0x7f92, 0x7fcf, 0x7fc0, 0x7f92, 0x7f92,
   0x7f92, 0x7fde, 0x7fa1, 0x7f73, 0x7fa1, 0x7fc0, 0x7fa1, 0x7ffd, 0x7f82,
   0x7f82, 0x7fb0, 0x7fde, 0x7fcf, 0x7fde, 0x7f82, 0x7fa1, 0x7f92, 0x7f17,
   0x7f36, 0x7f82, 0x7fc0, 0x7fc0, 0x7f73, 0x7f64, 0x7f82, 0x7fb0, 0x7fcf,
   0x7f92, 0x7f82, 0x7fb0, 0x7f82, 0x7fc0, 0x7fc0, 0x7fcf, 0x7fc0, 0x7fde,
   0x7fc0, 0x7fc0, 0x7fc0, 0x7f92, 0x7f64, 0x7f36, 0x7fa1, 0x7fa1, 0x7fde,
   0x7fde, 0x7fde, 0x800c, 0x7f36, 0x7f45, 0x7f08, 0x7f26, 0x7f73, 0x7f64,
   0x7fa1, 0x7f82, 0x7f92, 0x7f82, 0x7f73, 0x7f54, 0x7fee, 0x800c, 0x7fb0,
   0x7f73, 0x7f92, 0x7fcf, 0x7fa1, 0x7fcf, 0x7fa1, 0x7fb0, 0x7fb0, 0x7fb0,
   0x7fcf, 0x7f92, 0x7f73, 0x7f92, 0x7fde, 0x7fa1, 0x7fcf, 0x7f73, 0x802b,
   0x8059, 0x804a, 0x7fc0, 0x7fc0, 0x7fb0, 0x7fc0, 0x7fa1, 0x7f82, 0x800c,
   0x7fa1, 0x7f54, 0x7f26, 0x7fc0, 0x800c, 0x800c, 0x800c, 0x800c, 0x7ffd,
   0x7fee, 0x7ffd, 0x802b, 0x7fde, 0x7fde, 0x7fde, 0x7ffd, 0x800c, 0x800c,
   0x7f92, 0x7fee, 0x7ffd, 0x804a, 0x800c, 0x800c, 0x800c, 0x801c, 0x800c,
   0x7fde, 0x800c, 0x800c, 0x802b, 0x800c, 0x7fb0, 0x7fcf, 0x7fde, 0x7fcf,
   0x7ffd, 0x803a, 0x803a, 0x800c, 0x7fde, 0x802b, 0x800c, 0x7fcf, 0x7fde,
   0x7fde, 0x7fde, 0x800c, 0x800c, 0x7fcf, 0x7fde, 0x7fc0, 0x7fc0, 0x7fb0,
   0x7fcf, 0x7fc0, 0x7fb0, 0x7ffd, 0x800c, 0x7fee, 0x7ffd, 0x7f82, 0x7eac,
   0x7d3a, 0x7b5f, 0x7ac6, 0x7b9c, 0x7d3a, 0x7eda, 0x8068, 0x815e, 0x8216,
   0x8244, 0x8216, 0x8234, 0x819b, 0x815e, 0x81aa, 0x817c, 0x816d, 0x80e3,
   0x8102, 0x8102, 0x80b5, 0x80f2, 0x80c4, 0x80b5, 0x8078, 0x804a, 0x803a,
   0x801c, 0x801c, 0x800c, 0x7fcf, 0x800c, 0x802b, 0x800c, 0x801c, 0x801c,
   0x802b, 0x7ffd, 0x800c, 0x7fee, 0x7fee, 0x7fee, 0x7fee, 0x800c, 0x802b,
   0x803a, 0x8068, 0x803a, 0x801c, 0x80b5, 0x803a, 0x800c, 0x800c, 0x800c,
   0x7fee, 0x8059, 0x8059, 0x804a, 0x7fee, 0x7fc0, 0x7ffd, 0x801c, 0x801c,
   0x8087, 0x8087, 0x8087, 0x8087, 0x8078, 0x804a, 0x8059, 0x804a, 0x8078,
   0x8087, 0x802b, 0x801c, 0x800c, 0x802b, 0x8059, 0x801c, 0x801c, 0x8059,
   0x802b, 0x7ffd, 0x801c, 0x803a, 0x801c, 0x802b, 0x803a, 0x803a, 0x803a,
   0x800c, 0x800c, 0x7fde, 0x7fde, 0x7fee, 0x800c, 0x7fde, 0x7fde, 0x7fb0,
   0x7fde, 0x801c, 0x8059, 0x804a, 0x804a, 0x8059, 0x804a, 0x804a, 0x804a,
   0x800c, 0x8059, 0x8087, 0x8059, 0x8068, 0x802b, 0x7fee, 0x7fee, 0x7fee,
   0x800c, 0x801c, 0x801c, 0x803a, 0x802b, 0x800c, 0x7fde, 0x802b, 0x803a,
   0x8059, 0x801c, 0x802b, 0x803a, 0x8078, 0x8096, 0x8059, 0x8059, 0x8096,
   0x802b, 0x800c, 0x800c, 0x7ffd, 0x7fde, 0x7fa1, 0x7fee, 0x7fcf, 0x7fa1,
   0x7fcf, 0x7fee, 0x7fa1, 0x7fb0, 0x7f26, 0x7f92, 0x800c, 0x801c, 0x8059,
   0x804a, 0x800c, 0x7ffd, 0x801c, 0x800c, 0x801c, 0x8068, 0x7ffd, 0x7ffd,
   0x7fde, 0x802b, 0x801c, 0x7ffd, 0x801c, 0x801c, 0x803a, 0x8087, 0x8068,
   0x8087, 0x8059, 0x803a, 0x802b, 0x803a, 0x800c, 0x800c, 0x7fee, 0x7fde,
   0x800c, 0x804a, 0x800c, 0x7fde, 0x802b, 0x804a, 0x8078, 0x8087, 0x8078,
   0x804a, 0x8059, 0x8087, 0x803a, 0x803a, 0x8059, 0x804a, 0x8096, 0x8078,
   0x801c, 0x800c, 0x7ffd, 0x804a, 0x8078, 0x8068, 0x8068, 0x8068, 0x800c,
   0x802b, 0x8059, 0x80a6, 0x8068, 0x804a, 0x800c, 0x7fee, 0x800c, 0x804a,
   0x801c, 0x800c, 0x7fde, 0x800c, 0x800c, 0x803a, 0x8059, 0x8059, 0x802b,
   0x800c, 0x8068, 0x8087, 0x7ffd, 0x7fcf, 0x801c, 0x7fb0, 0x800c, 0x802b,
   0x801c, 0x803a, 0x801c, 0x7fcf, 0x801c, 0x800c, 0x800c, 0x804a, 0x800c,
   0x800c, 0x804a, 0x800c, 0x7ffd, 0x7fee, 0x7fcf, 0x7fee, 0x800c, 0x804a,
   0x803a, 0x7ffd, 0x7fee, 0x7ffd, 0x7fcf, 0x7fa1, 0x7fb0, 0x7fb0, 0x7ffd,
   0x7fcf, 0x7ffd, 0x7fb0, 0x7fde, 0x7ffd, 0x801c, 0x802b, 0x7fcf, 0x7fee,
   0x7fde, 0x7fc0, 0x7fee, 0x7fb0, 0x7fc0, 0x7f92, 0x7fcf, 0x7fcf, 0x7f82,
   0x7f64, 0x7f17, 0x7f26, 0x7fa1, 0x7f82, 0x7fde, 0x7fee, 0x7fee, 0x7fee,
   0x7ffd, 0x7fde, 0x7ffd, 0x7fcf, 0x7f92, 0x7fcf, 0x7fee, 0x800c, 0x800c,
   0x800c, 0x7fc0, 0x7fee, 0x7ffd, 0x7fde, 0x7fcf, 0x7fb0, 0x7fb0, 0x7f82,
   0x7fa1, 0x7fb0, 0x7fc0, 0x7fc0, 0x7f92, 0x7fcf, 0x7fa1, 0x7fde, 0x7fc0,
   0x7fee, 0x7fcf, 0x800c, 0x7fc0, 0x7fa1, 0x7fde, 0x7fb0, 0x7fc0, 0x7fde,
   0x7fa1, 0x7fa1, 0x7fb0, 0x7f82, 0x7f92, 0x7f82, 0x7f92, 0x7fcf, 0x7fde,
   0x7f36, 0x7f64, 0x7fb0, 0x7fcf, 0x7fee, 0x7fc0, 0x7f73, 0x7f92, 0x7f92,
   0x7fb0, 0x7f54, 0x7f92, 0x7f82, 0x7f82, 0x7f92, 0x7f54, 0x7f45, 0x7f36,
   0x7f36, 0x7f73, 0x7fa1, 0x7fb0, 0x7f92, 0x7f92, 0x7fb0, 0x7f73, 0x7fde,
   0x7fde, 0x7f92, 0x7f92, 0x7fde, 0x7fb0, 0x7f92, 0x7f82, 0x7f73, 0x7f54,
   0x7f54, 0x7f73, 0x7fb0, 0x7fb0, 0x7fb0, 0x7f64, 0x7f54, 0x7fa1, 0x7fcf,
   0x7f92, 0x7fcf, 0x800c, 0x803a, 0x7fee, 0x7ffd, 0x7f92, 0x7f54, 0x7f92,
   0x7f73, 0x7f73, 0x7fb0, 0x7f92, 0x800c, 0x7fc0, 0x7fb0, 0x7fc0, 0x7fb0,
   0x7ffd, 0x7f73, 0x7f73, 0x7f82, 0x7fde, 0x7f92, 0x7fb0, 0x7f92, 0x7fa1,
   0x7fc0, 0x7f64, 0x7f82, 0x7f73, 0x7fc0, 0x7f54, 0x7f73, 0x7f64, 0x7fb0,
   0x7fb0, 0x7fcf, 0x7fc0, 0x7fb0, 0x7fcf, 0x7fb0, 0x7f54, 0x7f92, 0x7ffd,
   0x7fcf, 0x7fde, 0x7fee, 0x7fcf, 0x7fc0, 0x7fcf, 0x7f73, 0x7fc0, 0x7fde,
   0x7f92, 0x7fcf, 0x7fb0, 0x7fde, 0x7ffd, 0x7ffd, 0x800c, 0x7fcf, 0x7fde,
   0x802b, 0x7fde, 0x7fcf, 0x802b, 0x7ffd, 0x7fcf, 0x7ffd, 0x7fcf, 0x7f92,
   0x7fcf, 0x7ffd, 0x7ffd, 0x7fc0, 0x800c, 0x7fb0, 0x7fcf, 0x801c, 0x803a,
   0x8059, 0x802b, 0x804a, 0x800c, 0x7fee, 0x7fee, 0x801c, 0x800c, 0x801c,
   0x801c, 0x7ffd, 0x8078, 0x7fee, 0x801c, 0x7fee, 0x7fde, 0x801c, 0x803a,
   0x8068, 0x804a, 0x7fee, 0x800c, 0x801c, 0x800c, 0x800c, 0x7fc0, 0x800c,
   0x7fcf, 0x801c, 0x8078, 0x8059, 0x804a, 0x8096, 0x8078, 0x8059, 0x800c,
   0x800c, 0x803a, 0x802b, 0x800c, 0x803a, 0x801c, 0x801c, 0x802b, 0x8059,
   0x8059, 0x804a, 0x800c, 0x800c, 0x804a, 0x8078, 0x803a, 0x804a, 0x804a,
   0x802b, 0x7fcf, 0x7fb0, 0x7fde, 0x800c, 0x7ffd, 0x7fde, 0x803a, 0x804a,
   0x802b, 0x80a6, 0x801c, 0x800c, 0x8059, 0x804a, 0x80a6, 0x8078, 0x802b,
   0x8059, 0x8059, 0x8078, 0x8087, 0x8068, 0x8068, 0x8059, 0x8068, 0x8078,
   0x8068, 0x801c, 0x804a, 0x8068, 0x8078, 0x804a, 0x8096, 0x800c, 0x801c,
   0x800c, 0x802b, 0x800c, 0x7fee, 0x800c, 0x7ffd, 0x8059, 0x8078, 0x8068,
   0x8096, 0x8096, 0x80b5, 0x802b, 0x80c4, 0x8096, 0x8059, 0x803a, 0x7ffd,
   0x8087, 0x8078, 0x8068, 0x804a, 0x804a, 0x803a, 0x802b, 0x802b, 0x8059,
   0x800c, 0x801c, 0x800c, 0x800c, 0x801c, 0x803a, 0x803a, 0x800c, 0x800c,
   0x7ffd, 0x7fcf, 0x7fee, 0x7fde, 0x7fee, 0x803a, 0x800c, 0x7fcf, 0x7fee,
   0x800c, 0x801c, 0x804a, 0x801c, 0x7ffd, 0x7fb0, 0x7fcf, 0x802b, 0x802b,
   0x800c, 0x8059, 0x804a, 0x8059, 0x800c, 0x801c, 0x800c, 0x7fb0, 0x7fcf,
   0x7fb0, 0x7fc0, 0x7fde, 0x801c, 0x8059, 0x8068, 0x804a, 0x800c, 0x7fde,
   0x803a, 0x802b, 0x801c, 0x800c, 0x7fb0, 0x7ffd, 0x8078, 0x801c, 0x800c,
   0x803a, 0x800c, 0x7fee, 0x7fb0, 0x7fb0, 0x7fde, 0x7fb0, 0x7fde, 0x7fee,
   0x7fee, 0x7fc0, 0x7fa1, 0x7f64, 0x7fee, 0x7f92, 0x7fb0, 0x7fa1, 0x7fcf,
   0x7ffd, 0x803a, 0x7fde, 0x7fb0, 0x7f73, 0x7f82, 0x7fee, 0x7fa1, 0x7fb0,
   0x7fc0, 0x8078, 0x800c, 0x7fb0, 0x800c, 0x7fb0, 0x7f82, 0x7f92, 0x7f92,
   0x7f82, 0x7f82, 0x7fb0, 0x7fa1, 0x7f92, 0x7fb0, 0x7fcf, 0x7fc0, 0x7ffd,
   0x7fde, 0x7f82, 0x7fde, 0x7fc0, 0x7fde, 0x7fc0, 0x7fc0, 0x7f92, 0x7fa1,
   0x7fc0, 0x7f92, 0x7f45, 0x7fa1, 0x7fee, 0x7fde, 0x7fb0, 0x7fee, 0x7fcf,
   0x7fa1, 0x7fb0, 0x7f73, 0x7f92, 0x803a, 0x804a, 0x800c, 0x800c, 0x7fcf,
   0x7fa1, 0x7fc0, 0x7fc0, 0x7f82, 0x7fc0, 0x7fc0, 0x7fb0, 0x7fa1, 0x7fa1,
   0x7fa1, 0x7f82, 0x7f82, 0x7f92, 0x7fb0, 0x7f73, 0x7f54, 0x7f73, 0x7fb0,
   0x7f92, 0x7f73, 0x7f73, 0x7f92, 0x7fde, 0x7fc0, 0x7fee, 0x7fee, 0x7fa1,
   0x7f82, 0x800c, 0x7fee, 0x7fcf, 0x801c, 0x8078, 0x800c, 0x800c, 0x7ffd,
   0x7fde, 0x7fee, 0x7fee, 0x800c, 0x7fc0, 0x7fde, 0x804a, 0x802b, 0x800c,
   0x802b, 0x7fc0, 0x7fcf, 0x7f92, 0x7fb0, 0x7fc0, 0x7fcf, 0x7fb0, 0x7f82,
   0x7ffd, 0x800c, 0x802b, 0x802b, 0x800c, 0x7ffd, 0x7fde, 0x7fcf, 0x800c,
   0x801c, 0x7ffd, 0x7fde, 0x801c, 0x802b, 0x7fde, 0x800c, 0x803a, 0x801c,
   0x800c, 0x800c, 0x801c, 0x7fc0, 0x7fc0, 0x7fc0, 0x7ffd, 0x7fc0, 0x7fcf,
   0x7fc0, 0x7fde, 0x800c, 0x800c, 0x800c, 0x8059, 0x8068, 0x801c, 0x800c,
   0x800c, 0x7fcf, 0x7fcf, 0x804a, 0x801c, 0x7ffd, 0x7fde, 0x7ffd, 0x801c,
   0x7ffd, 0x800c, 0x7ffd, 0x802b, 0x7fcf, 0x801c, 0x803a, 0x803a, 0x802b,
   0x7fee, 0x7fde, 0x7fee, 0x7ffd, 0x7ffd, 0x7fc0, 0x800c, 0x800c, 0x7ffd,
   0x7fc0, 0x7fde, 0x7fcf, 0x802b, 0x802b, 0x800c, 0x801c, 0x7fcf, 0x802b,
   0x8087, 0x804a, 0x800c, 0x802b, 0x80a6, 0x8059, 0x804a, 0x803a, 0x801c,
   0x7fee, 0x801c, 0x8068, 0x802b, 0x8059, 0x8078, 0x8096, 0x8096, 0x8078,
   0x803a, 0x8087, 0x7ffd, 0x8096, 0x804a, 0x803a, 0x801c, 0x800c, 0x8059,
   0x800c, 0x7fee, 0x7fde, 0x7ffd, 0x7fcf, 0x801c, 0x800c, 0x7fb0, 0x800c,
   0x801c, 0x8087, 0x802b, 0x7fee, 0x7fee, 0x7ffd, 0x8059, 0x802b, 0x802b,
   0x803a, 0x8068, 0x8078, 0x804a, 0x804a, 0x803a, 0x800c, 0x800c, 0x800c,
   0x800c, 0x803a, 0x803a, 0x8068, 0x804a, 0x802b, 0x800c, 0x801c, 0x800c,
   0x7ffd, 0x7fc0, 0x800c, 0x800c, 0x800c, 0x7fcf, 0x7fb0, 0x7fcf, 0x7fee,
   0x800c, 0x7ffd, 0x804a, 0x803a, 0x7ffd, 0x7fcf, 0x7ffd, 0x7ffd, 0x7ffd,
   0x7fde, 0x802b, 0x7fb0, 0x7fc0, 0x7ffd, 0x7f73, 0x7fb0, 0x7fde, 0x7fde,
   0x7fa1, 0x7fb0, 0x7fb0, 0x7f92, 0x7fde, 0x7fde, 0x7fde, 0x7fb0, 0x7fa1,
   0x7fde, 0x800c, 0x7fc0, 0x7fee, 0x7fcf, 0x7fde, 0x7fde, 0x7fcf, 0x800c,
   0x800c, 0x7ffd, 0x7ffd, 0x7fb0, 0x7f92, 0x7fa1, 0x7fcf, 0x7fb0, 0x7f92,
   0x7ffd, 0x7fde, 0x7f82, 0x7fb0, 0x7fb0, 0x7fee, 0x7fde, 0x7f45, 0x7fc0,
   0x7fee, 0x7ffd, 0x7fde, 0x800c, 0x7fcf, 0x7ffd, 0x7fb0, 0x7fde, 0x7fee,
   0x7fcf, 0x7f92, 0x7fc0, 0x7ffd, 0x7fb0, 0x7fcf, 0x7fde, 0x7fde, 0x7fb0,
   0x7fb0, 0x7ffd, 0x7ffd, 0x7fde, 0x7fcf, 0x7fde, 0x7fcf, 0x800c, 0x7fc0,
   0x800c, 0x802b, 0x7fee, 0x7fde, 0x800c, 0x7ffd, 0x803a, 0x80a6, 0x801c,
   0x7fcf, 0x7fcf, 0x7fde, 0x801c, 0x800c, 0x7fcf, 0x7fee, 0x800c, 0x800c,
   0x804a, 0x803a, 0x804a, 0x80a6, 0x8096, 0x8087, 0x803a, 0x802b, 0x8068,
   0x800c, 0x7fee, 0x7ffd, 0x7fcf, 0x7ffd, 0x7fcf, 0x7f92, 0x7fa1, 0x7fee,
   0x7fa1, 0x7fb0, 0x7fa1, 0x7fc0, 0x7fcf, 0x7fcf, 0x7ffd, 0x800c, 0x7ffd,
   0x8059, 0x801c, 0x802b, 0x800c, 0x8068, 0x8068, 0x800c, 0x8059, 0x800c,
   0x7ffd, 0x7ffd, 0x7fcf, 0x7ffd, 0x7fde, 0x7fcf, 0x804a, 0x803a, 0x804a,
   0x803a, 0x800c, 0x800c, 0x802b, 0x8078, 0x803a, 0x8059, 0x8068, 0x801c,
   0x801c, 0x803a, 0x800c, 0x800c, 0x803a, 0x802b, 0x800c, 0x8059, 0x8068,
   0x803a, 0x800c, 0x7fee, 0x800c, 0x800c, 0x7ffd, 0x7ffd, 0x803a, 0x802b,
   0x803a, 0x8059, 0x8078, 0x804a, 0x801c, 0x7fee, 0x7fee, 0x8059, 0x80c4,
   0x8078, 0x800c, 0x804a, 0x801c, 0x8078, 0x8096, 0x801c, 0x803a, 0x802b,
   0x800c, 0x803a, 0x8078, 0x80a6, 0x804a, 0x803a, 0x801c, 0x8087, 0x8087,
   0x8087, 0x804a, 0x802b, 0x8078, 0x8096, 0x8068, 0x803a, 0x802b, 0x8059,
   0x80a6, 0x813f, 0x8120, 0x801c, 0x7ffd, 0x804a, 0x8078, 0x8059, 0x8059,
   0x8059, 0x8087, 0x801c, 0x802b, 0x800c, 0x8059, 0x80c4, 0x803a, 0x7ffd,
   0x800c, 0x8059, 0x8096, 0x8087, 0x8087, 0x8059, 0x80e3, 0x80e3, 0x80d4,
   0x8096, 0x800c, 0x8059, 0x804a, 0x800c, 0x804a, 0x802b, 0x801c, 0x8059,
   0x8059, 0x8068, 0x8078, 0x802b, 0x8096, 0x8068, 0x8096, 0x8068, 0x801c,
   0x802b, 0x7fee, 0x802b, 0x800c, 0x801c, 0x802b, 0x8059, 0x80a6, 0x8078,
   0x8078, 0x803a, 0x8078, 0x8068, 0x8059, 0x8096, 0x804a, 0x802b, 0x8059,
   0x80e3, 0x8096, 0x802b, 0x8096, 0x802b, 0x8068, 0x80c4, 0x8087, 0x803a,
   0x800c, 0x804a, 0x800c, 0x804a, 0x8059, 0x802b, 0x7fee, 0x803a, 0x800c,
   0x800c, 0x8078, 0x8078, 0x80b5, 0x8096, 0x8087, 0x8078, 0x8078, 0x804a,
   0x801c, 0x800c, 0x7fee, 0x800c, 0x800c, 0x804a, 0x8087, 0x7fcf, 0x800c,
   0x800c, 0x802b, 0x800c, 0x803a, 0x803a, 0x802b, 0x8059, 0x800c, 0x800c,
   0x8068, 0x80a6, 0x804a, 0x801c, 0x804a, 0x7fee, 0x7fde, 0x7fee, 0x7fee,
   0x7ffd, 0x7fee, 0x7ffd, 0x804a, 0x802b, 0x801c, 0x800c, 0x800c, 0x800c,
   0x803a, 0x802b, 0x7fcf, 0x7ffd, 0x7fb0, 0x7ffd, 0x800c, 0x800c, 0x802b,
   0x801c, 0x802b, 0x8059, 0x800c, 0x804a, 0x7fde, 0x7fde, 0x801c, 0x7ffd,
   0x7fcf, 0x7fc0, 0x7fee, 0x800c, 0x801c, 0x803a, 0x801c, 0x7ffd, 0x7fb0,
   0x7fb0, 0x802b, 0x801c, 0x800c, 0x801c, 0x801c, 0x804a, 0x803a, 0x800c,
   0x7fc0, 0x7fb0, 0x7ffd, 0x7fcf, 0x7fcf, 0x7fa1, 0x7fcf, 0x7ffd, 0x800c,
   0x800c, 0x7fde, 0x7fcf, 0x7ffd, 0x803a, 0x804a, 0x8068, 0x7ffd, 0x7fcf,
   0x7fc0, 0x7ffd, 0x800c, 0x800c, 0x800c, 0x800c, 0x802b, 0x803a, 0x7fde,
   0x7fb0, 0x800c, 0x7fcf, 0x7fc0, 0x800c, 0x7fcf, 0x800c, 0x800c, 0x800c,
   0x801c, 0x7fcf, 0x7fee, 0x7fcf, 0x800c, 0x800c, 0x7ffd, 0x7fde, 0x800c,
   0x800c, 0x7fde, 0x7fee, 0x800c, 0x800c, 0x7fee, 0x8059, 0x7fde, 0x800c,
   0x801c, 0x800c, 0x7ffd, 0x800c, 0x7fc0, 0x7fc0, 0x7fde, 0x7f92, 0x7fcf,
   0x7fee, 0x800c, 0x7fc0, 0x7fee, 0x800c, 0x800c, 0x7ffd, 0x7f92, 0x7fc0,
   0x7fa1, 0x7f73, 0x7fee, 0x7fee, 0x801c, 0x7fc0, 0x7fee, 0x7fb0, 0x7fde,
   0x7fc0, 0x7fcf, 0x7fee, 0x800c, 0x7fde, 0x7fb0, 0x7fa1, 0x7fde, 0x7fcf,
   0x7fa1, 0x7fde, 0x801c, 0x7ffd, 0x800c, 0x7fde, 0x7ffd, 0x801c, 0x7fa1,
   0x7fa1, 0x7fee, 0x7ffd, 0x7fcf, 0x800c, 0x7ffd, 0x800c, 0x801c, 0x800c,
   0x7fc0, 0x7ffd, 0x7fc0, 0x800c, 0x7ffd, 0x7fde, 0x7f82, 0x7f82, 0x7fde,
   0x7fa1, 0x7fde, 0x7f54, 0x7fa1, 0x7fb0, 0x7fc0, 0x7fb0, 0x7f92, 0x7fcf,
   0x7fee, 0x7ffd, 0x7fde, 0x7fb0, 0x7f64, 0x7f92, 0x7f64, 0x800c, 0x802b,
   0x800c, 0x7fde, 0x7fb0, 0x7fee, 0x7fcf, 0x7fcf, 0x7fde, 0x7fde, 0x800c,
   0x7fde, 0x802b, 0x7ffd, 0x7fde, 0x7fde, 0x7fa1, 0x7fcf, 0x7fde, 0x7fcf,
   0x7fc0, 0x7fa1, 0x7fee, 0x800c, 0x7fa1, 0x7f54, 0x7f82, 0x7fb0, 0x7f82,
   0x7f82, 0x7fc0, 0x7fc0, 0x7f64, 0x7f82, 0x7fee, 0x7f82, 0x7f64, 0x7fa1,
   0x7f64, 0x7fcf, 0x7fa1, 0x7f82, 0x7f82, 0x7f73, 0x7f54, 0x7f54, 0x7fb0,
   0x7ffd, 0x800c, 0x7fcf, 0x7fa1, 0x7f82, 0x7f54, 0x7f17, 0x7f92, 0x7fa1,
   0x7f64, 0x7fa1, 0x7fc0, 0x7f54, 0x7f92, 0x7fde, 0x7fc0, 0x7fc0, 0x7fc0,
   0x7fcf, 0x7f64, 0x7fc0, 0x800c, 0x7fb0, 0x7fee, 0x7fc0, 0x7fb0, 0x7fb0,
   0x7ffd, 0x7ffd, 0x7fee, 0x7fa1, 0x7f64, 0x7f73, 0x7f82, 0x7f73, 0x7f82,
   0x7fb0, 0x7fa1, 0x800c, 0x7fee, 0x7fee, 0x7fee, 0x7fb0, 0x7fa1, 0x800c,
   0x7fc0, 0x7f73, 0x7f64, 0x7fde, 0x801c, 0x801c, 0x802b, 0x7ffd, 0x7fee,
   0x7fa1, 0x800c, 0x7fcf, 0x7f92, 0x7fa1, 0x7fa1, 0x800c, 0x800c, 0x800c,
   0x801c, 0x8078, 0x8087, 0x802b, 0x804a, 0x803a, 0x800c, 0x804a, 0x8068,
   0x8096, 0x803a, 0x801c, 0x7ffd, 0x800c, 0x7ffd, 0x802b, 0x800c, 0x800c,
   0x801c, 0x803a, 0x804a, 0x803a, 0x7ffd, 0x7ffd, 0x801c, 0x801c, 0x7fb0,
   0x7fcf, 0x8096, 0x8078, 0x803a, 0x804a, 0x800c, 0x8059, 0x8059, 0x800c,
   0x800c, 0x800c, 0x7ffd, 0x802b, 0x8068, 0x8059, 0x8059, 0x800c, 0x801c,
   0x800c, 0x800c, 0x7ffd, 0x7fde, 0x7fee, 0x7fa1, 0x7fde, 0x800c, 0x803a,
   0x803a, 0x800c, 0x800c, 0x804a, 0x801c, 0x802b, 0x803a, 0x801c, 0x7fcf,
   0x8059, 0x800c, 0x803a, 0x800c, 0x801c, 0x801c, 0x801c, 0x800c, 0x802b,
   0x800c, 0x7fcf, 0x7fee, 0x8078, 0x804a, 0x804a, 0x800c, 0x7fc0, 0x800c,
   0x803a, 0x802b, 0x804a, 0x801c, 0x7ffd, 0x7ffd, 0x7ffd, 0x7f92, 0x800c,
   0x7ffd, 0x800c, 0x7ffd, 0x800c, 0x801c, 0x8068, 0x8087, 0x7fcf, 0x800c,
   0x7fee, 0x7fee, 0x7fde, 0x801c, 0x800c, 0x800c, 0x7fee, 0x802b, 0x8059,
   0x8087, 0x8068, 0x8078, 0x804a, 0x804a, 0x802b, 0x8068, 0x8059, 0x801c,
   0x804a, 0x8059, 0x801c, 0x802b, 0x801c, 0x8087, 0x801c, 0x801c, 0x7ffd,
   0x7ffd, 0x7fa1, 0x7f92, 0x7fc0, 0x7fee, 0x803a, 0x801c, 0x7ffd, 0x801c,
   0x800c, 0x801c, 0x800c, 0x800c, 0x803a, 0x7fde, 0x7fde, 0x7fa1, 0x800c,
   0x803a, 0x801c, 0x7ffd, 0x7ffd, 0x7fc0, 0x7fc0, 0x7ffd, 0x800c, 0x800c,
   0x7f92, 0x7f82, 0x7fee, 0x7ffd, 0x800c, 0x803a, 0x800c, 0x7fcf, 0x802b,
   0x802b, 0x803a, 0x7fee, 0x800c, 0x800c, 0x803a, 0x8068, 0x8068, 0x802b,
   0x801c, 0x800c, 0x7fee, 0x7fcf, 0x7fcf, 0x7fde, 0x7ffd, 0x801c, 0x8068,
   0x801c, 0x8068, 0x802b, 0x801c, 0x802b, 0x800c, 0x804a, 0x802b, 0x802b,
   0x8059, 0x8096, 0x8068, 0x800c, 0x7fc0, 0x802b, 0x801c, 0x803a, 0x801c,
   0x802b, 0x8087, 0x8068, 0x8068, 0x802b, 0x8059, 0x801c, 0x802b, 0x803a,
   0x8078, 0x8096, 0x8096, 0x8096, 0x8059, 0x8068, 0x8078, 0x8096, 0x80c4,
   0x8087, 0x80a6, 0x803a, 0x8068, 0x8059, 0x8087, 0x8087, 0x8059, 0x7fee,
   0x803a, 0x80a6, 0x8087, 0x8078, 0x80a6, 0x8087, 0x80b5, 0x8078, 0x80a6,
   0x8059, 0x801c, 0x800c, 0x804a, 0x802b, 0x803a, 0x8059, 0x80a6, 0x80d4,
   0x80f2, 0x80a6, 0x8068, 0x803a, 0x804a, 0x80a6, 0x8078, 0x80c4, 0x80d4,
   0x80f2, 0x801c, 0x80c4, 0x80a6, 0x80e3, 0x8096, 0x8087, 0x8078, 0x804a,
   0x800c, 0x8087, 0x8087, 0x8096, 0x804a, 0x80a6, 0x8078, 0x8059, 0x804a,
   0x8059, 0x803a, 0x800c, 0x800c, 0x8078, 0x80b5, 0x8068, 0x80a6, 0x80a6,
   0x8059, 0x803a, 0x80c4, 0x80a6, 0x8087, 0x8096, 0x80b5, 0x80c4, 0x8078,
   0x80c4, 0x80a6, 0x80a6, 0x8087, 0x8096, 0x80b5, 0x8096, 0x8059, 0x802b,
   0x7fee, 0x802b, 0x8078, 0x801c, 0x7f73, 0x7e6e, 0x7cfd, 0x7b5f, 0x7ac6,
   0x7bda, 0x7e12, 0x7f82, 0x8096, 0x81d8, 0x8262, 0x8290, 0x8262, 0x8253,
   0x81e8, 0x81f7, 0x819b, 0x818c, 0x816d, 0x816d, 0x815e, 0x8111, 0x80e3,
   0x8111, 0x8111, 0x80f2, 0x80c4, 0x80c4, 0x80c4, 0x8068, 0x802b, 0x803a,
   0x7fee, 0x7ffd, 0x7fee, 0x7fc0, 0x802b, 0x8078, 0x8068, 0x8078, 0x8059,
   0x803a, 0x80a6, 0x800c, 0x802b, 0x7ffd, 0x7fde, 0x7fee, 0x7fde, 0x800c,
   0x802b, 0x800c, 0x7f92, 0x7fb0, 0x7fc0, 0x7fee, 0x7fcf, 0x7fc0, 0x7fde,
   0x800c, 0x7ffd, 0x800c, 0x800c, 0x801c, 0x802b, 0x800c, 0x801c, 0x800c,
   0x801c, 0x7fee, 0x802b, 0x800c, 0x801c, 0x7f73, 0x7fee, 0x800c, 0x804a,
   0x8078, 0x804a, 0x7ffd, 0x800c, 0x7ffd, 0x803a, 0x7fb0, 0x7ffd, 0x7fde,
   0x800c, 0x7ffd, 0x7fee, 0x802b, 0x7fb0, 0x7ffd, 0x7fde, 0x7fde, 0x7fc0,
   0x7fee, 0x7fee, 0x7fb0, 0x800c, 0x7fee, 0x7fde, 0x7f82, 0x7fa1, 0x7fc0,
   0x7fde, 0x7fcf, 0x7ffd, 0x800c, 0x7fee, 0x7ffd, 0x7fde, 0x7fc0, 0x7fde,
   0x7f64, 0x7f54, 0x7f92, 0x7fc0, 0x7fc0, 0x7fde, 0x7f92, 0x7fcf, 0x7fee,
   0x7fee, 0x7fcf, 0x7fb0, 0x7fb0, 0x7fc0, 0x7ffd, 0x7fde, 0x7fcf, 0x7f82,
   0x7fcf, 0x7f73, 0x7fb0, 0x800c, 0x7fee, 0x7fde, 0x7fcf, 0x7fde, 0x7fb0,
   0x7fb0, 0x7f73, 0x7f64, 0x7fb0, 0x7fc0, 0x7fc0, 0x7f54, 0x7fa1, 0x7f92,
   0x7fc0, 0x7fde, 0x7f82, 0x7fde, 0x7fde, 0x7fee, 0x7fb0, 0x800c, 0x800c,
   0x7ffd, 0x802b, 0x801c, 0x7fee, 0x7fcf, 0x7fde, 0x7fb0, 0x7fcf, 0x7f73,
   0x7f26, 0x7f64, 0x7f73, 0x7fa1, 0x7fa1, 0x7f08, 0x7e12, 0x7c92, 0x7b12,
   0x7b40, 0x7c36, 0x7e03, 0x7fc0, 0x80e3, 0x818c, 0x819b, 0x818c, 0x817c,
   0x815e, 0x814e, 0x813f, 0x813f, 0x816d, 0x815e, 0x8102, 0x8068, 0x8087,
   0x803a, 0x800c, 0x8068, 0x801c, 0x800c, 0x801c, 0x800c, 0x7fee, 0x7ffd,
   0x7fee, 0x7fde, 0x7fa1, 0x7fb0, 0x7fa1, 0x7f92, 0x7fa1, 0x7fa1, 0x7f82,
   0x7fa1, 0x7fc0, 0x7fb0, 0x7ffd, 0x7fee, 0x7fde, 0x7fcf, 0x802b, 0x7fde,
   0x7fde, 0x7fee, 0x803a, 0x801c, 0x7fee, 0x7fb0, 0x7fc0, 0x7f92, 0x7fc0,
   0x7fb0, 0x7fb0, 0x7ffd, 0x7fa1, 0x7fcf, 0x800c, 0x7fde, 0x7fee, 0x7fee,
   0x7fcf, 0x7f92, 0x7f45, 0x7fde, 0x7fde, 0x800c, 0x7fcf, 0x7fa1, 0x7fa1,
   0x800c, 0x800c, 0x800c, 0x7fde, 0x801c, 0x800c, 0x800c, 0x7ffd, 0x800c,
   0x7fee, 0x800c, 0x7f82, 0x7f64, 0x7fb0, 0x7fcf, 0x7fee, 0x7ffd, 0x7fa1,
   0x7ffd, 0x7fb0, 0x7f92, 0x7fb0, 0x7fb0, 0x7fcf, 0x7ffd, 0x7ffd, 0x802b,
   0x801c, 0x7fee, 0x7f82, 0x7fde, 0x7fde, 0x7fcf, 0x7fde, 0x7f92, 0x7fcf,
   0x7fcf, 0x7fee, 0x800c, 0x7f82, 0x800c, 0x800c, 0x7ffd, 0x803a, 0x800c,
   0x7fde, 0x7fb0, 0x7f92, 0x7f54, 0x7fa1, 0x7f82, 0x7f92, 0x7fee, 0x7fa1,
   0x7fb0, 0x7fa1, 0x7fcf, 0x7f82, 0x7fa1, 0x7fcf, 0x7fa1, 0x7fc0, 0x7fc0,
   0x7fde, 0x7fb0, 0x7fb0, 0x7f82, 0x7f54, 0x7fde, 0x7fee, 0x7fee, 0x7fc0,
   0x7fc0, 0x7fb0, 0x7fcf, 0x7fee, 0x7fcf, 0x7fcf, 0x804a, 0x8068, 0x803a,
   0x804a, 0x7ffd, 0x802b, 0x7fee, 0x7fc0, 0x800c, 0x7fc0, 0x7fde, 0x803a,
   0x801c, 0x800c, 0x7fde, 0x7fcf, 0x7fde, 0x7fde, 0x7fb0, 0x802b, 0x7ffd,
   0x7ffd, 0x7fee, 0x7fb0, 0x800c, 0x7fc0, 0x7fa1, 0x7ffd, 0x7fa1, 0x7fb0,
   0x7fa1, 0x7ffd, 0x7fcf, 0x802b, 0x800c, 0x801c, 0x7fcf, 0x7f82, 0x800c,
   0x800c, 0x800c, 0x7fde, 0x800c, 0x7fee, 0x7f92, 0x7fcf, 0x7fcf, 0x7ffd,
   0x7fde, 0x7fc0, 0x7fcf, 0x801c, 0x8059, 0x7ffd, 0x7fcf, 0x7fc0, 0x7fb0,
   0x7fb0, 0x7fde, 0x7f73, 0x7fc0, 0x7fa1, 0x7fc0, 0x7fcf, 0x7fb0, 0x800c,
   0x7fee, 0x800c, 0x8068, 0x804a, 0x800c, 0x7fee, 0x7f73, 0x7ebb, 0x7d59,
   0x7b8d, 0x7ae4, 0x7bbb, 0x7d79, 0x7ee9, 0x80a6, 0x817c, 0x81e8, 0x8234,
   0x8244, 0x81d8, 0x81d8, 0x816d, 0x8102, 0x8130, 0x80b5, 0x80d4, 0x8087,
   0x802b, 0x8096, 0x802b, 0x804a, 0x8068, 0x802b, 0x7fde, 0x7ffd, 0x800c,
   0x800c, 0x803a, 0x803a, 0x803a, 0x804a, 0x801c, 0x800c, 0x804a, 0x7ffd,
   0x804a, 0x802b, 0x800c, 0x7fee, 0x802b, 0x802b, 0x803a, 0x800c, 0x804a,
   0x803a, 0x800c, 0x7fcf, 0x7fb0, 0x800c, 0x7ffd, 0x800c, 0x7ffd, 0x801c,
   0x7fde, 0x7fb0, 0x7ffd, 0x802b, 0x7ffd, 0x800c, 0x800c, 0x802b, 0x804a,
   0x801c, 0x802b, 0x804a, 0x8068, 0x80a6, 0x80a6, 0x8059, 0x803a, 0x8078,
   0x8059, 0x802b, 0x802b, 0x803a, 0x800c, 0x7fde, 0x800c, 0x804a, 0x8068,
   0x804a, 0x800c, 0x800c, 0x803a, 0x803a, 0x804a, 0x8068, 0x803a, 0x800c,
   0x7ffd, 0x7fde, 0x803a, 0x8059, 0x800c, 0x7fee, 0x7fcf, 0x802b, 0x802b,
   0x8068, 0x8068, 0x804a, 0x803a, 0x803a, 0x803a, 0x803a, 0x7fee, 0x7fde,
   0x7fee, 0x801c, 0x800c, 0x804a, 0x803a, 0x802b, 0x8078, 0x8068, 0x8087,
   0x8087, 0x80a6, 0x8059, 0x802b, 0x802b, 0x801c, 0x803a, 0x8087, 0x803a,
   0x7ffd, 0x801c, 0x804a, 0x8068, 0x8087, 0x8087, 0x803a, 0x801c, 0x7fee,
   0x7fcf, 0x7fee, 0x7fcf, 0x800c, 0x7ffd, 0x801c, 0x8096, 0x801c, 0x802b,
   0x803a, 0x802b, 0x7ffd, 0x7fde, 0x800c, 0x800c, 0x800c, 0x7ffd, 0x7ffd,
   0x7fee, 0x804a, 0x7ffd, 0x8068, 0x800c, 0x7fde, 0x7fee, 0x7ffd, 0x7fcf,
   0x7fa1, 0x7f26, 0x7fa1, 0x7ffd, 0x800c, 0x8059, 0x801c, 0x800c, 0x7ffd,
   0x803a, 0x800c, 0x800c, 0x7fb0, 0x7fa1, 0x800c, 0x7fc0, 0x7fcf, 0x7fde,
   0x7fc0, 0x7ffd, 0x7fb0, 0x7fee, 0x7fde, 0x800c, 0x804a, 0x80a6, 0x8059,
   0x804a, 0x804a, 0x804a, 0x800c, 0x800c, 0x803a, 0x801c, 0x7fde, 0x7fc0,
   0x7fde, 0x7fcf, 0x7fde, 0x801c, 0x801c, 0x7fde, 0x7fc0, 0x7fb0, 0x7fb0,
   0x7fa1, 0x7f73, 0x7f73, 0x7f26, 0x7f64, 0x7ffd, 0x801c, 0x7fde, 0x7f82,
   0x7f54, 0x7f64, 0x7f92, 0x7f92, 0x7fcf, 0x7fa1, 0x7fa1, 0x7fde, 0x7fc0,
   0x7f54, 0x7fa1, 0x7fcf, 0x7fcf, 0x7f92, 0x7fa1, 0x7f73, 0x7f92, 0x7fc0,
   0x7fcf, 0x7fcf, 0x7f54, 0x7fcf, 0x7fc0, 0x7fc0, 0x7ffd, 0x7f92, 0x7f92,
   0x7f82, 0x7f82, 0x7fcf, 0x800c, 0x7fee, 0x7fde, 0x7f82, 0x7f82, 0x7f92,
   0x7fa1, 0x7fde, 0x7fde, 0x7fa1, 0x7fcf, 0x7fb0, 0x7fb0, 0x7f54, 0x7fb0,
   0x7fde, 0x7fcf, 0x800c, 0x7fde, 0x7fcf, 0x802b, 0x7fcf, 0x7fc0, 0x7fde,
   0x800c, 0x800c, 0x7fee, 0x803a, 0x8068, 0x800c, 0x801c, 0x801c, 0x800c,
   0x7f92, 0x7fc0, 0x802b, 0x7ffd, 0x7fc0, 0x7fcf, 0x7fcf, 0x7fb0, 0x800c,
   0x7ffd, 0x7fa1, 0x7fb0, 0x7ffd, 0x800c, 0x7f73, 0x7fde, 0x7fb0, 0x7ee9,
   0x7da6, 0x7c36, 0x7aa6, 0x7b40, 0x7c08, 0x7df2, 0x7fa1, 0x80b5, 0x81e8,
   0x81e8, 0x81f7, 0x81e8, 0x81d8, 0x815e, 0x816d, 0x814e, 0x813f, 0x8102,
   0x80d4, 0x8087, 0x80a6, 0x804a, 0x7fee, 0x7ffd, 0x801c, 0x7fcf, 0x7fcf,
   0x7fcf, 0x7fcf, 0x7ffd, 0x7fde, 0x7f82, 0x7fa1, 0x7fc0, 0x7f82, 0x7fde,
   0x7ffd, 0x7f73, 0x7f54, 0x7fa1, 0x7fb0, 0x7f54, 0x7f82, 0x7fee, 0x7fa1,
   0x7fa1, 0x7f82, 0x7f73, 0x7f92, 0x7f92, 0x7f92, 0x7fc0, 0x7fcf, 0x7f73,
   0x7fcf, 0x7fde, 0x7fb0, 0x7fb0, 0x7fde, 0x7fb0, 0x7fcf, 0x800c, 0x7fee,
   0x7fde, 0x7fc0, 0x7ffd, 0x800c, 0x7ffd, 0x7fee, 0x7fcf, 0x7f54, 0x7f92,
   0x7fb0, 0x7fb0, 0x7fcf, 0x7fee, 0x801c, 0x800c, 0x8059, 0x802b, 0x7ffd,
   0x804a, 0x803a, 0x8087, 0x8096, 0x8068, 0x804a, 0x801c, 0x8068, 0x8068,
   0x7fde, 0x7ffd, 0x7fee, 0x801c, 0x7fee, 0x7fee, 0x7fb0, 0x800c, 0x802b,
   0x7fde, 0x7f92, 0x7f92, 0x800c, 0x7fee, 0x7fcf, 0x7fcf, 0x7fde, 0x800c,
   0x7ffd, 0x803a, 0x803a, 0x800c, 0x800c, 0x801c, 0x800c, 0x801c, 0x802b,
   0x803a, 0x7ffd, 0x804a, 0x8059, 0x803a, 0x804a, 0x8059, 0x800c, 0x804a,
   0x7fcf, 0x800c, 0x802b, 0x80e3, 0x8096, 0x803a, 0x802b, 0x803a, 0x8059,
   0x8078, 0x802b, 0x804a, 0x804a, 0x8087, 0x7fee, 0x802b, 0x7fee, 0x7fee,
   0x7ffd, 0x801c, 0x803a, 0x800c, 0x8096, 0x801c, 0x801c, 0x8059, 0x801c,
   0x8059, 0x803a, 0x802b, 0x802b, 0x801c, 0x80a6, 0x80b5, 0x8059, 0x802b,
   0x804a, 0x803a, 0x801c, 0x803a, 0x8078, 0x804a, 0x801c, 0x800c, 0x8068,
   0x803a, 0x800c, 0x7fc0, 0x7fcf, 0x7fc0, 0x7fcf, 0x800c, 0x7fde, 0x7fcf,
   0x803a, 0x7fc0, 0x7ffd, 0x7fc0, 0x800c, 0x802b, 0x7fee, 0x802b, 0x8059,
   0x7fee, 0x7fcf, 0x7ffd, 0x7fcf, 0x7fde, 0x802b, 0x8068, 0x801c, 0x801c,
   0x801c, 0x802b, 0x800c, 0x7fcf, 0x7fa1, 0x800c, 0x7fa1, 0x7fcf, 0x7fee,
   0x7fee, 0x7ffd, 0x801c, 0x8078, 0x7ffd, 0x804a, 0x803a, 0x803a, 0x800c,
   0x801c, 0x800c, 0x802b, 0x801c, 0x7ffd, 0x802b, 0x8059, 0x804a, 0x803a,
   0x7fee, 0x7ffd, 0x7ffd, 0x802b, 0x802b, 0x7ffd, 0x7fee, 0x7ffd, 0x800c,
   0x803a, 0x8068, 0x801c, 0x802b, 0x8068, 0x802b, 0x800c, 0x801c, 0x8059,
   0x802b, 0x804a, 0x8096, 0x8078, 0x804a, 0x8087, 0x8059, 0x804a, 0x8078,
   0x804a, 0x803a, 0x80d4, 0x8078, 0x8087, 0x80c4, 0x80b5, 0x80a6, 0x8111,
   0x80e3, 0x80b5, 0x802b, 0x7fde, 0x804a, 0x8068, 0x800c, 0x800c, 0x802b,
   0x800c, 0x802b, 0x801c, 0x8059, 0x803a, 0x803a, 0x8096, 0x802b, 0x8078,
   0x8087, 0x8087, 0x8059, 0x80a6, 0x80b5, 0x8096, 0x802b, 0x80b5, 0x801c,
   0x804a, 0x803a, 0x8059, 0x8087, 0x8087, 0x8059, 0x8078, 0x8068, 0x8087,
   0x802b, 0x803a, 0x8059, 0x804a, 0x800c, 0x803a, 0x7ffd, 0x8059, 0x8087,
   0x803a, 0x8087, 0x804a, 0x8068, 0x803a, 0x8059, 0x803a, 0x804a, 0x804a,
   0x8059, 0x802b, 0x804a, 0x800c, 0x7ffd, 0x7ffd, 0x7ffd, 0x7f73, 0x7fcf,
   0x803a, 0x8059, 0x8087, 0x8068, 0x800c, 0x802b, 0x800c, 0x803a, 0x804a,
   0x800c, 0x7fcf, 0x7ffd, 0x7fee, 0x7fa1, 0x7f64, 0x7fc0, 0x7fc0, 0x7fc0,
   0x7ffd, 0x801c, 0x7ffd, 0x802b, 0x804a, 0x800c, 0x7ffd, 0x804a, 0x800c,
   0x7fcf, 0x800c, 0x7ffd, 0x804a, 0x802b, 0x7fc0, 0x7fcf, 0x7ffd, 0x7ffd,
   0x7fde, 0x7fde, 0x7fde, 0x7fcf, 0x7fee, 0x801c, 0x7ffd, 0x7fee, 0x7ffd,
   0x7f92, 0x7fcf, 0x800c, 0x7fcf, 0x7fa1, 0x800c, 0x800c, 0x804a, 0x7fee,
   0x7ffd, 0x803a, 0x800c, 0x7ffd, 0x801c, 0x800c, 0x803a, 0x800c, 0x801c,
   0x7fee, 0x7ffd, 0x802b, 0x7ffd, 0x7fc0, 0x7fc0, 0x7f45, 0x7f73, 0x7f73,
   0x7fcf, 0x7fee, 0x7f92, 0x7fa1, 0x7fa1, 0x800c, 0x803a, 0x802b, 0x7fc0,
   0x7ffd, 0x800c, 0x7fa1, 0x7f64, 0x7f64, 0x7fcf, 0x7fb0, 0x7fa1, 0x7fb0,
   0x7f73, 0x800c, 0x7fde, 0x800c, 0x800c, 0x800c, 0x7ffd, 0x7fcf, 0x7fee,
   0x7fde, 0x7fc0, 0x7fcf, 0x7fcf, 0x7fb0, 0x7fcf, 0x7fcf, 0x800c, 0x7fc0,
   0x7fb0, 0x7fc0, 0x7ffd, 0x7fee, 0x7fee, 0x7ffd, 0x7fcf, 0x7fde, 0x7fc0,
   0x7fee, 0x7fee, 0x7fcf, 0x7ffd, 0x7ffd, 0x7fee, 0x7fb0, 0x7fa1, 0x7ffd,
   0x800c, 0x7fee, 0x7fde, 0x7f92, 0x800c, 0x800c, 0x7fee, 0x801c, 0x803a,
   0x8068, 0x801c, 0x801c, 0x7ffd, 0x7fa1, 0x7fc0, 0x7ffd, 0x7fde, 0x7fb0,
   0x7fb0, 0x7fee, 0x800c, 0x801c, 0x7ffd, 0x7fa1, 0x802b, 0x7fcf, 0x800c,
   0x801c, 0x803a, 0x803a, 0x7ffd, 0x800c, 0x7fde, 0x7fc0, 0x7fde, 0x7ffd,
   0x7fcf, 0x7fc0, 0x7fee, 0x801c, 0x802b, 0x7fee, 0x803a, 0x7ffd, 0x800c,
   0x802b, 0x801c, 0x7ffd, 0x800c, 0x7fde, 0x7fa1, 0x7fc0, 0x7fcf, 0x7fb0,
   0x7fcf, 0x7ffd, 0x804a, 0x804a, 0x801c, 0x7fde, 0x7fde, 0x7fcf, 0x7fb0,
   0x801c, 0x802b, 0x7fee, 0x804a, 0x800c, 0x803a, 0x800c, 0x804a, 0x803a,
   0x7ffd, 0x8068, 0x800c, 0x7fee, 0x801c, 0x800c, 0x7fcf, 0x7fde, 0x7fde,
   0x7ffd, 0x7f73, 0x7fee, 0x7fcf, 0x7fcf, 0x7fa1, 0x800c, 0x7fb0, 0x7fb0,
   0x800c, 0x800c, 0x801c, 0x801c, 0x7ffd, 0x7fde, 0x8078, 0x8059, 0x803a,
   0x804a, 0x8087, 0x802b, 0x803a, 0x804a, 0x8096, 0x804a, 0x804a, 0x800c,
   0x800c, 0x801c, 0x8068, 0x7fee, 0x803a, 0x80a6, 0x8087, 0x8078, 0x8078,
   0x803a, 0x801c, 0x8059, 0x8087, 0x803a, 0x8059, 0x802b, 0x7fee, 0x804a,
   0x804a, 0x801c, 0x8059, 0x804a, 0x801c, 0x8059, 0x802b, 0x801c, 0x7ffd,
   0x7fde, 0x7fcf, 0x7fde, 0x7ffd, 0x7fc0, 0x7fc0, 0x7fde, 0x801c, 0x8059,
   0x803a, 0x802b, 0x8068, 0x8059, 0x7ffd, 0x802b, 0x801c, 0x802b, 0x803a,
   0x802b, 0x8059, 0x801c, 0x800c, 0x802b, 0x7fcf, 0x7fde, 0x800c, 0x802b,
   0x800c, 0x800c, 0x803a, 0x804a, 0x7ffd, 0x7fc0, 0x7ffd, 0x7ffd, 0x7fc0,
   0x7fde, 0x7fc0, 0x7f82, 0x7fb0, 0x7fee, 0x802b, 0x7fcf, 0x7fee, 0x803a,
   0x801c, 0x803a, 0x801c, 0x802b, 0x801c, 0x800c, 0x803a, 0x802b, 0x803a,
   0x800c, 0x804a, 0x801c, 0x7ffd, 0x803a, 0x800c, 0x7fcf, 0x800c, 0x7fee,
   0x800c, 0x802b, 0x802b, 0x7fa1, 0x7fa1, 0x7fee, 0x7fcf, 0x7fc0, 0x7fee,
   0x7ffd, 0x7f92, 0x7fde, 0x7ffd, 0x7fa1, 0x800c, 0x800c, 0x801c, 0x804a,
   0x800c, 0x7fee, 0x7fde, 0x7fde, 0x7fcf, 0x7f82, 0x7fb0, 0x7fee, 0x7fde,
   0x8059, 0x7fde, 0x801c, 0x804a, 0x800c, 0x7fc0, 0x800c, 0x800c, 0x804a,
   0x800c, 0x800c, 0x800c, 0x800c, 0x7f81, 0x7fde, 0x803a, 0x8068, 0x801c,
   0x7fee, 0x7fcf, 0x7f92, 0x7fcf, 0x7f82, 0x7fde, 0x7fc0, 0x7fde, 0x7ffd,
   0x800c, 0x7fde, 0x7fc0, 0x7fc0, 0x7fcf, 0x7fb0, 0x7f82, 0x7f82, 0x7f92,
   0x7f73, 0x7f64, 0x7f82, 0x7f92, 0x800c, 0x800c, 0x7fb0, 0x7ffd, 0x7fb0,
   0x7fcf, 0x7f92, 0x7fb0, 0x7f92, 0x7ffd, 0x801c, 0x7fee, 0x7fb0, 0x7fb0,
   0x7fc0, 0x7fee, 0x7fde, 0x7f64, 0x7f54, 0x7f73, 0x7f82, 0x7fa1, 0x7f82,
   0x7f82, 0x7fa1, 0x7fc0, 0x7fde, 0x7fde, 0x7fc0, 0x7fa1, 0x7fde, 0x7ffd,
   0x7fc0, 0x7ffd, 0x7fde, 0x7fde, 0x7ffd, 0x800c, 0x800c, 0x801c, 0x800c,
   0x7fde, 0x7fde, 0x7f92, 0x7f92, 0x800c, 0x7fde, 0x800c, 0x800c, 0x7fee,
   0x7f64, 0x7fa1, 0x7fee, 0x800c, 0x800c, 0x800c, 0x7fde, 0x7eac, 0x7d59,
   0x7b40, 0x7b6e, 0x7cc0, 0x7de4, 0x7fb0, 0x814e, 0x81f7, 0x81e8, 0x81ba,
   0x818c, 0x818c, 0x81c9, 0x8111, 0x8111, 0x8120, 0x8111, 0x803a, 0x804a,
   0x803a, 0x8068, 0x8059, 0x800c, 0x803a, 0x8078, 0x80d4, 0x8059, 0x802b,
   0x801c, 0x7ffd, 0x7fee, 0x7fee, 0x800c, 0x7fc0, 0x7fcf, 0x800c, 0x7fcf,
   0x7fcf, 0x7fde, 0x7fcf, 0x7fde, 0x802b, 0x7fee, 0x800c, 0x7fb0, 0x7fb0,
   0x7fa1, 0x7fb0, 0x7fc0, 0x7fc0, 0x7ffd, 0x7fc0, 0x7f92, 0x7f92, 0x7f82,
   0x7fc0, 0x7fcf, 0x7fee, 0x800c, 0x7fde, 0x7ffd, 0x7fa1, 0x7fc0, 0x801c,
   0x801c, 0x804a, 0x800c, 0x7fc0, 0x800c, 0x803a, 0x804a, 0x802b, 0x7fde,
   0x7fee, 0x7ffd, 0x7ffd, 0x801c, 0x7fcf, 0x801c, 0x800c, 0x802b, 0x801c,
   0x7ffd, 0x7fde, 0x802b, 0x804a, 0x7ffd, 0x7fee, 0x7fde, 0x7fa1, 0x7fb0,
   0x7fa1, 0x7fa1, 0x7fde, 0x7fde, 0x7fc0, 0x802b, 0x801c, 0x800c, 0x804a,
   0x801c, 0x7ffd, 0x800c, 0x7fde, 0x7fcf, 0x7fcf, 0x8078, 0x8078, 0x800c,
   0x8096, 0x803a, 0x804a, 0x801c, 0x803a, 0x8059, 0x8078, 0x7fcf, 0x802b,
   0x800c, 0x800c, 0x8068, 0x800c, 0x800c, 0x8078, 0x8087, 0x8078, 0x7ffd,
   0x801c, 0x801c, 0x800c, 0x804a, 0x8059, 0x8059, 0x8078, 0x8096, 0x80b5,
   0x8078, 0x8059, 0x8078, 0x8068, 0x80a6, 0x8068, 0x8059, 0x7fde, 0x7ffd,
   0x803a, 0x801c, 0x8059, 0x800c, 0x800c, 0x803a, 0x800c, 0x8078, 0x8087,
   0x801c, 0x8059, 0x803a, 0x7ffd, 0x803a, 0x8087, 0x8059, 0x801c, 0x8087,
   0x8059, 0x8059, 0x802b, 0x804a, 0x801c, 0x8087, 0x803a, 0x803a, 0x804a,
   0x8078, 0x80d4, 0x80b5, 0x8068, 0x80b5, 0x8087, 0x8087, 0x8068, 0x8087,
   0x804a, 0x8087, 0x803a, 0x801c, 0x803a, 0x803a, 0x8068, 0x8078, 0x8059,
   0x804a, 0x803a, 0x8059, 0x8078, 0x80a6, 0x80a6, 0x80a6, 0x8096, 0x804a,
   0x80c4, 0x8078, 0x8096, 0x8059, 0x802b, 0x802b, 0x8059, 0x804a, 0x803a,
   0x801c, 0x801c, 0x800c, 0x802b, 0x802b, 0x7ffd, 0x8059, 0x7fde, 0x7fde,
   0x7ffd, 0x802b, 0x7fee, 0x7fcf, 0x801c, 0x800c, 0x8068, 0x802b, 0x800c,
   0x7ffd, 0x7ffd, 0x803a, 0x7fa1, 0x7ffd, 0x802b, 0x802b, 0x7ffd, 0x7ffd,
   0x802b, 0x800c, 0x803a, 0x800c, 0x7fee, 0x801c, 0x7fde, 0x7fde, 0x7fde,
   0x7fb0, 0x7fcf, 0x7fb0, 0x7fa1, 0x7f64, 0x7f92, 0x7f92, 0x7f45, 0x7fb0,
   0x7f82, 0x7f82, 0x7f92, 0x800c, 0x802b, 0x800c, 0x803a, 0x803a, 0x802b,
   0x803a, 0x800c, 0x802b, 0x801c, 0x800c, 0x7fcf, 0x7fb0, 0x7fb0, 0x7fde,
   0x7fde, 0x7fcf, 0x7f92, 0x7fcf, 0x7fee, 0x7fa1, 0x7fc0, 0x7fde, 0x801c,
   0x7fde, 0x7fb0, 0x7fc0, 0x7fc0, 0x7fde, 0x7fc0, 0x7f92, 0x7f64, 0x7f26,
   0x7f92, 0x7f82, 0x7fc0, 0x7f26, 0x7f45, 0x7f92, 0x7f54, 0x7eac, 0x7d1c,
   0x7bbb, 0x7a59, 0x7ad5, 0x7c64, 0x7e6e, 0x7fee, 0x8130, 0x81aa, 0x81ba,
   0x81ba, 0x818c, 0x8120, 0x80d4, 0x8059, 0x8078, 0x8068, 0x8078, 0x8087,
   0x804a, 0x7ffd, 0x801c, 0x7fde, 0x7f92, 0x7fc0, 0x7f82, 0x7fde, 0x7ffd,
   0x800c, 0x800c, 0x7fa1, 0x7fa1, 0x7fb0, 0x7f92, 0x7fb0, 0x7f73, 0x7fb0,
   0x7f82, 0x7fa1, 0x7fc0, 0x7f73, 0x7f92, 0x7f26, 0x7f64, 0x7f82, 0x7fcf,
   0x7fde, 0x7f73, 0x7f82, 0x7f73, 0x7f45, 0x7f64, 0x7f73, 0x7f82, 0x7fcf,
   0x7fcf, 0x7f64, 0x7eda, 0x7eca, 0x7f08, 0x7f64, 0x7fcf, 0x7f82, 0x7f73,
   0x7f92, 0x7f73, 0x7fb0, 0x7fa1, 0x7fb0, 0x7fcf, 0x7fc0, 0x7f08, 0x7f54,
   0x7fa1, 0x7f64, 0x7f45, 0x7f64, 0x7f64, 0x7f26, 0x7f36, 0x7f54, 0x7fa1,
   0x7f64, 0x7f45, 0x7ffd, 0x7f73, 0x7fc0, 0x802b, 0x800c, 0x7fc0, 0x7fc0,
   0x7fa1, 0x7fa1, 0x7fa1, 0x800c, 0x7fcf, 0x7fa1, 0x7fde, 0x7fee, 0x7fc0,
   0x7f92, 0x7fc0, 0x7f82, 0x7fa1, 0x7fcf, 0x7f64, 0x7f17, 0x7f64, 0x7f73,
   0x7fb0, 0x7ffd, 0x800c, 0x7fee, 0x7fde, 0x7ffd, 0x800c, 0x7fde, 0x7fde,
   0x7fde, 0x7f92, 0x7fa1, 0x7f92, 0x7f92, 0x7fa1, 0x7fa1, 0x7f82, 0x7fde,
   0x7fb0, 0x7fb0, 0x7f92, 0x7fb0, 0x7fb0, 0x7fa1, 0x7fde, 0x7fcf, 0x7fde,
   0x7fb0, 0x7fee, 0x7fde, 0x7fcf, 0x7fee, 0x7ffd, 0x7fde, 0x800c, 0x803a,
   0x803a, 0x801c, 0x802b, 0x8059, 0x800c, 0x803a, 0x8059, 0x800c, 0x7ffd,
   0x802b, 0x800c, 0x7fee, 0x804a, 0x803a, 0x800c, 0x7fa1, 0x7fde, 0x7ffd,
   0x800c, 0x803a, 0x7ffd, 0x7fde, 0x800c, 0x7ffd, 0x804a, 0x803a, 0x800c,
   0x800c, 0x800c, 0x804a, 0x800c, 0x7fde, 0x7ffd, 0x800c, 0x802b, 0x8059,
   0x80a6, 0x8102, 0x80d4, 0x803a, 0x8059, 0x802b, 0x7ffd, 0x8068, 0x8078,
   0x801c, 0x8059, 0x800c, 0x800c, 0x80b5, 0x800c, 0x7fcf, 0x801c, 0x7ffd,
   0x804a, 0x800c, 0x800c, 0x800c, 0x8059, 0x800c, 0x803a, 0x803a, 0x803a,
   0x8096, 0x8059, 0x800c, 0x804a, 0x8078, 0x7fde, 0x7fee, 0x7fde, 0x800c,
   0x7ffd, 0x7fde, 0x7fde, 0x803a, 0x7fc0, 0x7fcf, 0x7fde, 0x7f92, 0x7fc0,
   0x7ffd, 0x800c, 0x7fee, 0x802b, 0x7fde, 0x7fc0, 0x7ffd, 0x800c, 0x800c,
   0x7fee, 0x7fa1, 0x801c, 0x7ffd, 0x7fcf, 0x7ffd, 0x7fee, 0x7fc0, 0x7fcf,
   0x7fde, 0x800c, 0x803a, 0x7fde, 0x804a, 0x7ffd, 0x804a, 0x7ffd, 0x7fc0,
   0x7fc0, 0x7fb0, 0x7f92, 0x7fcf, 0x802b, 0x802b, 0x7fde, 0x7fcf, 0x8068,
   0x801c, 0x7fcf, 0x7fde, 0x800c, 0x7fee, 0x7fcf, 0x7fc0, 0x801c, 0x7fcf,
   0x7fcf, 0x7fc0, 0x800c, 0x800c, 0x7ffd, 0x7fb0, 0x7fee, 0x7ffd, 0x800c,
   0x800c, 0x7fde, 0x7fb0, 0x7fcf, 0x801c, 0x8059, 0x7ffd, 0x7fb0, 0x7f92,
   0x7fc0, 0x7fee, 0x800c, 0x800c, 0x803a, 0x801c, 0x803a, 0x802b, 0x800c,
   0x801c, 0x802b, 0x8068, 0x803a, 0x7fc0, 0x7fde, 0x800c, 0x800c, 0x7ffd,
   0x802b, 0x802b, 0x803a, 0x803a, 0x800c, 0x7fee, 0x801c, 0x7ffd, 0x803a,
   0x7fee, 0x7fcf, 0x801c, 0x803a, 0x8068, 0x8068, 0x804a, 0x800c, 0x801c,
   0x7f82, 0x7fc0, 0x7fcf, 0x7ffd, 0x7ffd, 0x7fcf, 0x800c, 0x7fee, 0x800c,
   0x800c, 0x7fc0, 0x801c
};

